solid ASCII
  facet normal 9.941380e-01 1.081190e-01 0.000000e+00
    outer loop
      vertex   -1.953241e+00 -1.598419e+01 -4.657629e+00
      vertex   -1.953241e+00 -1.598419e+01 -6.257629e+00
      vertex   -2.000000e+00 -1.555424e+01 -4.657629e+00
    endloop
  endfacet
  facet normal 9.941380e-01 1.081190e-01 0.000000e+00
    outer loop
      vertex   -2.000000e+00 -1.555424e+01 -4.657629e+00
      vertex   -1.953241e+00 -1.598419e+01 -6.257629e+00
      vertex   -2.000000e+00 -1.555424e+01 -6.257629e+00
    endloop
  endfacet
  facet normal 9.941380e-01 -1.081190e-01 0.000000e+00
    outer loop
      vertex   -2.000000e+00 -1.555424e+01 -4.657629e+00
      vertex   -2.000000e+00 -1.555424e+01 -6.257629e+00
      vertex   -1.953241e+00 -1.512430e+01 -4.657629e+00
    endloop
  endfacet
  facet normal 9.941380e-01 -1.081190e-01 0.000000e+00
    outer loop
      vertex   -1.953241e+00 -1.512430e+01 -4.657629e+00
      vertex   -2.000000e+00 -1.555424e+01 -6.257629e+00
      vertex   -1.953241e+00 -1.512430e+01 -6.257629e+00
    endloop
  endfacet
  facet normal 9.476532e-01 -3.193015e-01 0.000000e+00
    outer loop
      vertex   -1.953241e+00 -1.512430e+01 -4.657629e+00
      vertex   -1.953241e+00 -1.512430e+01 -6.257629e+00
      vertex   -1.815151e+00 -1.471447e+01 -4.657629e+00
    endloop
  endfacet
  facet normal 9.476532e-01 -3.193015e-01 0.000000e+00
    outer loop
      vertex   -1.815151e+00 -1.471447e+01 -4.657629e+00
      vertex   -1.953241e+00 -1.512430e+01 -6.257629e+00
      vertex   -1.815151e+00 -1.471447e+01 -6.257629e+00
    endloop
  endfacet
  facet normal 8.568572e-01 -5.155539e-01 0.000000e+00
    outer loop
      vertex   -1.815151e+00 -1.471447e+01 -4.657629e+00
      vertex   -1.815151e+00 -1.471447e+01 -6.257629e+00
      vertex   -1.592186e+00 -1.434390e+01 -4.657629e+00
    endloop
  endfacet
  facet normal 8.568572e-01 -5.155539e-01 9.672848e-17
    outer loop
      vertex   -1.592186e+00 -1.434390e+01 -4.657629e+00
      vertex   -1.815151e+00 -1.471447e+01 -6.257629e+00
      vertex   -1.592186e+00 -1.434390e+01 -6.257629e+00
    endloop
  endfacet
  facet normal 7.259955e-01 -6.876995e-01 3.604913e-16
    outer loop
      vertex   -1.592186e+00 -1.434390e+01 -4.657629e+00
      vertex   -1.592186e+00 -1.434390e+01 -6.257629e+00
      vertex   -1.294773e+00 -1.402992e+01 -4.657629e+00
    endloop
  endfacet
  facet normal 7.259955e-01 -6.876995e-01 -2.015042e-16
    outer loop
      vertex   -1.294773e+00 -1.402992e+01 -4.657629e+00
      vertex   -1.592186e+00 -1.434390e+01 -6.257629e+00
      vertex   -1.294773e+00 -1.402992e+01 -6.257629e+00
    endloop
  endfacet
  facet normal 5.611871e-01 -8.276890e-01 -1.557607e-16
    outer loop
      vertex   -1.294773e+00 -1.402992e+01 -4.657629e+00
      vertex   -1.294773e+00 -1.402992e+01 -6.257629e+00
      vertex   -9.368169e-01 -1.378722e+01 -4.657629e+00
    endloop
  endfacet
  facet normal 5.611871e-01 -8.276890e-01 -2.336411e-16
    outer loop
      vertex   -9.368169e-01 -1.378722e+01 -4.657629e+00
      vertex   -1.294773e+00 -1.402992e+01 -6.257629e+00
      vertex   -9.368169e-01 -1.378722e+01 -6.257629e+00
    endloop
  endfacet
  facet normal 3.701382e-01 -9.289767e-01 -1.541010e-16
    outer loop
      vertex   -9.368169e-01 -1.378722e+01 -4.657629e+00
      vertex   -9.368169e-01 -1.378722e+01 -6.257629e+00
      vertex   -5.350567e-01 -1.362714e+01 -4.657629e+00
    endloop
  endfacet
  facet normal 3.701382e-01 -9.289767e-01 8.002199e-16
    outer loop
      vertex   -5.350567e-01 -1.362714e+01 -4.657629e+00
      vertex   -9.368169e-01 -1.378722e+01 -6.257629e+00
      vertex   -5.350567e-01 -1.362714e+01 -6.257629e+00
    endloop
  endfacet
  facet normal 1.617820e-01 -9.868265e-01 9.945646e-16
    outer loop
      vertex   -5.350567e-01 -1.362714e+01 -4.657629e+00
      vertex   -5.350567e-01 -1.362714e+01 -6.257629e+00
      vertex   -1.082778e-01 -1.355718e+01 -4.657629e+00
    endloop
  endfacet
  facet normal 1.617820e-01 -9.868265e-01 -4.350029e-17
    outer loop
      vertex   -1.082778e-01 -1.355718e+01 -4.657629e+00
      vertex   -5.350567e-01 -1.362714e+01 -6.257629e+00
      vertex   -1.082778e-01 -1.355718e+01 -6.257629e+00
    endloop
  endfacet
  facet normal -5.413891e-02 -9.985334e-01 1.455699e-17
    outer loop
      vertex   -1.082778e-01 -1.355718e+01 -4.657629e+00
      vertex   -1.082778e-01 -1.355718e+01 -6.257629e+00
      vertex   3.235640e-01 -1.358059e+01 -4.657629e+00
    endloop
  endfacet
  facet normal -5.413891e-02 -9.985334e-01 1.690489e-17
    outer loop
      vertex   3.235640e-01 -1.358059e+01 -4.657629e+00
      vertex   -1.082778e-01 -1.355718e+01 -6.257629e+00
      vertex   3.235640e-01 -1.358059e+01 -6.257629e+00
    endloop
  endfacet
  facet normal -2.675283e-01 -9.635500e-01 8.353578e-17
    outer loop
      vertex   3.235640e-01 -1.358059e+01 -4.657629e+00
      vertex   3.235640e-01 -1.358059e+01 -6.257629e+00
      vertex   7.402763e-01 -1.369629e+01 -4.657629e+00
    endloop
  endfacet
  facet normal -2.675283e-01 -9.635500e-01 9.281754e-17
    outer loop
      vertex   7.402763e-01 -1.369629e+01 -4.657629e+00
      vertex   3.235640e-01 -1.358059e+01 -6.257629e+00
      vertex   7.402763e-01 -1.369629e+01 -6.257629e+00
    endloop
  endfacet
  facet normal -4.684084e-01 -8.835120e-01 1.625118e-16
    outer loop
      vertex   7.402763e-01 -1.369629e+01 -4.657629e+00
      vertex   7.402763e-01 -1.369629e+01 -6.257629e+00
      vertex   1.122374e+00 -1.389887e+01 -4.657629e+00
    endloop
  endfacet
  facet normal -4.684084e-01 -8.835120e-01 -0.000000e+00
    outer loop
      vertex   1.122374e+00 -1.389887e+01 -4.657629e+00
      vertex   7.402763e-01 -1.369629e+01 -6.257629e+00
      vertex   1.122374e+00 -1.389887e+01 -6.257629e+00
    endloop
  endfacet
  facet normal -6.473863e-01 -7.621621e-01 -0.000000e+00
    outer loop
      vertex   1.122374e+00 -1.389887e+01 -4.657629e+00
      vertex   1.122374e+00 -1.389887e+01 -6.257629e+00
      vertex   1.451991e+00 -1.417885e+01 -4.657629e+00
    endloop
  endfacet
  facet normal -6.473863e-01 -7.621621e-01 1.796858e-16
    outer loop
      vertex   1.451991e+00 -1.417885e+01 -4.657629e+00
      vertex   1.122374e+00 -1.389887e+01 -6.257629e+00
      vertex   1.451991e+00 -1.417885e+01 -6.257629e+00
    endloop
  endfacet
  facet normal -7.960931e-01 -6.051742e-01 2.209602e-16
    outer loop
      vertex   1.451991e+00 -1.417885e+01 -4.657629e+00
      vertex   1.451991e+00 -1.417885e+01 -6.257629e+00
      vertex   1.713714e+00 -1.452314e+01 -4.657629e+00
    endloop
  endfacet
  facet normal -7.960931e-01 -6.051742e-01 -4.509181e-16
    outer loop
      vertex   1.713714e+00 -1.452314e+01 -4.657629e+00
      vertex   1.451991e+00 -1.417885e+01 -6.257629e+00
      vertex   1.713714e+00 -1.452314e+01 -6.257629e+00
    endloop
  endfacet
  facet normal -9.075754e-01 -4.198891e-01 -2.142678e-16
    outer loop
      vertex   1.713714e+00 -1.452314e+01 -4.657629e+00
      vertex   1.713714e+00 -1.452314e+01 -6.257629e+00
      vertex   1.895306e+00 -1.491564e+01 -4.657629e+00
    endloop
  endfacet
  facet normal -9.075754e-01 -4.198891e-01 -3.402192e-16
    outer loop
      vertex   1.895306e+00 -1.491564e+01 -4.657629e+00
      vertex   1.713714e+00 -1.452314e+01 -6.257629e+00
      vertex   1.895306e+00 -1.491564e+01 -6.257629e+00
    endloop
  endfacet
  facet normal -9.766206e-01 -2.149704e-01 -1.031318e-16
    outer loop
      vertex   1.895306e+00 -1.491564e+01 -4.657629e+00
      vertex   1.895306e+00 -1.491564e+01 -6.257629e+00
      vertex   1.988276e+00 -1.533801e+01 -4.657629e+00
    endloop
  endfacet
  facet normal -9.766206e-01 -2.149704e-01 -0.000000e+00
    outer loop
      vertex   1.988276e+00 -1.533801e+01 -4.657629e+00
      vertex   1.895306e+00 -1.491564e+01 -6.257629e+00
      vertex   1.988276e+00 -1.533801e+01 -6.257629e+00
    endloop
  endfacet
  facet normal -1.000000e+00 -0.000000e+00 -0.000000e+00
    outer loop
      vertex   1.988276e+00 -1.533801e+01 -4.657629e+00
      vertex   1.988276e+00 -1.533801e+01 -6.257629e+00
      vertex   1.988276e+00 -1.577048e+01 -4.657629e+00
    endloop
  endfacet
  facet normal -1.000000e+00 0.000000e+00 0.000000e+00
    outer loop
      vertex   1.988276e+00 -1.577048e+01 -4.657629e+00
      vertex   1.988276e+00 -1.533801e+01 -6.257629e+00
      vertex   1.988276e+00 -1.577048e+01 -6.257629e+00
    endloop
  endfacet
  facet normal -9.766206e-01 2.149704e-01 0.000000e+00
    outer loop
      vertex   1.988276e+00 -1.577048e+01 -4.657629e+00
      vertex   1.988276e+00 -1.577048e+01 -6.257629e+00
      vertex   1.895306e+00 -1.619285e+01 -4.657629e+00
    endloop
  endfacet
  facet normal -9.766206e-01 2.149704e-01 3.417969e-16
    outer loop
      vertex   1.895306e+00 -1.619285e+01 -4.657629e+00
      vertex   1.988276e+00 -1.577048e+01 -6.257629e+00
      vertex   1.895306e+00 -1.619285e+01 -6.257629e+00
    endloop
  endfacet
  facet normal -9.075754e-01 4.198891e-01 8.063897e-16
    outer loop
      vertex   1.895306e+00 -1.619285e+01 -4.657629e+00
      vertex   1.895306e+00 -1.619285e+01 -6.257629e+00
      vertex   1.713714e+00 -1.658535e+01 -4.657629e+00
    endloop
  endfacet
  facet normal -9.075754e-01 4.198891e-01 6.804383e-16
    outer loop
      vertex   1.713714e+00 -1.658535e+01 -4.657629e+00
      vertex   1.895306e+00 -1.619285e+01 -6.257629e+00
      vertex   1.713714e+00 -1.658535e+01 -6.257629e+00
    endloop
  endfacet
  facet normal -7.960931e-01 6.051742e-01 1.122796e-15
    outer loop
      vertex   1.713714e+00 -1.658535e+01 -4.657629e+00
      vertex   1.713714e+00 -1.658535e+01 -6.257629e+00
      vertex   1.451991e+00 -1.692964e+01 -4.657629e+00
    endloop
  endfacet
  facet normal -7.960931e-01 6.051742e-01 -2.209602e-16
    outer loop
      vertex   1.451991e+00 -1.692964e+01 -4.657629e+00
      vertex   1.713714e+00 -1.658535e+01 -6.257629e+00
      vertex   1.451991e+00 -1.692964e+01 -6.257629e+00
    endloop
  endfacet
  facet normal -6.473863e-01 7.621621e-01 -1.796858e-16
    outer loop
      vertex   1.451991e+00 -1.692964e+01 -4.657629e+00
      vertex   1.451991e+00 -1.692964e+01 -6.257629e+00
      vertex   1.122374e+00 -1.720962e+01 -4.657629e+00
    endloop
  endfacet
  facet normal -6.473863e-01 7.621621e-01 0.000000e+00
    outer loop
      vertex   1.122374e+00 -1.720962e+01 -4.657629e+00
      vertex   1.451991e+00 -1.692964e+01 -6.257629e+00
      vertex   1.122374e+00 -1.720962e+01 -6.257629e+00
    endloop
  endfacet
  facet normal -4.684084e-01 8.835120e-01 0.000000e+00
    outer loop
      vertex   1.122374e+00 -1.720962e+01 -4.657629e+00
      vertex   1.122374e+00 -1.720962e+01 -6.257629e+00
      vertex   7.402763e-01 -1.741220e+01 -4.657629e+00
    endloop
  endfacet
  facet normal -4.684084e-01 8.835120e-01 -1.625118e-16
    outer loop
      vertex   7.402763e-01 -1.741220e+01 -4.657629e+00
      vertex   1.122374e+00 -1.720962e+01 -6.257629e+00
      vertex   7.402763e-01 -1.741220e+01 -6.257629e+00
    endloop
  endfacet
  facet normal -2.675283e-01 9.635500e-01 -9.281754e-17
    outer loop
      vertex   7.402763e-01 -1.741220e+01 -4.657629e+00
      vertex   7.402763e-01 -1.741220e+01 -6.257629e+00
      vertex   3.235640e-01 -1.752790e+01 -4.657629e+00
    endloop
  endfacet
  facet normal -2.675283e-01 9.635500e-01 -8.353578e-17
    outer loop
      vertex   3.235640e-01 -1.752790e+01 -4.657629e+00
      vertex   7.402763e-01 -1.741220e+01 -6.257629e+00
      vertex   3.235640e-01 -1.752790e+01 -6.257629e+00
    endloop
  endfacet
  facet normal -5.413891e-02 9.985334e-01 -1.690489e-17
    outer loop
      vertex   3.235640e-01 -1.752790e+01 -4.657629e+00
      vertex   3.235640e-01 -1.752790e+01 -6.257629e+00
      vertex   -1.082778e-01 -1.755131e+01 -4.657629e+00
    endloop
  endfacet
  facet normal -5.413891e-02 9.985334e-01 -1.455699e-17
    outer loop
      vertex   -1.082778e-01 -1.755131e+01 -4.657629e+00
      vertex   3.235640e-01 -1.752790e+01 -6.257629e+00
      vertex   -1.082778e-01 -1.755131e+01 -6.257629e+00
    endloop
  endfacet
  facet normal 1.617820e-01 9.868265e-01 4.350029e-17
    outer loop
      vertex   -1.082778e-01 -1.755131e+01 -4.657629e+00
      vertex   -1.082778e-01 -1.755131e+01 -6.257629e+00
      vertex   -5.350567e-01 -1.748134e+01 -4.657629e+00
    endloop
  endfacet
  facet normal 1.617820e-01 9.868265e-01 -2.090162e-15
    outer loop
      vertex   -5.350567e-01 -1.748134e+01 -4.657629e+00
      vertex   -1.082778e-01 -1.755131e+01 -6.257629e+00
      vertex   -5.350567e-01 -1.748134e+01 -6.257629e+00
    endloop
  endfacet
  facet normal 3.701382e-01 9.289767e-01 -1.831591e-15
    outer loop
      vertex   -5.350567e-01 -1.748134e+01 -4.657629e+00
      vertex   -5.350567e-01 -1.748134e+01 -6.257629e+00
      vertex   -9.368169e-01 -1.732127e+01 -4.657629e+00
    endloop
  endfacet
  facet normal 3.701382e-01 9.289767e-01 1.541010e-16
    outer loop
      vertex   -9.368169e-01 -1.732127e+01 -4.657629e+00
      vertex   -5.350567e-01 -1.748134e+01 -6.257629e+00
      vertex   -9.368169e-01 -1.732127e+01 -6.257629e+00
    endloop
  endfacet
  facet normal 5.611871e-01 8.276890e-01 2.336411e-16
    outer loop
      vertex   -9.368169e-01 -1.732127e+01 -4.657629e+00
      vertex   -9.368169e-01 -1.732127e+01 -6.257629e+00
      vertex   -1.294773e+00 -1.707857e+01 -4.657629e+00
    endloop
  endfacet
  facet normal 5.611871e-01 8.276890e-01 1.557607e-16
    outer loop
      vertex   -1.294773e+00 -1.707857e+01 -4.657629e+00
      vertex   -9.368169e-01 -1.732127e+01 -6.257629e+00
      vertex   -1.294773e+00 -1.707857e+01 -6.257629e+00
    endloop
  endfacet
  facet normal 7.259955e-01 6.876995e-01 2.015042e-16
    outer loop
      vertex   -1.294773e+00 -1.707857e+01 -4.657629e+00
      vertex   -1.294773e+00 -1.707857e+01 -6.257629e+00
      vertex   -1.592186e+00 -1.676459e+01 -4.657629e+00
    endloop
  endfacet
  facet normal 7.259955e-01 6.876995e-01 -1.123991e-15
    outer loop
      vertex   -1.592186e+00 -1.676459e+01 -4.657629e+00
      vertex   -1.294773e+00 -1.707857e+01 -6.257629e+00
      vertex   -1.592186e+00 -1.676459e+01 -6.257629e+00
    endloop
  endfacet
  facet normal 8.568572e-01 5.155539e-01 -6.691082e-16
    outer loop
      vertex   -1.592186e+00 -1.676459e+01 -4.657629e+00
      vertex   -1.592186e+00 -1.676459e+01 -6.257629e+00
      vertex   -1.815151e+00 -1.639402e+01 -4.657629e+00
    endloop
  endfacet
  facet normal 8.568572e-01 5.155539e-01 0.000000e+00
    outer loop
      vertex   -1.815151e+00 -1.639402e+01 -4.657629e+00
      vertex   -1.592186e+00 -1.676459e+01 -6.257629e+00
      vertex   -1.815151e+00 -1.639402e+01 -6.257629e+00
    endloop
  endfacet
  facet normal 9.476532e-01 3.193015e-01 0.000000e+00
    outer loop
      vertex   -1.815151e+00 -1.639402e+01 -4.657629e+00
      vertex   -1.815151e+00 -1.639402e+01 -6.257629e+00
      vertex   -1.953241e+00 -1.598419e+01 -4.657629e+00
    endloop
  endfacet
  facet normal 9.476532e-01 3.193015e-01 0.000000e+00
    outer loop
      vertex   -1.953241e+00 -1.598419e+01 -4.657629e+00
      vertex   -1.815151e+00 -1.639402e+01 -6.257629e+00
      vertex   -1.953241e+00 -1.598419e+01 -6.257629e+00
    endloop
  endfacet
  facet normal -4.328882e-15 1.000000e+00 0.000000e+00
    outer loop
      vertex   9.088333e+00 -6.178601e+00 -2.157629e+00
      vertex   8.883158e+00 -6.178601e+00 -2.157629e+00
      vertex   9.088333e+00 -6.178601e+00 -6.576289e-01
    endloop
  endfacet
  facet normal -4.328882e-15 1.000000e+00 0.000000e+00
    outer loop
      vertex   9.088333e+00 -6.178601e+00 -6.576289e-01
      vertex   8.883158e+00 -6.178601e+00 -2.157629e+00
      vertex   8.883158e+00 -6.178601e+00 -6.576289e-01
    endloop
  endfacet
  facet normal -1.305262e-01 9.914449e-01 0.000000e+00
    outer loop
      vertex   8.883158e+00 -6.178601e+00 -6.576289e-01
      vertex   8.883158e+00 -6.178601e+00 -2.157629e+00
      vertex   8.799042e+00 -6.189675e+00 -6.576289e-01
    endloop
  endfacet
  facet normal -1.305262e-01 9.914449e-01 0.000000e+00
    outer loop
      vertex   8.799042e+00 -6.189675e+00 -6.576289e-01
      vertex   8.883158e+00 -6.178601e+00 -2.157629e+00
      vertex   8.799042e+00 -6.189675e+00 -2.157629e+00
    endloop
  endfacet
  facet normal -3.826834e-01 9.238795e-01 0.000000e+00
    outer loop
      vertex   8.799042e+00 -6.189675e+00 -6.576289e-01
      vertex   8.799042e+00 -6.189675e+00 -2.157629e+00
      vertex   8.720659e+00 -6.222143e+00 -6.576289e-01
    endloop
  endfacet
  facet normal -3.826834e-01 9.238795e-01 -1.094093e-15
    outer loop
      vertex   8.720659e+00 -6.222143e+00 -6.576289e-01
      vertex   8.799042e+00 -6.189675e+00 -2.157629e+00
      vertex   8.720659e+00 -6.222143e+00 -2.157629e+00
    endloop
  endfacet
  facet normal -6.087614e-01 7.933533e-01 -9.395191e-16
    outer loop
      vertex   8.720659e+00 -6.222143e+00 -6.576289e-01
      vertex   8.720659e+00 -6.222143e+00 -2.157629e+00
      vertex   8.653349e+00 -6.273792e+00 -6.576289e-01
    endloop
  endfacet
  facet normal -6.087614e-01 7.933533e-01 0.000000e+00
    outer loop
      vertex   8.653349e+00 -6.273792e+00 -6.576289e-01
      vertex   8.720659e+00 -6.222143e+00 -2.157629e+00
      vertex   8.653349e+00 -6.273792e+00 -2.157629e+00
    endloop
  endfacet
  facet normal -7.933533e-01 6.087614e-01 0.000000e+00
    outer loop
      vertex   8.653349e+00 -6.273792e+00 -6.576289e-01
      vertex   8.653349e+00 -6.273792e+00 -2.157629e+00
      vertex   8.601700e+00 -6.341101e+00 -6.576289e-01
    endloop
  endfacet
  facet normal -7.933533e-01 6.087614e-01 -1.299978e-15
    outer loop
      vertex   8.601700e+00 -6.341101e+00 -6.576289e-01
      vertex   8.653349e+00 -6.273792e+00 -2.157629e+00
      vertex   8.601700e+00 -6.341101e+00 -2.157629e+00
    endloop
  endfacet
  facet normal -9.238795e-01 3.826834e-01 -1.320687e-15
    outer loop
      vertex   8.601700e+00 -6.341101e+00 -6.576289e-01
      vertex   8.601700e+00 -6.341101e+00 -2.157629e+00
      vertex   8.569233e+00 -6.419485e+00 -6.576289e-01
    endloop
  endfacet
  facet normal -9.238795e-01 3.826834e-01 0.000000e+00
    outer loop
      vertex   8.569233e+00 -6.419485e+00 -6.576289e-01
      vertex   8.601700e+00 -6.341101e+00 -2.157629e+00
      vertex   8.569233e+00 -6.419485e+00 -2.157629e+00
    endloop
  endfacet
  facet normal -9.914449e-01 1.305262e-01 0.000000e+00
    outer loop
      vertex   8.569233e+00 -6.419485e+00 -6.576289e-01
      vertex   8.569233e+00 -6.419485e+00 -2.157629e+00
      vertex   8.558159e+00 -6.503601e+00 -6.576289e-01
    endloop
  endfacet
  facet normal -9.914449e-01 1.305262e-01 0.000000e+00
    outer loop
      vertex   8.558159e+00 -6.503601e+00 -6.576289e-01
      vertex   8.569233e+00 -6.419485e+00 -2.157629e+00
      vertex   8.558159e+00 -6.503601e+00 -2.157629e+00
    endloop
  endfacet
  facet normal -9.914449e-01 -1.305262e-01 -0.000000e+00
    outer loop
      vertex   8.558159e+00 -6.503601e+00 -6.576289e-01
      vertex   8.558159e+00 -6.503601e+00 -2.157629e+00
      vertex   8.569233e+00 -6.587717e+00 -6.576289e-01
    endloop
  endfacet
  facet normal -9.914449e-01 -1.305262e-01 -0.000000e+00
    outer loop
      vertex   8.569233e+00 -6.587717e+00 -6.576289e-01
      vertex   8.558159e+00 -6.503601e+00 -2.157629e+00
      vertex   8.569233e+00 -6.587717e+00 -2.157629e+00
    endloop
  endfacet
  facet normal -9.238795e-01 -3.826834e-01 -0.000000e+00
    outer loop
      vertex   8.569233e+00 -6.587717e+00 -6.576289e-01
      vertex   8.569233e+00 -6.587717e+00 -2.157629e+00
      vertex   8.601700e+00 -6.666101e+00 -6.576289e-01
    endloop
  endfacet
  facet normal -9.238795e-01 -3.826834e-01 -6.409049e-16
    outer loop
      vertex   8.601700e+00 -6.666101e+00 -6.576289e-01
      vertex   8.569233e+00 -6.587717e+00 -2.157629e+00
      vertex   8.601700e+00 -6.666101e+00 -2.157629e+00
    endloop
  endfacet
  facet normal -7.933533e-01 -6.087614e-01 -2.186007e-16
    outer loop
      vertex   8.601700e+00 -6.666101e+00 -6.576289e-01
      vertex   8.601700e+00 -6.666101e+00 -2.157629e+00
      vertex   8.653349e+00 -6.733410e+00 -6.576289e-01
    endloop
  endfacet
  facet normal -7.933533e-01 -6.087614e-01 -0.000000e+00
    outer loop
      vertex   8.653349e+00 -6.733410e+00 -6.576289e-01
      vertex   8.601700e+00 -6.666101e+00 -2.157629e+00
      vertex   8.653349e+00 -6.733410e+00 -2.157629e+00
    endloop
  endfacet
  facet normal -6.087614e-01 -7.933533e-01 -0.000000e+00
    outer loop
      vertex   8.653349e+00 -6.733410e+00 -6.576289e-01
      vertex   8.653349e+00 -6.733410e+00 -2.157629e+00
      vertex   8.720659e+00 -6.785059e+00 -6.576289e-01
    endloop
  endfacet
  facet normal -6.087614e-01 -7.933533e-01 -1.190678e-15
    outer loop
      vertex   8.720659e+00 -6.785059e+00 -6.576289e-01
      vertex   8.653349e+00 -6.733410e+00 -2.157629e+00
      vertex   8.720659e+00 -6.785059e+00 -2.157629e+00
    endloop
  endfacet
  facet normal -3.826834e-01 -9.238795e-01 -1.000235e-15
    outer loop
      vertex   8.720659e+00 -6.785059e+00 -6.576289e-01
      vertex   8.720659e+00 -6.785059e+00 -2.157629e+00
      vertex   8.799042e+00 -6.817526e+00 -6.576289e-01
    endloop
  endfacet
  facet normal -3.826834e-01 -9.238795e-01 -0.000000e+00
    outer loop
      vertex   8.799042e+00 -6.817526e+00 -6.576289e-01
      vertex   8.720659e+00 -6.785059e+00 -2.157629e+00
      vertex   8.799042e+00 -6.817526e+00 -2.157629e+00
    endloop
  endfacet
  facet normal -1.305262e-01 -9.914449e-01 -0.000000e+00
    outer loop
      vertex   8.799042e+00 -6.817526e+00 -6.576289e-01
      vertex   8.799042e+00 -6.817526e+00 -2.157629e+00
      vertex   8.883158e+00 -6.828600e+00 -6.576289e-01
    endloop
  endfacet
  facet normal -1.305262e-01 -9.914449e-01 -0.000000e+00
    outer loop
      vertex   8.883158e+00 -6.828600e+00 -6.576289e-01
      vertex   8.799042e+00 -6.817526e+00 -2.157629e+00
      vertex   8.883158e+00 -6.828600e+00 -2.157629e+00
    endloop
  endfacet
  facet normal 4.328882e-15 -1.000000e+00 0.000000e+00
    outer loop
      vertex   8.883158e+00 -6.828600e+00 -2.157629e+00
      vertex   9.088333e+00 -6.828600e+00 -2.157629e+00
      vertex   8.883158e+00 -6.828600e+00 -6.576289e-01
    endloop
  endfacet
  facet normal 4.328882e-15 -1.000000e+00 0.000000e+00
    outer loop
      vertex   8.883158e+00 -6.828600e+00 -6.576289e-01
      vertex   9.088333e+00 -6.828600e+00 -2.157629e+00
      vertex   9.088333e+00 -6.828600e+00 -6.576289e-01
    endloop
  endfacet
  facet normal -1.000000e+00 -6.579096e-15 0.000000e+00
    outer loop
      vertex   9.088333e+00 -6.828600e+00 -2.157629e+00
      vertex   9.088333e+00 -8.718601e+00 -2.157629e+00
      vertex   9.088333e+00 -6.828600e+00 -6.576289e-01
    endloop
  endfacet
  facet normal -1.000000e+00 -6.579096e-15 0.000000e+00
    outer loop
      vertex   9.088333e+00 -6.828600e+00 -6.576289e-01
      vertex   9.088333e+00 -8.718601e+00 -2.157629e+00
      vertex   9.088333e+00 -8.718601e+00 -6.576289e-01
    endloop
  endfacet
  facet normal -1.000000e+00 -6.896560e-15 -0.000000e+00
    outer loop
      vertex   9.088333e+00 -6.178601e+00 -6.576289e-01
      vertex   9.088333e+00 7.215112e+00 -6.576289e-01
      vertex   9.088333e+00 -6.178601e+00 -2.157629e+00
    endloop
  endfacet
  facet normal -1.000000e+00 -6.896560e-15 1.005190e-29
    outer loop
      vertex   9.088333e+00 -6.178601e+00 -2.157629e+00
      vertex   9.088333e+00 7.215112e+00 -6.576289e-01
      vertex   9.088333e+00 7.215112e+00 -2.157629e+00
    endloop
  endfacet
  facet normal 4.554039e-15 -1.000000e+00 0.000000e+00
    outer loop
      vertex   -9.091667e+00 -6.828601e+00 -2.157629e+00
      vertex   -8.896636e+00 -6.828601e+00 -2.157629e+00
      vertex   -9.091667e+00 -6.828601e+00 -6.576289e-01
    endloop
  endfacet
  facet normal 4.554039e-15 -1.000000e+00 0.000000e+00
    outer loop
      vertex   -9.091667e+00 -6.828601e+00 -6.576289e-01
      vertex   -8.896636e+00 -6.828601e+00 -2.157629e+00
      vertex   -8.896636e+00 -6.828601e+00 -6.576289e-01
    endloop
  endfacet
  facet normal 1.211818e-01 -9.926303e-01 0.000000e+00
    outer loop
      vertex   -8.896636e+00 -6.828601e+00 -6.576289e-01
      vertex   -8.896636e+00 -6.828601e+00 -2.157629e+00
      vertex   -8.818853e+00 -6.819105e+00 -6.576289e-01
    endloop
  endfacet
  facet normal 1.211818e-01 -9.926303e-01 1.435081e-16
    outer loop
      vertex   -8.818853e+00 -6.819105e+00 -6.576289e-01
      vertex   -8.896636e+00 -6.828601e+00 -2.157629e+00
      vertex   -8.818853e+00 -6.819105e+00 -2.157629e+00
    endloop
  endfacet
  facet normal 3.552474e-01 -9.347723e-01 4.206974e-16
    outer loop
      vertex   -8.818853e+00 -6.819105e+00 -6.576289e-01
      vertex   -8.818853e+00 -6.819105e+00 -2.157629e+00
      vertex   -8.745604e+00 -6.791268e+00 -2.157629e+00
    endloop
  endfacet
  facet normal 3.552474e-01 -9.347723e-01 0.000000e+00
    outer loop
      vertex   -8.818853e+00 -6.819105e+00 -6.576289e-01
      vertex   -8.745604e+00 -6.791268e+00 -2.157629e+00
      vertex   -8.745604e+00 -6.791268e+00 -6.576289e-01
    endloop
  endfacet
  facet normal 5.686596e-01 -8.225730e-01 0.000000e+00
    outer loop
      vertex   -8.745604e+00 -6.791268e+00 -6.576289e-01
      vertex   -8.745604e+00 -6.791268e+00 -2.157629e+00
      vertex   -8.681147e+00 -6.746707e+00 -2.157629e+00
    endloop
  endfacet
  facet normal 5.686596e-01 -8.225730e-01 0.000000e+00
    outer loop
      vertex   -8.745604e+00 -6.791268e+00 -6.576289e-01
      vertex   -8.681147e+00 -6.746707e+00 -2.157629e+00
      vertex   -8.681147e+00 -6.746707e+00 -6.576289e-01
    endloop
  endfacet
  facet normal 7.490136e-01 -6.625546e-01 0.000000e+00
    outer loop
      vertex   -8.681147e+00 -6.746707e+00 -6.576289e-01
      vertex   -8.681147e+00 -6.746707e+00 -2.157629e+00
      vertex   -8.629229e+00 -6.688014e+00 -2.157629e+00
    endloop
  endfacet
  facet normal 7.490136e-01 -6.625546e-01 0.000000e+00
    outer loop
      vertex   -8.681147e+00 -6.746707e+00 -6.576289e-01
      vertex   -8.629229e+00 -6.688014e+00 -2.157629e+00
      vertex   -8.629229e+00 -6.688014e+00 -6.576289e-01
    endloop
  endfacet
  facet normal 8.858249e-01 -4.640197e-01 0.000000e+00
    outer loop
      vertex   -8.629229e+00 -6.688014e+00 -6.576289e-01
      vertex   -8.629229e+00 -6.688014e+00 -2.157629e+00
      vertex   -8.592868e+00 -6.618601e+00 -2.157629e+00
    endloop
  endfacet
  facet normal 8.858249e-01 -4.640197e-01 0.000000e+00
    outer loop
      vertex   -8.629229e+00 -6.688014e+00 -6.576289e-01
      vertex   -8.592868e+00 -6.618601e+00 -2.157629e+00
      vertex   -8.592868e+00 -6.618601e+00 -6.576289e-01
    endloop
  endfacet
  facet normal 9.711401e-01 -2.385097e-01 0.000000e+00
    outer loop
      vertex   -8.592868e+00 -6.618601e+00 -6.576289e-01
      vertex   -8.592868e+00 -6.618601e+00 -2.157629e+00
      vertex   -8.574178e+00 -6.542502e+00 -2.157629e+00
    endloop
  endfacet
  facet normal 9.711401e-01 -2.385097e-01 0.000000e+00
    outer loop
      vertex   -8.592868e+00 -6.618601e+00 -6.576289e-01
      vertex   -8.574178e+00 -6.542502e+00 -2.157629e+00
      vertex   -8.574178e+00 -6.542502e+00 -6.576289e-01
    endloop
  endfacet
  facet normal 9.999996e-01 8.656638e-04 0.000000e+00
    outer loop
      vertex   -8.574178e+00 -6.542502e+00 -6.576289e-01
      vertex   -8.574178e+00 -6.542502e+00 -2.157629e+00
      vertex   -8.574246e+00 -6.464141e+00 -2.157629e+00
    endloop
  endfacet
  facet normal 9.999996e-01 8.656638e-04 0.000000e+00
    outer loop
      vertex   -8.574178e+00 -6.542502e+00 -6.576289e-01
      vertex   -8.574246e+00 -6.464141e+00 -2.157629e+00
      vertex   -8.574246e+00 -6.464141e+00 -6.576289e-01
    endloop
  endfacet
  facet normal 9.707257e-01 2.401907e-01 0.000000e+00
    outer loop
      vertex   -8.574246e+00 -6.464141e+00 -6.576289e-01
      vertex   -8.574246e+00 -6.464141e+00 -2.157629e+00
      vertex   -8.593067e+00 -6.388075e+00 -2.157629e+00
    endloop
  endfacet
  facet normal 9.707257e-01 2.401907e-01 0.000000e+00
    outer loop
      vertex   -8.574246e+00 -6.464141e+00 -6.576289e-01
      vertex   -8.593067e+00 -6.388075e+00 -2.157629e+00
      vertex   -8.593067e+00 -6.388075e+00 -6.576289e-01
    endloop
  endfacet
  facet normal 8.850202e-01 4.655527e-01 0.000000e+00
    outer loop
      vertex   -8.593067e+00 -6.388075e+00 -6.576289e-01
      vertex   -8.593067e+00 -6.388075e+00 -2.157629e+00
      vertex   -8.629548e+00 -6.318725e+00 -2.157629e+00
    endloop
  endfacet
  facet normal 8.850202e-01 4.655527e-01 0.000000e+00
    outer loop
      vertex   -8.593067e+00 -6.388075e+00 -6.576289e-01
      vertex   -8.629548e+00 -6.318725e+00 -2.157629e+00
      vertex   -8.629548e+00 -6.318725e+00 -6.576289e-01
    endloop
  endfacet
  facet normal 7.478654e-01 6.638504e-01 0.000000e+00
    outer loop
      vertex   -8.629548e+00 -6.318725e+00 -6.576289e-01
      vertex   -8.629548e+00 -6.318725e+00 -2.157629e+00
      vertex   -8.681568e+00 -6.260122e+00 -2.157629e+00
    endloop
  endfacet
  facet normal 7.478654e-01 6.638504e-01 0.000000e+00
    outer loop
      vertex   -8.629548e+00 -6.318725e+00 -6.576289e-01
      vertex   -8.681568e+00 -6.260122e+00 -2.157629e+00
      vertex   -8.681568e+00 -6.260122e+00 -6.576289e-01
    endloop
  endfacet
  facet normal 5.672346e-01 8.235563e-01 0.000000e+00
    outer loop
      vertex   -8.681568e+00 -6.260122e+00 -6.576289e-01
      vertex   -8.681568e+00 -6.260122e+00 -2.157629e+00
      vertex   -8.746102e+00 -6.215673e+00 -2.157629e+00
    endloop
  endfacet
  facet normal 5.672346e-01 8.235563e-01 0.000000e+00
    outer loop
      vertex   -8.681568e+00 -6.260122e+00 -6.576289e-01
      vertex   -8.746102e+00 -6.215673e+00 -2.157629e+00
      vertex   -8.746102e+00 -6.215673e+00 -6.576289e-01
    endloop
  endfacet
  facet normal 3.536285e-01 9.353860e-01 0.000000e+00
    outer loop
      vertex   -8.746102e+00 -6.215673e+00 -6.576289e-01
      vertex   -8.746102e+00 -6.215673e+00 -2.157629e+00
      vertex   -8.819399e+00 -6.187962e+00 -2.157629e+00
    endloop
  endfacet
  facet normal 3.536285e-01 9.353860e-01 0.000000e+00
    outer loop
      vertex   -8.746102e+00 -6.215673e+00 -6.576289e-01
      vertex   -8.819399e+00 -6.187962e+00 -2.157629e+00
      vertex   -8.819399e+00 -6.187962e+00 -6.576289e-01
    endloop
  endfacet
  facet normal 1.194647e-01 9.928384e-01 0.000000e+00
    outer loop
      vertex   -8.819399e+00 -6.187962e+00 -6.576289e-01
      vertex   -8.819399e+00 -6.187962e+00 -2.157629e+00
      vertex   -8.897198e+00 -6.178601e+00 -6.576289e-01
    endloop
  endfacet
  facet normal 1.194647e-01 9.928384e-01 0.000000e+00
    outer loop
      vertex   -8.897198e+00 -6.178601e+00 -6.576289e-01
      vertex   -8.819399e+00 -6.187962e+00 -2.157629e+00
      vertex   -8.897198e+00 -6.178601e+00 -2.157629e+00
    endloop
  endfacet
  facet normal -4.567216e-15 1.000000e+00 0.000000e+00
    outer loop
      vertex   -8.897198e+00 -6.178601e+00 -2.157629e+00
      vertex   -9.091667e+00 -6.178601e+00 -2.157629e+00
      vertex   -8.897198e+00 -6.178601e+00 -6.576289e-01
    endloop
  endfacet
  facet normal -4.567216e-15 1.000000e+00 0.000000e+00
    outer loop
      vertex   -8.897198e+00 -6.178601e+00 -6.576289e-01
      vertex   -9.091667e+00 -6.178601e+00 -2.157629e+00
      vertex   -9.091667e+00 -6.178601e+00 -6.576289e-01
    endloop
  endfacet
  facet normal 1.000000e+00 7.029187e-15 -0.000000e+00
    outer loop
      vertex   -9.091667e+00 -6.178601e+00 -2.157629e+00
      vertex   -9.091667e+00 7.215112e+00 -2.157629e+00
      vertex   -9.091667e+00 -6.178601e+00 -6.576289e-01
    endloop
  endfacet
  facet normal 1.000000e+00 7.029187e-15 0.000000e+00
    outer loop
      vertex   -9.091667e+00 -6.178601e+00 -6.576289e-01
      vertex   -9.091667e+00 7.215112e+00 -2.157629e+00
      vertex   -9.091667e+00 7.215112e+00 -6.576289e-01
    endloop
  endfacet
  facet normal 1.000000e+00 6.579098e-15 0.000000e+00
    outer loop
      vertex   -9.091667e+00 -6.828601e+00 -6.576289e-01
      vertex   -9.091667e+00 -8.718601e+00 -6.576289e-01
      vertex   -9.091667e+00 -6.828601e+00 -2.157629e+00
    endloop
  endfacet
  facet normal 1.000000e+00 6.579098e-15 0.000000e+00
    outer loop
      vertex   -9.091667e+00 -6.828601e+00 -2.157629e+00
      vertex   -9.091667e+00 -8.718601e+00 -6.576289e-01
      vertex   -9.091667e+00 -8.718601e+00 -2.157629e+00
    endloop
  endfacet
  facet normal -8.657763e-15 1.000000e+00 0.000000e+00
    outer loop
      vertex   9.088333e+00 -8.718601e+00 -2.157629e+00
      vertex   8.883158e+00 -8.718601e+00 -2.157629e+00
      vertex   9.088333e+00 -8.718601e+00 -6.576289e-01
    endloop
  endfacet
  facet normal -8.657763e-15 1.000000e+00 0.000000e+00
    outer loop
      vertex   9.088333e+00 -8.718601e+00 -6.576289e-01
      vertex   8.883158e+00 -8.718601e+00 -2.157629e+00
      vertex   8.883158e+00 -8.718601e+00 -6.576289e-01
    endloop
  endfacet
  facet normal -1.305262e-01 9.914449e-01 0.000000e+00
    outer loop
      vertex   8.883158e+00 -8.718601e+00 -6.576289e-01
      vertex   8.883158e+00 -8.718601e+00 -2.157629e+00
      vertex   8.799042e+00 -8.729675e+00 -6.576289e-01
    endloop
  endfacet
  facet normal -1.305262e-01 9.914449e-01 0.000000e+00
    outer loop
      vertex   8.799042e+00 -8.729675e+00 -6.576289e-01
      vertex   8.883158e+00 -8.718601e+00 -2.157629e+00
      vertex   8.799042e+00 -8.729675e+00 -2.157629e+00
    endloop
  endfacet
  facet normal -3.826834e-01 9.238795e-01 0.000000e+00
    outer loop
      vertex   8.799042e+00 -8.729675e+00 -6.576289e-01
      vertex   8.799042e+00 -8.729675e+00 -2.157629e+00
      vertex   8.720659e+00 -8.762143e+00 -6.576289e-01
    endloop
  endfacet
  facet normal -3.826834e-01 9.238795e-01 4.531882e-16
    outer loop
      vertex   8.720659e+00 -8.762143e+00 -6.576289e-01
      vertex   8.799042e+00 -8.729675e+00 -2.157629e+00
      vertex   8.720659e+00 -8.762143e+00 -2.157629e+00
    endloop
  endfacet
  facet normal -6.087614e-01 7.933533e-01 7.209184e-16
    outer loop
      vertex   8.720659e+00 -8.762143e+00 -6.576289e-01
      vertex   8.720659e+00 -8.762143e+00 -2.157629e+00
      vertex   8.653349e+00 -8.813792e+00 -6.576289e-01
    endloop
  endfacet
  facet normal -6.087614e-01 7.933533e-01 0.000000e+00
    outer loop
      vertex   8.653349e+00 -8.813792e+00 -6.576289e-01
      vertex   8.720659e+00 -8.762143e+00 -2.157629e+00
      vertex   8.653349e+00 -8.813792e+00 -2.157629e+00
    endloop
  endfacet
  facet normal -7.933533e-01 6.087614e-01 0.000000e+00
    outer loop
      vertex   8.653349e+00 -8.813792e+00 -6.576289e-01
      vertex   8.653349e+00 -8.813792e+00 -2.157629e+00
      vertex   8.601700e+00 -8.881101e+00 -6.576289e-01
    endloop
  endfacet
  facet normal -7.933533e-01 6.087614e-01 -7.209184e-16
    outer loop
      vertex   8.601700e+00 -8.881101e+00 -6.576289e-01
      vertex   8.653349e+00 -8.813792e+00 -2.157629e+00
      vertex   8.601700e+00 -8.881101e+00 -2.157629e+00
    endloop
  endfacet
  facet normal -9.238795e-01 3.826834e-01 -4.531882e-16
    outer loop
      vertex   8.601700e+00 -8.881101e+00 -6.576289e-01
      vertex   8.601700e+00 -8.881101e+00 -2.157629e+00
      vertex   8.569233e+00 -8.959485e+00 -6.576289e-01
    endloop
  endfacet
  facet normal -9.238795e-01 3.826834e-01 0.000000e+00
    outer loop
      vertex   8.569233e+00 -8.959485e+00 -6.576289e-01
      vertex   8.601700e+00 -8.881101e+00 -2.157629e+00
      vertex   8.569233e+00 -8.959485e+00 -2.157629e+00
    endloop
  endfacet
  facet normal -9.914449e-01 1.305262e-01 0.000000e+00
    outer loop
      vertex   8.569233e+00 -8.959485e+00 -6.576289e-01
      vertex   8.569233e+00 -8.959485e+00 -2.157629e+00
      vertex   8.558159e+00 -9.043601e+00 -6.576289e-01
    endloop
  endfacet
  facet normal -9.914449e-01 1.305262e-01 0.000000e+00
    outer loop
      vertex   8.558159e+00 -9.043601e+00 -6.576289e-01
      vertex   8.569233e+00 -8.959485e+00 -2.157629e+00
      vertex   8.558159e+00 -9.043601e+00 -2.157629e+00
    endloop
  endfacet
  facet normal -9.914449e-01 -1.305262e-01 -0.000000e+00
    outer loop
      vertex   8.558159e+00 -9.043601e+00 -6.576289e-01
      vertex   8.558159e+00 -9.043601e+00 -2.157629e+00
      vertex   8.569233e+00 -9.127717e+00 -6.576289e-01
    endloop
  endfacet
  facet normal -9.914449e-01 -1.305262e-01 -0.000000e+00
    outer loop
      vertex   8.569233e+00 -9.127717e+00 -6.576289e-01
      vertex   8.558159e+00 -9.043601e+00 -2.157629e+00
      vertex   8.569233e+00 -9.127717e+00 -2.157629e+00
    endloop
  endfacet
  facet normal -9.238795e-01 -3.826834e-01 -0.000000e+00
    outer loop
      vertex   8.569233e+00 -9.127717e+00 -6.576289e-01
      vertex   8.569233e+00 -9.127717e+00 -2.157629e+00
      vertex   8.601700e+00 -9.206101e+00 -6.576289e-01
    endloop
  endfacet
  facet normal -9.238795e-01 -3.826834e-01 4.531882e-16
    outer loop
      vertex   8.601700e+00 -9.206101e+00 -6.576289e-01
      vertex   8.569233e+00 -9.127717e+00 -2.157629e+00
      vertex   8.601700e+00 -9.206101e+00 -2.157629e+00
    endloop
  endfacet
  facet normal -7.933533e-01 -6.087614e-01 7.209184e-16
    outer loop
      vertex   8.601700e+00 -9.206101e+00 -6.576289e-01
      vertex   8.601700e+00 -9.206101e+00 -2.157629e+00
      vertex   8.653349e+00 -9.273410e+00 -6.576289e-01
    endloop
  endfacet
  facet normal -7.933533e-01 -6.087614e-01 -0.000000e+00
    outer loop
      vertex   8.653349e+00 -9.273410e+00 -6.576289e-01
      vertex   8.601700e+00 -9.206101e+00 -2.157629e+00
      vertex   8.653349e+00 -9.273410e+00 -2.157629e+00
    endloop
  endfacet
  facet normal -6.087614e-01 -7.933533e-01 -0.000000e+00
    outer loop
      vertex   8.653349e+00 -9.273410e+00 -6.576289e-01
      vertex   8.653349e+00 -9.273410e+00 -2.157629e+00
      vertex   8.720659e+00 -9.325059e+00 -6.576289e-01
    endloop
  endfacet
  facet normal -6.087614e-01 -7.933533e-01 -0.000000e+00
    outer loop
      vertex   8.720659e+00 -9.325059e+00 -6.576289e-01
      vertex   8.653349e+00 -9.273410e+00 -2.157629e+00
      vertex   8.720659e+00 -9.325059e+00 -2.157629e+00
    endloop
  endfacet
  facet normal -3.826834e-01 -9.238795e-01 -0.000000e+00
    outer loop
      vertex   8.720659e+00 -9.325059e+00 -6.576289e-01
      vertex   8.720659e+00 -9.325059e+00 -2.157629e+00
      vertex   8.799042e+00 -9.357526e+00 -6.576289e-01
    endloop
  endfacet
  facet normal -3.826834e-01 -9.238795e-01 -0.000000e+00
    outer loop
      vertex   8.799042e+00 -9.357526e+00 -6.576289e-01
      vertex   8.720659e+00 -9.325059e+00 -2.157629e+00
      vertex   8.799042e+00 -9.357526e+00 -2.157629e+00
    endloop
  endfacet
  facet normal -1.305262e-01 -9.914449e-01 -0.000000e+00
    outer loop
      vertex   8.799042e+00 -9.357526e+00 -6.576289e-01
      vertex   8.799042e+00 -9.357526e+00 -2.157629e+00
      vertex   8.883158e+00 -9.368600e+00 -6.576289e-01
    endloop
  endfacet
  facet normal -1.305262e-01 -9.914449e-01 -0.000000e+00
    outer loop
      vertex   8.883158e+00 -9.368600e+00 -6.576289e-01
      vertex   8.799042e+00 -9.357526e+00 -2.157629e+00
      vertex   8.883158e+00 -9.368600e+00 -2.157629e+00
    endloop
  endfacet
  facet normal 8.657763e-15 -1.000000e+00 0.000000e+00
    outer loop
      vertex   8.883158e+00 -9.368600e+00 -2.157629e+00
      vertex   9.088333e+00 -9.368600e+00 -2.157629e+00
      vertex   8.883158e+00 -9.368600e+00 -6.576289e-01
    endloop
  endfacet
  facet normal 8.657763e-15 -1.000000e+00 0.000000e+00
    outer loop
      vertex   8.883158e+00 -9.368600e+00 -6.576289e-01
      vertex   9.088333e+00 -9.368600e+00 -2.157629e+00
      vertex   9.088333e+00 -9.368600e+00 -6.576289e-01
    endloop
  endfacet
  facet normal -1.000000e+00 -9.494373e-15 0.000000e+00
    outer loop
      vertex   9.088333e+00 -9.368600e+00 -2.157629e+00
      vertex   9.088333e+00 -9.929888e+00 -2.157629e+00
      vertex   9.088333e+00 -9.368600e+00 -6.576289e-01
    endloop
  endfacet
  facet normal -1.000000e+00 -9.494373e-15 0.000000e+00
    outer loop
      vertex   9.088333e+00 -9.368600e+00 -6.576289e-01
      vertex   9.088333e+00 -9.929888e+00 -2.157629e+00
      vertex   9.088333e+00 -9.929888e+00 -6.576289e-01
    endloop
  endfacet
  facet normal 9.117706e-15 -1.000000e+00 0.000000e+00
    outer loop
      vertex   -9.091667e+00 -9.368601e+00 -2.157629e+00
      vertex   -8.896842e+00 -9.368601e+00 -2.157629e+00
      vertex   -9.091667e+00 -9.368601e+00 -6.576289e-01
    endloop
  endfacet
  facet normal 9.117706e-15 -1.000000e+00 0.000000e+00
    outer loop
      vertex   -9.091667e+00 -9.368601e+00 -6.576289e-01
      vertex   -8.896842e+00 -9.368601e+00 -2.157629e+00
      vertex   -8.896842e+00 -9.368601e+00 -6.576289e-01
    endloop
  endfacet
  facet normal 1.305262e-01 -9.914449e-01 0.000000e+00
    outer loop
      vertex   -8.896842e+00 -9.368601e+00 -6.576289e-01
      vertex   -8.896842e+00 -9.368601e+00 -2.157629e+00
      vertex   -8.812726e+00 -9.357527e+00 -6.576289e-01
    endloop
  endfacet
  facet normal 1.305262e-01 -9.914449e-01 0.000000e+00
    outer loop
      vertex   -8.812726e+00 -9.357527e+00 -6.576289e-01
      vertex   -8.896842e+00 -9.368601e+00 -2.157629e+00
      vertex   -8.812726e+00 -9.357527e+00 -2.157629e+00
    endloop
  endfacet
  facet normal 3.826834e-01 -9.238795e-01 0.000000e+00
    outer loop
      vertex   -8.812726e+00 -9.357527e+00 -6.576289e-01
      vertex   -8.812726e+00 -9.357527e+00 -2.157629e+00
      vertex   -8.734342e+00 -9.325059e+00 -6.576289e-01
    endloop
  endfacet
  facet normal 3.826834e-01 -9.238795e-01 -6.409049e-16
    outer loop
      vertex   -8.734342e+00 -9.325059e+00 -6.576289e-01
      vertex   -8.812726e+00 -9.357527e+00 -2.157629e+00
      vertex   -8.734342e+00 -9.325059e+00 -2.157629e+00
    endloop
  endfacet
  facet normal 6.087614e-01 -7.933533e-01 -2.186007e-16
    outer loop
      vertex   -8.734342e+00 -9.325059e+00 -6.576289e-01
      vertex   -8.734342e+00 -9.325059e+00 -2.157629e+00
      vertex   -8.667032e+00 -9.273410e+00 -6.576289e-01
    endloop
  endfacet
  facet normal 6.087614e-01 -7.933533e-01 0.000000e+00
    outer loop
      vertex   -8.667032e+00 -9.273410e+00 -6.576289e-01
      vertex   -8.734342e+00 -9.325059e+00 -2.157629e+00
      vertex   -8.667032e+00 -9.273410e+00 -2.157629e+00
    endloop
  endfacet
  facet normal 7.933533e-01 -6.087614e-01 0.000000e+00
    outer loop
      vertex   -8.667032e+00 -9.273410e+00 -6.576289e-01
      vertex   -8.667032e+00 -9.273410e+00 -2.157629e+00
      vertex   -8.615384e+00 -9.206101e+00 -6.576289e-01
    endloop
  endfacet
  facet normal 7.933533e-01 -6.087614e-01 2.186007e-16
    outer loop
      vertex   -8.615384e+00 -9.206101e+00 -6.576289e-01
      vertex   -8.667032e+00 -9.273410e+00 -2.157629e+00
      vertex   -8.615384e+00 -9.206101e+00 -2.157629e+00
    endloop
  endfacet
  facet normal 9.238795e-01 -3.826834e-01 6.409049e-16
    outer loop
      vertex   -8.615384e+00 -9.206101e+00 -6.576289e-01
      vertex   -8.615384e+00 -9.206101e+00 -2.157629e+00
      vertex   -8.582916e+00 -9.127717e+00 -6.576289e-01
    endloop
  endfacet
  facet normal 9.238795e-01 -3.826834e-01 0.000000e+00
    outer loop
      vertex   -8.582916e+00 -9.127717e+00 -6.576289e-01
      vertex   -8.615384e+00 -9.206101e+00 -2.157629e+00
      vertex   -8.582916e+00 -9.127717e+00 -2.157629e+00
    endloop
  endfacet
  facet normal 9.914449e-01 -1.305262e-01 0.000000e+00
    outer loop
      vertex   -8.582916e+00 -9.127717e+00 -6.576289e-01
      vertex   -8.582916e+00 -9.127717e+00 -2.157629e+00
      vertex   -8.571842e+00 -9.043601e+00 -6.576289e-01
    endloop
  endfacet
  facet normal 9.914449e-01 -1.305262e-01 0.000000e+00
    outer loop
      vertex   -8.571842e+00 -9.043601e+00 -6.576289e-01
      vertex   -8.582916e+00 -9.127717e+00 -2.157629e+00
      vertex   -8.571842e+00 -9.043601e+00 -2.157629e+00
    endloop
  endfacet
  facet normal 9.914449e-01 1.305262e-01 0.000000e+00
    outer loop
      vertex   -8.571842e+00 -9.043601e+00 -6.576289e-01
      vertex   -8.571842e+00 -9.043601e+00 -2.157629e+00
      vertex   -8.582916e+00 -8.959485e+00 -6.576289e-01
    endloop
  endfacet
  facet normal 9.914449e-01 1.305262e-01 0.000000e+00
    outer loop
      vertex   -8.582916e+00 -8.959485e+00 -6.576289e-01
      vertex   -8.571842e+00 -9.043601e+00 -2.157629e+00
      vertex   -8.582916e+00 -8.959485e+00 -2.157629e+00
    endloop
  endfacet
  facet normal 9.238795e-01 3.826834e-01 0.000000e+00
    outer loop
      vertex   -8.582916e+00 -8.959485e+00 -6.576289e-01
      vertex   -8.582916e+00 -8.959485e+00 -2.157629e+00
      vertex   -8.615384e+00 -8.881101e+00 -6.576289e-01
    endloop
  endfacet
  facet normal 9.238795e-01 3.826834e-01 4.531882e-16
    outer loop
      vertex   -8.615384e+00 -8.881101e+00 -6.576289e-01
      vertex   -8.582916e+00 -8.959485e+00 -2.157629e+00
      vertex   -8.615384e+00 -8.881101e+00 -2.157629e+00
    endloop
  endfacet
  facet normal 7.933533e-01 6.087614e-01 7.209184e-16
    outer loop
      vertex   -8.615384e+00 -8.881101e+00 -6.576289e-01
      vertex   -8.615384e+00 -8.881101e+00 -2.157629e+00
      vertex   -8.667032e+00 -8.813791e+00 -6.576289e-01
    endloop
  endfacet
  facet normal 7.933533e-01 6.087614e-01 0.000000e+00
    outer loop
      vertex   -8.667032e+00 -8.813791e+00 -6.576289e-01
      vertex   -8.615384e+00 -8.881101e+00 -2.157629e+00
      vertex   -8.667032e+00 -8.813791e+00 -2.157629e+00
    endloop
  endfacet
  facet normal 6.087614e-01 7.933533e-01 0.000000e+00
    outer loop
      vertex   -8.667032e+00 -8.813791e+00 -6.576289e-01
      vertex   -8.667032e+00 -8.813791e+00 -2.157629e+00
      vertex   -8.734342e+00 -8.762143e+00 -6.576289e-01
    endloop
  endfacet
  facet normal 6.087614e-01 7.933533e-01 2.186007e-16
    outer loop
      vertex   -8.734342e+00 -8.762143e+00 -6.576289e-01
      vertex   -8.667032e+00 -8.813791e+00 -2.157629e+00
      vertex   -8.734342e+00 -8.762143e+00 -2.157629e+00
    endloop
  endfacet
  facet normal 3.826834e-01 9.238795e-01 6.409049e-16
    outer loop
      vertex   -8.734342e+00 -8.762143e+00 -6.576289e-01
      vertex   -8.734342e+00 -8.762143e+00 -2.157629e+00
      vertex   -8.812726e+00 -8.729675e+00 -6.576289e-01
    endloop
  endfacet
  facet normal 3.826834e-01 9.238795e-01 0.000000e+00
    outer loop
      vertex   -8.812726e+00 -8.729675e+00 -6.576289e-01
      vertex   -8.734342e+00 -8.762143e+00 -2.157629e+00
      vertex   -8.812726e+00 -8.729675e+00 -2.157629e+00
    endloop
  endfacet
  facet normal 1.305262e-01 9.914449e-01 0.000000e+00
    outer loop
      vertex   -8.812726e+00 -8.729675e+00 -6.576289e-01
      vertex   -8.812726e+00 -8.729675e+00 -2.157629e+00
      vertex   -8.896842e+00 -8.718601e+00 -6.576289e-01
    endloop
  endfacet
  facet normal 1.305262e-01 9.914449e-01 0.000000e+00
    outer loop
      vertex   -8.896842e+00 -8.718601e+00 -6.576289e-01
      vertex   -8.812726e+00 -8.729675e+00 -2.157629e+00
      vertex   -8.896842e+00 -8.718601e+00 -2.157629e+00
    endloop
  endfacet
  facet normal 0.000000e+00 1.000000e+00 -0.000000e+00
    outer loop
      vertex   -8.896842e+00 -8.718601e+00 -2.157629e+00
      vertex   -9.091667e+00 -8.718601e+00 -2.157629e+00
      vertex   -8.896842e+00 -8.718601e+00 -6.576289e-01
    endloop
  endfacet
  facet normal 0.000000e+00 1.000000e+00 0.000000e+00
    outer loop
      vertex   -8.896842e+00 -8.718601e+00 -6.576289e-01
      vertex   -9.091667e+00 -8.718601e+00 -2.157629e+00
      vertex   -9.091667e+00 -8.718601e+00 -6.576289e-01
    endloop
  endfacet
  facet normal 1.000000e+00 9.494375e-15 0.000000e+00
    outer loop
      vertex   -9.091667e+00 -9.368601e+00 -6.576289e-01
      vertex   -9.091667e+00 -9.929888e+00 -6.576289e-01
      vertex   -9.091667e+00 -9.368601e+00 -2.157629e+00
    endloop
  endfacet
  facet normal 1.000000e+00 9.494375e-15 0.000000e+00
    outer loop
      vertex   -9.091667e+00 -9.368601e+00 -2.157629e+00
      vertex   -9.091667e+00 -9.929888e+00 -6.576289e-01
      vertex   -9.091667e+00 -9.929888e+00 -2.157629e+00
    endloop
  endfacet
  facet normal 0.000000e+00 0.000000e+00 1.000000e+00
    outer loop
      vertex   -8.818853e+00 -6.819105e+00 -2.157629e+00
      vertex   -8.896636e+00 -6.828601e+00 -2.157629e+00
      vertex   -8.896842e+00 -8.718601e+00 -2.157629e+00
    endloop
  endfacet
  facet normal 0.000000e+00 -0.000000e+00 1.000000e+00
    outer loop
      vertex   -8.896842e+00 -8.718601e+00 -2.157629e+00
      vertex   -8.896636e+00 -6.828601e+00 -2.157629e+00
      vertex   -9.091667e+00 -6.828601e+00 -2.157629e+00
    endloop
  endfacet
  facet normal 0.000000e+00 0.000000e+00 1.000000e+00
    outer loop
      vertex   -8.896842e+00 -8.718601e+00 -2.157629e+00
      vertex   -9.091667e+00 -6.828601e+00 -2.157629e+00
      vertex   -9.091667e+00 -8.718601e+00 -2.157629e+00
    endloop
  endfacet
  facet normal -0.000000e+00 0.000000e+00 1.000000e+00
    outer loop
      vertex   -8.896842e+00 -8.718601e+00 -2.157629e+00
      vertex   -8.812726e+00 -8.729675e+00 -2.157629e+00
      vertex   -8.818853e+00 -6.819105e+00 -2.157629e+00
    endloop
  endfacet
  facet normal -0.000000e+00 0.000000e+00 1.000000e+00
    outer loop
      vertex   -8.818853e+00 -6.819105e+00 -2.157629e+00
      vertex   -8.812726e+00 -8.729675e+00 -2.157629e+00
      vertex   -8.745604e+00 -6.791268e+00 -2.157629e+00
    endloop
  endfacet
  facet normal 0.000000e+00 0.000000e+00 1.000000e+00
    outer loop
      vertex   -8.745604e+00 -6.791268e+00 -2.157629e+00
      vertex   -8.812726e+00 -8.729675e+00 -2.157629e+00
      vertex   -8.734342e+00 -8.762143e+00 -2.157629e+00
    endloop
  endfacet
  facet normal -0.000000e+00 0.000000e+00 1.000000e+00
    outer loop
      vertex   -8.745604e+00 -6.791268e+00 -2.157629e+00
      vertex   -8.734342e+00 -8.762143e+00 -2.157629e+00
      vertex   -8.681147e+00 -6.746707e+00 -2.157629e+00
    endloop
  endfacet
  facet normal 0.000000e+00 0.000000e+00 1.000000e+00
    outer loop
      vertex   -8.681147e+00 -6.746707e+00 -2.157629e+00
      vertex   -8.734342e+00 -8.762143e+00 -2.157629e+00
      vertex   -8.667032e+00 -8.813791e+00 -2.157629e+00
    endloop
  endfacet
  facet normal -0.000000e+00 0.000000e+00 1.000000e+00
    outer loop
      vertex   -8.681147e+00 -6.746707e+00 -2.157629e+00
      vertex   -8.667032e+00 -8.813791e+00 -2.157629e+00
      vertex   -8.629229e+00 -6.688014e+00 -2.157629e+00
    endloop
  endfacet
  facet normal 0.000000e+00 0.000000e+00 1.000000e+00
    outer loop
      vertex   -8.629229e+00 -6.688014e+00 -2.157629e+00
      vertex   -8.667032e+00 -8.813791e+00 -2.157629e+00
      vertex   -8.615384e+00 -8.881101e+00 -2.157629e+00
    endloop
  endfacet
  facet normal -0.000000e+00 0.000000e+00 1.000000e+00
    outer loop
      vertex   -8.629229e+00 -6.688014e+00 -2.157629e+00
      vertex   -8.615384e+00 -8.881101e+00 -2.157629e+00
      vertex   -8.592868e+00 -6.618601e+00 -2.157629e+00
    endloop
  endfacet
  facet normal 0.000000e+00 0.000000e+00 1.000000e+00
    outer loop
      vertex   -8.592868e+00 -6.618601e+00 -2.157629e+00
      vertex   -8.615384e+00 -8.881101e+00 -2.157629e+00
      vertex   -8.582916e+00 -8.959485e+00 -2.157629e+00
    endloop
  endfacet
  facet normal -0.000000e+00 0.000000e+00 1.000000e+00
    outer loop
      vertex   -8.592868e+00 -6.618601e+00 -2.157629e+00
      vertex   -8.582916e+00 -8.959485e+00 -2.157629e+00
      vertex   -8.574178e+00 -6.542502e+00 -2.157629e+00
    endloop
  endfacet
  facet normal 0.000000e+00 0.000000e+00 1.000000e+00
    outer loop
      vertex   -8.574178e+00 -6.542502e+00 -2.157629e+00
      vertex   -8.582916e+00 -8.959485e+00 -2.157629e+00
      vertex   -8.571842e+00 -9.043601e+00 -2.157629e+00
    endloop
  endfacet
  facet normal 0.000000e+00 0.000000e+00 1.000000e+00
    outer loop
      vertex   -8.574178e+00 -6.542502e+00 -2.157629e+00
      vertex   -8.571842e+00 -9.043601e+00 -2.157629e+00
      vertex   -8.208454e+00 -1.164402e+01 -2.157629e+00
    endloop
  endfacet
  facet normal 0.000000e+00 0.000000e+00 1.000000e+00
    outer loop
      vertex   -8.208454e+00 -1.164402e+01 -2.157629e+00
      vertex   -8.571842e+00 -9.043601e+00 -2.157629e+00
      vertex   -8.510647e+00 -1.138196e+01 -2.157629e+00
    endloop
  endfacet
  facet normal 0.000000e+00 0.000000e+00 1.000000e+00
    outer loop
      vertex   -8.510647e+00 -1.138196e+01 -2.157629e+00
      vertex   -8.571842e+00 -9.043601e+00 -2.157629e+00
      vertex   -8.582916e+00 -9.127717e+00 -2.157629e+00
    endloop
  endfacet
  facet normal 0.000000e+00 0.000000e+00 1.000000e+00
    outer loop
      vertex   -8.510647e+00 -1.138196e+01 -2.157629e+00
      vertex   -8.582916e+00 -9.127717e+00 -2.157629e+00
      vertex   -8.615384e+00 -9.206101e+00 -2.157629e+00
    endloop
  endfacet
  facet normal 0.000000e+00 0.000000e+00 1.000000e+00
    outer loop
      vertex   -8.615384e+00 -9.206101e+00 -2.157629e+00
      vertex   -8.667032e+00 -9.273410e+00 -2.157629e+00
      vertex   -8.510647e+00 -1.138196e+01 -2.157629e+00
    endloop
  endfacet
  facet normal 0.000000e+00 0.000000e+00 1.000000e+00
    outer loop
      vertex   -8.510647e+00 -1.138196e+01 -2.157629e+00
      vertex   -8.667032e+00 -9.273410e+00 -2.157629e+00
      vertex   -8.757811e+00 -1.106746e+01 -2.157629e+00
    endloop
  endfacet
  facet normal 0.000000e+00 0.000000e+00 1.000000e+00
    outer loop
      vertex   -8.757811e+00 -1.106746e+01 -2.157629e+00
      vertex   -8.667032e+00 -9.273410e+00 -2.157629e+00
      vertex   -8.734342e+00 -9.325059e+00 -2.157629e+00
    endloop
  endfacet
  facet normal 0.000000e+00 -0.000000e+00 1.000000e+00
    outer loop
      vertex   -8.757811e+00 -1.106746e+01 -2.157629e+00
      vertex   -8.734342e+00 -9.325059e+00 -2.157629e+00
      vertex   -8.812726e+00 -9.357527e+00 -2.157629e+00
    endloop
  endfacet
  facet normal 0.000000e+00 0.000000e+00 1.000000e+00
    outer loop
      vertex   -8.757811e+00 -1.106746e+01 -2.157629e+00
      vertex   -8.812726e+00 -9.357527e+00 -2.157629e+00
      vertex   -8.941021e+00 -1.071189e+01 -2.157629e+00
    endloop
  endfacet
  facet normal 0.000000e+00 0.000000e+00 1.000000e+00
    outer loop
      vertex   -8.941021e+00 -1.071189e+01 -2.157629e+00
      vertex   -8.812726e+00 -9.357527e+00 -2.157629e+00
      vertex   -8.896842e+00 -9.368601e+00 -2.157629e+00
    endloop
  endfacet
  facet normal 0.000000e+00 -0.000000e+00 1.000000e+00
    outer loop
      vertex   -8.941021e+00 -1.071189e+01 -2.157629e+00
      vertex   -8.896842e+00 -9.368601e+00 -2.157629e+00
      vertex   -9.053662e+00 -1.032808e+01 -2.157629e+00
    endloop
  endfacet
  facet normal 0.000000e+00 -0.000000e+00 1.000000e+00
    outer loop
      vertex   -9.053662e+00 -1.032808e+01 -2.157629e+00
      vertex   -8.896842e+00 -9.368601e+00 -2.157629e+00
      vertex   -9.091667e+00 -9.929888e+00 -2.157629e+00
    endloop
  endfacet
  facet normal 0.000000e+00 -0.000000e+00 1.000000e+00
    outer loop
      vertex   -9.091667e+00 -9.929888e+00 -2.157629e+00
      vertex   -8.896842e+00 -9.368601e+00 -2.157629e+00
      vertex   -9.091667e+00 -9.368601e+00 -2.157629e+00
    endloop
  endfacet
  facet normal -0.000000e+00 -0.000000e+00 1.000000e+00
    outer loop
      vertex   -8.208454e+00 -1.164402e+01 -2.157629e+00
      vertex   -7.862144e+00 -1.184419e+01 -2.157629e+00
      vertex   -8.574178e+00 -6.542502e+00 -2.157629e+00
    endloop
  endfacet
  facet normal -0.000000e+00 -0.000000e+00 1.000000e+00
    outer loop
      vertex   -8.574178e+00 -6.542502e+00 -2.157629e+00
      vertex   -7.862144e+00 -1.184419e+01 -2.157629e+00
      vertex   -8.574246e+00 -6.464141e+00 -2.157629e+00
    endloop
  endfacet
  facet normal -0.000000e+00 0.000000e+00 1.000000e+00
    outer loop
      vertex   -8.574246e+00 -6.464141e+00 -2.157629e+00
      vertex   -7.862144e+00 -1.184419e+01 -2.157629e+00
      vertex   -7.088333e+00 7.215112e+00 -2.157629e+00
    endloop
  endfacet
  facet normal 0.000000e+00 -0.000000e+00 1.000000e+00
    outer loop
      vertex   -8.574246e+00 -6.464141e+00 -2.157629e+00
      vertex   -7.088333e+00 7.215112e+00 -2.157629e+00
      vertex   -9.091667e+00 7.215112e+00 -2.157629e+00
    endloop
  endfacet
  facet normal -0.000000e+00 0.000000e+00 1.000000e+00
    outer loop
      vertex   -7.862144e+00 -1.184419e+01 -2.157629e+00
      vertex   -7.484222e+00 -1.197524e+01 -2.157629e+00
      vertex   -7.088333e+00 7.215112e+00 -2.157629e+00
    endloop
  endfacet
  facet normal 0.000000e+00 0.000000e+00 1.000000e+00
    outer loop
      vertex   -7.088333e+00 7.215112e+00 -2.157629e+00
      vertex   -7.484222e+00 -1.197524e+01 -2.157629e+00
      vertex   -7.088333e+00 -1.203243e+01 -2.157629e+00
    endloop
  endfacet
  facet normal 0.000000e+00 -0.000000e+00 1.000000e+00
    outer loop
      vertex   -9.091667e+00 -6.178601e+00 -2.157629e+00
      vertex   -8.897198e+00 -6.178601e+00 -2.157629e+00
      vertex   -9.091667e+00 7.215112e+00 -2.157629e+00
    endloop
  endfacet
  facet normal 0.000000e+00 0.000000e+00 1.000000e+00
    outer loop
      vertex   -9.091667e+00 7.215112e+00 -2.157629e+00
      vertex   -8.897198e+00 -6.178601e+00 -2.157629e+00
      vertex   -8.819399e+00 -6.187962e+00 -2.157629e+00
    endloop
  endfacet
  facet normal 0.000000e+00 0.000000e+00 1.000000e+00
    outer loop
      vertex   -9.091667e+00 7.215112e+00 -2.157629e+00
      vertex   -8.819399e+00 -6.187962e+00 -2.157629e+00
      vertex   -8.746102e+00 -6.215673e+00 -2.157629e+00
    endloop
  endfacet
  facet normal -0.000000e+00 -0.000000e+00 1.000000e+00
    outer loop
      vertex   -8.746102e+00 -6.215673e+00 -2.157629e+00
      vertex   -8.681568e+00 -6.260122e+00 -2.157629e+00
      vertex   -9.091667e+00 7.215112e+00 -2.157629e+00
    endloop
  endfacet
  facet normal 0.000000e+00 0.000000e+00 1.000000e+00
    outer loop
      vertex   -9.091667e+00 7.215112e+00 -2.157629e+00
      vertex   -8.681568e+00 -6.260122e+00 -2.157629e+00
      vertex   -8.629548e+00 -6.318725e+00 -2.157629e+00
    endloop
  endfacet
  facet normal 0.000000e+00 0.000000e+00 1.000000e+00
    outer loop
      vertex   -9.091667e+00 7.215112e+00 -2.157629e+00
      vertex   -8.629548e+00 -6.318725e+00 -2.157629e+00
      vertex   -8.593067e+00 -6.388075e+00 -2.157629e+00
    endloop
  endfacet
  facet normal -0.000000e+00 -0.000000e+00 1.000000e+00
    outer loop
      vertex   -8.593067e+00 -6.388075e+00 -2.157629e+00
      vertex   -8.574246e+00 -6.464141e+00 -2.157629e+00
      vertex   -9.091667e+00 7.215112e+00 -2.157629e+00
    endloop
  endfacet
  facet normal 7.024474e-01 9.247895e-02 -7.057020e-01
    outer loop
      vertex   4.032408e+00 -1.069806e+01 -5.857629e+00
      vertex   3.642317e+00 -1.078741e+01 -6.257629e+00
      vertex   3.998333e+00 -1.043924e+01 -5.857629e+00
    endloop
  endfacet
  facet normal 7.043024e-01 8.897408e-02 -7.043024e-01
    outer loop
      vertex   3.998333e+00 -1.043924e+01 -5.857629e+00
      vertex   3.642317e+00 -1.078741e+01 -6.257629e+00
      vertex   3.598333e+00 -1.043924e+01 -6.257629e+00
    endloop
  endfacet
  facet normal 7.043024e-01 -8.897408e-02 -7.043024e-01
    outer loop
      vertex   3.998333e+00 -1.043924e+01 -5.857629e+00
      vertex   3.598333e+00 -1.043924e+01 -6.257629e+00
      vertex   3.642317e+00 -1.009108e+01 -6.257629e+00
    endloop
  endfacet
  facet normal 6.610872e-01 2.617429e-01 -7.031745e-01
    outer loop
      vertex   3.642317e+00 -1.078741e+01 -6.257629e+00
      vertex   4.032408e+00 -1.069806e+01 -5.857629e+00
      vertex   3.771504e+00 -1.111370e+01 -6.257629e+00
    endloop
  endfacet
  facet normal 6.531994e-01 2.705641e-01 -7.071956e-01
    outer loop
      vertex   3.771504e+00 -1.111370e+01 -6.257629e+00
      vertex   4.032408e+00 -1.069806e+01 -5.857629e+00
      vertex   4.132308e+00 -1.093924e+01 -5.857629e+00
    endloop
  endfacet
  facet normal 5.760519e-01 4.185262e-01 -7.021396e-01
    outer loop
      vertex   3.771504e+00 -1.111370e+01 -6.257629e+00
      vertex   4.132308e+00 -1.093924e+01 -5.857629e+00
      vertex   3.977777e+00 -1.139761e+01 -6.257629e+00
    endloop
  endfacet
  facet normal 5.598416e-01 4.295816e-01 -7.085457e-01
    outer loop
      vertex   3.977777e+00 -1.139761e+01 -6.257629e+00
      vertex   4.132308e+00 -1.093924e+01 -5.857629e+00
      vertex   4.291227e+00 -1.114635e+01 -5.857629e+00
    endloop
  endfacet
  facet normal 4.544613e-01 5.493494e-01 -7.011991e-01
    outer loop
      vertex   3.977777e+00 -1.139761e+01 -6.257629e+00
      vertex   4.291227e+00 -1.114635e+01 -5.857629e+00
      vertex   4.248176e+00 -1.162130e+01 -6.257629e+00
    endloop
  endfacet
  facet normal 4.288414e-01 5.588770e-01 -7.097546e-01
    outer loop
      vertex   4.248176e+00 -1.162130e+01 -6.257629e+00
      vertex   4.291227e+00 -1.114635e+01 -5.857629e+00
      vertex   4.498333e+00 -1.130527e+01 -5.857629e+00
    endloop
  endfacet
  facet normal 3.039193e-01 6.458615e-01 -7.003542e-01
    outer loop
      vertex   4.248176e+00 -1.162130e+01 -6.257629e+00
      vertex   4.498333e+00 -1.130527e+01 -5.857629e+00
      vertex   4.565710e+00 -1.177072e+01 -6.257629e+00
    endloop
  endfacet
  facet normal 2.691679e-01 6.498288e-01 -7.108243e-01
    outer loop
      vertex   4.565710e+00 -1.177072e+01 -6.257629e+00
      vertex   4.498333e+00 -1.130527e+01 -5.857629e+00
      vertex   4.739514e+00 -1.140517e+01 -5.857629e+00
    endloop
  endfacet
  facet normal 1.338893e-01 7.018725e-01 -6.996060e-01
    outer loop
      vertex   4.565710e+00 -1.177072e+01 -6.257629e+00
      vertex   4.739514e+00 -1.140517e+01 -5.857629e+00
      vertex   4.910427e+00 -1.183648e+01 -6.257629e+00
    endloop
  endfacet
  facet normal 9.168503e-02 6.964169e-01 -7.117565e-01
    outer loop
      vertex   4.910427e+00 -1.183648e+01 -6.257629e+00
      vertex   4.739514e+00 -1.140517e+01 -5.857629e+00
      vertex   4.998333e+00 -1.143924e+01 -5.857629e+00
    endloop
  endfacet
  facet normal -4.490559e-02 7.137539e-01 -6.989556e-01
    outer loop
      vertex   4.910427e+00 -1.183648e+01 -6.257629e+00
      vertex   4.998333e+00 -1.143924e+01 -5.857629e+00
      vertex   5.260667e+00 -1.181445e+01 -6.257629e+00
    endloop
  endfacet
  facet normal -9.157960e-02 6.956161e-01 -7.125527e-01
    outer loop
      vertex   5.260667e+00 -1.181445e+01 -6.257629e+00
      vertex   4.998333e+00 -1.143924e+01 -5.857629e+00
      vertex   5.257152e+00 -1.140517e+01 -5.857629e+00
    endloop
  endfacet
  facet normal -2.211647e-01 6.806750e-01 -6.984037e-01
    outer loop
      vertex   5.260667e+00 -1.181445e+01 -6.257629e+00
      vertex   5.257152e+00 -1.140517e+01 -5.857629e+00
      vertex   5.594424e+00 -1.170600e+01 -6.257629e+00
    endloop
  endfacet
  facet normal -2.682404e-01 6.475897e-01 -7.132143e-01
    outer loop
      vertex   5.594424e+00 -1.170600e+01 -6.257629e+00
      vertex   5.257152e+00 -1.140517e+01 -5.857629e+00
      vertex   5.498333e+00 -1.130527e+01 -5.857629e+00
    endloop
  endfacet
  facet normal -3.837299e-01 6.046615e-01 -6.979512e-01
    outer loop
      vertex   5.594424e+00 -1.170600e+01 -6.257629e+00
      vertex   5.498333e+00 -1.130527e+01 -5.857629e+00
      vertex   5.890727e+00 -1.151796e+01 -6.257629e+00
    endloop
  endfacet
  facet normal -4.263816e-01 5.556714e-01 -7.137423e-01
    outer loop
      vertex   5.890727e+00 -1.151796e+01 -6.257629e+00
      vertex   5.498333e+00 -1.130527e+01 -5.857629e+00
      vertex   5.705440e+00 -1.114635e+01 -5.857629e+00
    endloop
  endfacet
  facet normal -5.222979e-01 4.904703e-01 -6.975986e-01
    outer loop
      vertex   5.890727e+00 -1.151796e+01 -6.257629e+00
      vertex   5.705440e+00 -1.114635e+01 -5.857629e+00
      vertex   6.130957e+00 -1.126214e+01 -6.257629e+00
    endloop
  endfacet
  facet normal -5.553517e-01 4.261363e-01 -7.141375e-01
    outer loop
      vertex   6.130957e+00 -1.126214e+01 -6.257629e+00
      vertex   5.705440e+00 -1.114635e+01 -5.857629e+00
      vertex   5.864359e+00 -1.093924e+01 -5.857629e+00
    endloop
  endfacet
  facet normal -6.280790e-01 3.452894e-01 -6.973464e-01
    outer loop
      vertex   6.130957e+00 -1.126214e+01 -6.257629e+00
      vertex   5.864359e+00 -1.093924e+01 -5.857629e+00
      vertex   6.300020e+00 -1.095462e+01 -6.257629e+00
    endloop
  endfacet
  facet normal -6.464726e-01 2.677777e-01 -7.144006e-01
    outer loop
      vertex   6.300020e+00 -1.095462e+01 -6.257629e+00
      vertex   5.864359e+00 -1.093924e+01 -5.857629e+00
      vertex   5.964259e+00 -1.069806e+01 -5.857629e+00
    endloop
  endfacet
  facet normal -6.943594e-01 1.782812e-01 -6.971950e-01
    outer loop
      vertex   6.300020e+00 -1.095462e+01 -6.257629e+00
      vertex   5.964259e+00 -1.069806e+01 -5.857629e+00
      vertex   6.387294e+00 -1.061471e+01 -6.257629e+00
    endloop
  endfacet
  facet normal -6.936175e-01 9.131647e-02 -7.145321e-01
    outer loop
      vertex   6.387294e+00 -1.061471e+01 -6.257629e+00
      vertex   5.964259e+00 -1.069806e+01 -5.857629e+00
      vertex   5.998333e+00 -1.043924e+01 -5.857629e+00
    endloop
  endfacet
  facet normal -7.169307e-01 1.814484e-15 -6.971444e-01
    outer loop
      vertex   6.387294e+00 -1.061471e+01 -6.257629e+00
      vertex   5.998333e+00 -1.043924e+01 -5.857629e+00
      vertex   6.387294e+00 -1.026378e+01 -6.257629e+00
    endloop
  endfacet
  facet normal -6.936175e-01 -9.131647e-02 -7.145321e-01
    outer loop
      vertex   6.387294e+00 -1.026378e+01 -6.257629e+00
      vertex   5.998333e+00 -1.043924e+01 -5.857629e+00
      vertex   5.964259e+00 -1.018043e+01 -5.857629e+00
    endloop
  endfacet
  facet normal -6.943594e-01 -1.782812e-01 -6.971950e-01
    outer loop
      vertex   6.387294e+00 -1.026378e+01 -6.257629e+00
      vertex   5.964259e+00 -1.018043e+01 -5.857629e+00
      vertex   6.300020e+00 -9.923870e+00 -6.257629e+00
    endloop
  endfacet
  facet normal -6.464726e-01 -2.677777e-01 -7.144006e-01
    outer loop
      vertex   6.300020e+00 -9.923870e+00 -6.257629e+00
      vertex   5.964259e+00 -1.018043e+01 -5.857629e+00
      vertex   5.864359e+00 -9.939244e+00 -5.857629e+00
    endloop
  endfacet
  facet normal -6.280790e-01 -3.452894e-01 -6.973464e-01
    outer loop
      vertex   6.300020e+00 -9.923870e+00 -6.257629e+00
      vertex   5.864359e+00 -9.939244e+00 -5.857629e+00
      vertex   6.130957e+00 -9.616345e+00 -6.257629e+00
    endloop
  endfacet
  facet normal -5.553517e-01 -4.261363e-01 -7.141375e-01
    outer loop
      vertex   6.130957e+00 -9.616345e+00 -6.257629e+00
      vertex   5.864359e+00 -9.939244e+00 -5.857629e+00
      vertex   5.705440e+00 -9.732138e+00 -5.857629e+00
    endloop
  endfacet
  facet normal -5.222979e-01 -4.904703e-01 -6.975986e-01
    outer loop
      vertex   6.130957e+00 -9.616345e+00 -6.257629e+00
      vertex   5.705440e+00 -9.732138e+00 -5.857629e+00
      vertex   5.890727e+00 -9.360526e+00 -6.257629e+00
    endloop
  endfacet
  facet normal -4.263816e-01 -5.556714e-01 -7.137423e-01
    outer loop
      vertex   5.890727e+00 -9.360526e+00 -6.257629e+00
      vertex   5.705440e+00 -9.732138e+00 -5.857629e+00
      vertex   5.498333e+00 -9.573219e+00 -5.857629e+00
    endloop
  endfacet
  facet normal -3.837299e-01 -6.046615e-01 -6.979512e-01
    outer loop
      vertex   5.890727e+00 -9.360526e+00 -6.257629e+00
      vertex   5.498333e+00 -9.573219e+00 -5.857629e+00
      vertex   5.594424e+00 -9.172486e+00 -6.257629e+00
    endloop
  endfacet
  facet normal -2.682404e-01 -6.475897e-01 -7.132143e-01
    outer loop
      vertex   5.594424e+00 -9.172486e+00 -6.257629e+00
      vertex   5.498333e+00 -9.573219e+00 -5.857629e+00
      vertex   5.257152e+00 -9.473319e+00 -5.857629e+00
    endloop
  endfacet
  facet normal -2.211647e-01 -6.806750e-01 -6.984037e-01
    outer loop
      vertex   5.594424e+00 -9.172486e+00 -6.257629e+00
      vertex   5.257152e+00 -9.473319e+00 -5.857629e+00
      vertex   5.260667e+00 -9.064042e+00 -6.257629e+00
    endloop
  endfacet
  facet normal -9.157960e-02 -6.956161e-01 -7.125527e-01
    outer loop
      vertex   5.260667e+00 -9.064042e+00 -6.257629e+00
      vertex   5.257152e+00 -9.473319e+00 -5.857629e+00
      vertex   4.998333e+00 -9.439244e+00 -5.857629e+00
    endloop
  endfacet
  facet normal -4.490559e-02 -7.137539e-01 -6.989556e-01
    outer loop
      vertex   5.260667e+00 -9.064042e+00 -6.257629e+00
      vertex   4.998333e+00 -9.439244e+00 -5.857629e+00
      vertex   4.910427e+00 -9.042007e+00 -6.257629e+00
    endloop
  endfacet
  facet normal 9.168503e-02 -6.964169e-01 -7.117565e-01
    outer loop
      vertex   4.910427e+00 -9.042007e+00 -6.257629e+00
      vertex   4.998333e+00 -9.439244e+00 -5.857629e+00
      vertex   4.739514e+00 -9.473319e+00 -5.857629e+00
    endloop
  endfacet
  facet normal 1.338893e-01 -7.018725e-01 -6.996060e-01
    outer loop
      vertex   4.910427e+00 -9.042007e+00 -6.257629e+00
      vertex   4.739514e+00 -9.473319e+00 -5.857629e+00
      vertex   4.565710e+00 -9.107765e+00 -6.257629e+00
    endloop
  endfacet
  facet normal 2.691679e-01 -6.498288e-01 -7.108243e-01
    outer loop
      vertex   4.565710e+00 -9.107765e+00 -6.257629e+00
      vertex   4.739514e+00 -9.473319e+00 -5.857629e+00
      vertex   4.498333e+00 -9.573219e+00 -5.857629e+00
    endloop
  endfacet
  facet normal 3.039193e-01 -6.458615e-01 -7.003542e-01
    outer loop
      vertex   4.565710e+00 -9.107765e+00 -6.257629e+00
      vertex   4.498333e+00 -9.573219e+00 -5.857629e+00
      vertex   4.248176e+00 -9.257185e+00 -6.257629e+00
    endloop
  endfacet
  facet normal 4.288414e-01 -5.588770e-01 -7.097546e-01
    outer loop
      vertex   4.248176e+00 -9.257185e+00 -6.257629e+00
      vertex   4.498333e+00 -9.573219e+00 -5.857629e+00
      vertex   4.291227e+00 -9.732138e+00 -5.857629e+00
    endloop
  endfacet
  facet normal 4.544613e-01 -5.493494e-01 -7.011991e-01
    outer loop
      vertex   4.248176e+00 -9.257185e+00 -6.257629e+00
      vertex   4.291227e+00 -9.732138e+00 -5.857629e+00
      vertex   3.977777e+00 -9.480878e+00 -6.257629e+00
    endloop
  endfacet
  facet normal 5.598416e-01 -4.295816e-01 -7.085457e-01
    outer loop
      vertex   3.977777e+00 -9.480878e+00 -6.257629e+00
      vertex   4.291227e+00 -9.732138e+00 -5.857629e+00
      vertex   4.132308e+00 -9.939244e+00 -5.857629e+00
    endloop
  endfacet
  facet normal 5.760519e-01 -4.185262e-01 -7.021396e-01
    outer loop
      vertex   3.977777e+00 -9.480878e+00 -6.257629e+00
      vertex   4.132308e+00 -9.939244e+00 -5.857629e+00
      vertex   3.771504e+00 -9.764789e+00 -6.257629e+00
    endloop
  endfacet
  facet normal 6.531994e-01 -2.705641e-01 -7.071956e-01
    outer loop
      vertex   3.771504e+00 -9.764789e+00 -6.257629e+00
      vertex   4.132308e+00 -9.939244e+00 -5.857629e+00
      vertex   4.032408e+00 -1.018043e+01 -5.857629e+00
    endloop
  endfacet
  facet normal 6.610872e-01 -2.617429e-01 -7.031745e-01
    outer loop
      vertex   3.771504e+00 -9.764789e+00 -6.257629e+00
      vertex   4.032408e+00 -1.018043e+01 -5.857629e+00
      vertex   3.642317e+00 -1.009108e+01 -6.257629e+00
    endloop
  endfacet
  facet normal 7.024474e-01 -9.247895e-02 -7.057020e-01
    outer loop
      vertex   3.642317e+00 -1.009108e+01 -6.257629e+00
      vertex   4.032408e+00 -1.018043e+01 -5.857629e+00
      vertex   3.998333e+00 -1.043924e+01 -5.857629e+00
    endloop
  endfacet
  facet normal 9.914449e-01 1.305262e-01 0.000000e+00
    outer loop
      vertex   4.032408e+00 -1.069806e+01 -5.657629e+00
      vertex   4.032408e+00 -1.069806e+01 -5.857629e+00
      vertex   3.998333e+00 -1.043924e+01 -5.657629e+00
    endloop
  endfacet
  facet normal 9.914449e-01 1.305262e-01 0.000000e+00
    outer loop
      vertex   3.998333e+00 -1.043924e+01 -5.657629e+00
      vertex   4.032408e+00 -1.069806e+01 -5.857629e+00
      vertex   3.998333e+00 -1.043924e+01 -5.857629e+00
    endloop
  endfacet
  facet normal 9.914449e-01 -1.305262e-01 0.000000e+00
    outer loop
      vertex   3.998333e+00 -1.043924e+01 -5.657629e+00
      vertex   3.998333e+00 -1.043924e+01 -5.857629e+00
      vertex   4.032408e+00 -1.018043e+01 -5.657629e+00
    endloop
  endfacet
  facet normal 9.914449e-01 -1.305262e-01 0.000000e+00
    outer loop
      vertex   4.032408e+00 -1.018043e+01 -5.657629e+00
      vertex   3.998333e+00 -1.043924e+01 -5.857629e+00
      vertex   4.032408e+00 -1.018043e+01 -5.857629e+00
    endloop
  endfacet
  facet normal 9.238795e-01 -3.826834e-01 0.000000e+00
    outer loop
      vertex   4.032408e+00 -1.018043e+01 -5.657629e+00
      vertex   4.032408e+00 -1.018043e+01 -5.857629e+00
      vertex   4.132308e+00 -9.939244e+00 -5.657629e+00
    endloop
  endfacet
  facet normal 9.238795e-01 -3.826834e-01 -3.398912e-15
    outer loop
      vertex   4.132308e+00 -9.939244e+00 -5.657629e+00
      vertex   4.032408e+00 -1.018043e+01 -5.857629e+00
      vertex   4.132308e+00 -9.939244e+00 -5.857629e+00
    endloop
  endfacet
  facet normal 7.933533e-01 -6.087614e-01 -5.406888e-15
    outer loop
      vertex   4.132308e+00 -9.939244e+00 -5.657629e+00
      vertex   4.132308e+00 -9.939244e+00 -5.857629e+00
      vertex   4.291227e+00 -9.732138e+00 -5.657629e+00
    endloop
  endfacet
  facet normal 7.933533e-01 -6.087614e-01 0.000000e+00
    outer loop
      vertex   4.291227e+00 -9.732138e+00 -5.657629e+00
      vertex   4.132308e+00 -9.939244e+00 -5.857629e+00
      vertex   4.291227e+00 -9.732138e+00 -5.857629e+00
    endloop
  endfacet
  facet normal 6.087614e-01 -7.933533e-01 0.000000e+00
    outer loop
      vertex   4.291227e+00 -9.732138e+00 -5.657629e+00
      vertex   4.291227e+00 -9.732138e+00 -5.857629e+00
      vertex   4.498333e+00 -9.573219e+00 -5.657629e+00
    endloop
  endfacet
  facet normal 6.087614e-01 -7.933533e-01 2.703444e-15
    outer loop
      vertex   4.498333e+00 -9.573219e+00 -5.657629e+00
      vertex   4.291227e+00 -9.732138e+00 -5.857629e+00
      vertex   4.498333e+00 -9.573219e+00 -5.857629e+00
    endloop
  endfacet
  facet normal 3.826834e-01 -9.238795e-01 1.699456e-15
    outer loop
      vertex   4.498333e+00 -9.573219e+00 -5.657629e+00
      vertex   4.498333e+00 -9.573219e+00 -5.857629e+00
      vertex   4.739514e+00 -9.473319e+00 -5.657629e+00
    endloop
  endfacet
  facet normal 3.826834e-01 -9.238795e-01 1.699456e-15
    outer loop
      vertex   4.739514e+00 -9.473319e+00 -5.657629e+00
      vertex   4.498333e+00 -9.573219e+00 -5.857629e+00
      vertex   4.739514e+00 -9.473319e+00 -5.857629e+00
    endloop
  endfacet
  facet normal 1.305262e-01 -9.914449e-01 5.796527e-16
    outer loop
      vertex   4.739514e+00 -9.473319e+00 -5.657629e+00
      vertex   4.739514e+00 -9.473319e+00 -5.857629e+00
      vertex   4.998333e+00 -9.439244e+00 -5.657629e+00
    endloop
  endfacet
  facet normal 1.305262e-01 -9.914449e-01 0.000000e+00
    outer loop
      vertex   4.998333e+00 -9.439244e+00 -5.657629e+00
      vertex   4.739514e+00 -9.473319e+00 -5.857629e+00
      vertex   4.998333e+00 -9.439244e+00 -5.857629e+00
    endloop
  endfacet
  facet normal -1.305262e-01 -9.914449e-01 -0.000000e+00
    outer loop
      vertex   4.998333e+00 -9.439244e+00 -5.657629e+00
      vertex   4.998333e+00 -9.439244e+00 -5.857629e+00
      vertex   5.257152e+00 -9.473319e+00 -5.657629e+00
    endloop
  endfacet
  facet normal -1.305262e-01 -9.914449e-01 -5.796527e-16
    outer loop
      vertex   5.257152e+00 -9.473319e+00 -5.657629e+00
      vertex   4.998333e+00 -9.439244e+00 -5.857629e+00
      vertex   5.257152e+00 -9.473319e+00 -5.857629e+00
    endloop
  endfacet
  facet normal -3.826834e-01 -9.238795e-01 -1.699456e-15
    outer loop
      vertex   5.257152e+00 -9.473319e+00 -5.657629e+00
      vertex   5.257152e+00 -9.473319e+00 -5.857629e+00
      vertex   5.498333e+00 -9.573219e+00 -5.657629e+00
    endloop
  endfacet
  facet normal -3.826834e-01 -9.238795e-01 -1.699456e-15
    outer loop
      vertex   5.498333e+00 -9.573219e+00 -5.657629e+00
      vertex   5.257152e+00 -9.473319e+00 -5.857629e+00
      vertex   5.498333e+00 -9.573219e+00 -5.857629e+00
    endloop
  endfacet
  facet normal -6.087614e-01 -7.933533e-01 -2.703444e-15
    outer loop
      vertex   5.498333e+00 -9.573219e+00 -5.657629e+00
      vertex   5.498333e+00 -9.573219e+00 -5.857629e+00
      vertex   5.705440e+00 -9.732138e+00 -5.657629e+00
    endloop
  endfacet
  facet normal -6.087614e-01 -7.933533e-01 -0.000000e+00
    outer loop
      vertex   5.705440e+00 -9.732138e+00 -5.657629e+00
      vertex   5.498333e+00 -9.573219e+00 -5.857629e+00
      vertex   5.705440e+00 -9.732138e+00 -5.857629e+00
    endloop
  endfacet
  facet normal -7.933533e-01 -6.087614e-01 -0.000000e+00
    outer loop
      vertex   5.705440e+00 -9.732138e+00 -5.657629e+00
      vertex   5.705440e+00 -9.732138e+00 -5.857629e+00
      vertex   5.864359e+00 -9.939244e+00 -5.657629e+00
    endloop
  endfacet
  facet normal -7.933533e-01 -6.087614e-01 5.406888e-15
    outer loop
      vertex   5.864359e+00 -9.939244e+00 -5.657629e+00
      vertex   5.705440e+00 -9.732138e+00 -5.857629e+00
      vertex   5.864359e+00 -9.939244e+00 -5.857629e+00
    endloop
  endfacet
  facet normal -9.238795e-01 -3.826834e-01 3.398912e-15
    outer loop
      vertex   5.864359e+00 -9.939244e+00 -5.657629e+00
      vertex   5.864359e+00 -9.939244e+00 -5.857629e+00
      vertex   5.964259e+00 -1.018043e+01 -5.657629e+00
    endloop
  endfacet
  facet normal -9.238795e-01 -3.826834e-01 -0.000000e+00
    outer loop
      vertex   5.964259e+00 -1.018043e+01 -5.657629e+00
      vertex   5.864359e+00 -9.939244e+00 -5.857629e+00
      vertex   5.964259e+00 -1.018043e+01 -5.857629e+00
    endloop
  endfacet
  facet normal -9.914449e-01 -1.305262e-01 -0.000000e+00
    outer loop
      vertex   5.964259e+00 -1.018043e+01 -5.657629e+00
      vertex   5.964259e+00 -1.018043e+01 -5.857629e+00
      vertex   5.998333e+00 -1.043924e+01 -5.657629e+00
    endloop
  endfacet
  facet normal -9.914449e-01 -1.305262e-01 -0.000000e+00
    outer loop
      vertex   5.998333e+00 -1.043924e+01 -5.657629e+00
      vertex   5.964259e+00 -1.018043e+01 -5.857629e+00
      vertex   5.998333e+00 -1.043924e+01 -5.857629e+00
    endloop
  endfacet
  facet normal -9.914449e-01 1.305262e-01 0.000000e+00
    outer loop
      vertex   5.998333e+00 -1.043924e+01 -5.657629e+00
      vertex   5.998333e+00 -1.043924e+01 -5.857629e+00
      vertex   5.964259e+00 -1.069806e+01 -5.657629e+00
    endloop
  endfacet
  facet normal -9.914449e-01 1.305262e-01 0.000000e+00
    outer loop
      vertex   5.964259e+00 -1.069806e+01 -5.657629e+00
      vertex   5.998333e+00 -1.043924e+01 -5.857629e+00
      vertex   5.964259e+00 -1.069806e+01 -5.857629e+00
    endloop
  endfacet
  facet normal -9.238795e-01 3.826834e-01 0.000000e+00
    outer loop
      vertex   5.964259e+00 -1.069806e+01 -5.657629e+00
      vertex   5.964259e+00 -1.069806e+01 -5.857629e+00
      vertex   5.864359e+00 -1.093924e+01 -5.657629e+00
    endloop
  endfacet
  facet normal -9.238795e-01 3.826834e-01 0.000000e+00
    outer loop
      vertex   5.864359e+00 -1.093924e+01 -5.657629e+00
      vertex   5.964259e+00 -1.069806e+01 -5.857629e+00
      vertex   5.864359e+00 -1.093924e+01 -5.857629e+00
    endloop
  endfacet
  facet normal -7.933533e-01 6.087614e-01 0.000000e+00
    outer loop
      vertex   5.864359e+00 -1.093924e+01 -5.657629e+00
      vertex   5.864359e+00 -1.093924e+01 -5.857629e+00
      vertex   5.705440e+00 -1.114635e+01 -5.657629e+00
    endloop
  endfacet
  facet normal -7.933533e-01 6.087614e-01 -5.406888e-15
    outer loop
      vertex   5.705440e+00 -1.114635e+01 -5.657629e+00
      vertex   5.864359e+00 -1.093924e+01 -5.857629e+00
      vertex   5.705440e+00 -1.114635e+01 -5.857629e+00
    endloop
  endfacet
  facet normal -6.087614e-01 7.933533e-01 -7.046393e-15
    outer loop
      vertex   5.705440e+00 -1.114635e+01 -5.657629e+00
      vertex   5.705440e+00 -1.114635e+01 -5.857629e+00
      vertex   5.498333e+00 -1.130527e+01 -5.657629e+00
    endloop
  endfacet
  facet normal -6.087614e-01 7.933533e-01 2.703444e-15
    outer loop
      vertex   5.498333e+00 -1.130527e+01 -5.657629e+00
      vertex   5.705440e+00 -1.114635e+01 -5.857629e+00
      vertex   5.498333e+00 -1.130527e+01 -5.857629e+00
    endloop
  endfacet
  facet normal -3.826834e-01 9.238795e-01 1.699456e-15
    outer loop
      vertex   5.498333e+00 -1.130527e+01 -5.657629e+00
      vertex   5.498333e+00 -1.130527e+01 -5.857629e+00
      vertex   5.257152e+00 -1.140517e+01 -5.657629e+00
    endloop
  endfacet
  facet normal -3.826834e-01 9.238795e-01 -6.506243e-15
    outer loop
      vertex   5.257152e+00 -1.140517e+01 -5.657629e+00
      vertex   5.498333e+00 -1.130527e+01 -5.857629e+00
      vertex   5.257152e+00 -1.140517e+01 -5.857629e+00
    endloop
  endfacet
  facet normal -1.305262e-01 9.914449e-01 -8.226147e-15
    outer loop
      vertex   5.257152e+00 -1.140517e+01 -5.657629e+00
      vertex   5.257152e+00 -1.140517e+01 -5.857629e+00
      vertex   4.998333e+00 -1.143924e+01 -5.657629e+00
    endloop
  endfacet
  facet normal -1.305262e-01 9.914449e-01 0.000000e+00
    outer loop
      vertex   4.998333e+00 -1.143924e+01 -5.657629e+00
      vertex   5.257152e+00 -1.140517e+01 -5.857629e+00
      vertex   4.998333e+00 -1.143924e+01 -5.857629e+00
    endloop
  endfacet
  facet normal 1.305262e-01 9.914449e-01 0.000000e+00
    outer loop
      vertex   4.998333e+00 -1.143924e+01 -5.657629e+00
      vertex   4.998333e+00 -1.143924e+01 -5.857629e+00
      vertex   4.739514e+00 -1.140517e+01 -5.657629e+00
    endloop
  endfacet
  facet normal 1.305262e-01 9.914449e-01 -5.796527e-16
    outer loop
      vertex   4.739514e+00 -1.140517e+01 -5.657629e+00
      vertex   4.998333e+00 -1.143924e+01 -5.857629e+00
      vertex   4.739514e+00 -1.140517e+01 -5.857629e+00
    endloop
  endfacet
  facet normal 3.826834e-01 9.238795e-01 -1.699456e-15
    outer loop
      vertex   4.739514e+00 -1.140517e+01 -5.657629e+00
      vertex   4.739514e+00 -1.140517e+01 -5.857629e+00
      vertex   4.498333e+00 -1.130527e+01 -5.657629e+00
    endloop
  endfacet
  facet normal 3.826834e-01 9.238795e-01 -1.699456e-15
    outer loop
      vertex   4.498333e+00 -1.130527e+01 -5.657629e+00
      vertex   4.739514e+00 -1.140517e+01 -5.857629e+00
      vertex   4.498333e+00 -1.130527e+01 -5.857629e+00
    endloop
  endfacet
  facet normal 6.087614e-01 7.933533e-01 -2.703444e-15
    outer loop
      vertex   4.498333e+00 -1.130527e+01 -5.657629e+00
      vertex   4.498333e+00 -1.130527e+01 -5.857629e+00
      vertex   4.291227e+00 -1.114635e+01 -5.657629e+00
    endloop
  endfacet
  facet normal 6.087614e-01 7.933533e-01 0.000000e+00
    outer loop
      vertex   4.291227e+00 -1.114635e+01 -5.657629e+00
      vertex   4.498333e+00 -1.130527e+01 -5.857629e+00
      vertex   4.291227e+00 -1.114635e+01 -5.857629e+00
    endloop
  endfacet
  facet normal 7.933533e-01 6.087614e-01 0.000000e+00
    outer loop
      vertex   4.291227e+00 -1.114635e+01 -5.657629e+00
      vertex   4.291227e+00 -1.114635e+01 -5.857629e+00
      vertex   4.132308e+00 -1.093924e+01 -5.657629e+00
    endloop
  endfacet
  facet normal 7.933533e-01 6.087614e-01 0.000000e+00
    outer loop
      vertex   4.132308e+00 -1.093924e+01 -5.657629e+00
      vertex   4.291227e+00 -1.114635e+01 -5.857629e+00
      vertex   4.132308e+00 -1.093924e+01 -5.857629e+00
    endloop
  endfacet
  facet normal 9.238795e-01 3.826834e-01 0.000000e+00
    outer loop
      vertex   4.132308e+00 -1.093924e+01 -5.657629e+00
      vertex   4.132308e+00 -1.093924e+01 -5.857629e+00
      vertex   4.032408e+00 -1.069806e+01 -5.657629e+00
    endloop
  endfacet
  facet normal 9.238795e-01 3.826834e-01 0.000000e+00
    outer loop
      vertex   4.032408e+00 -1.069806e+01 -5.657629e+00
      vertex   4.132308e+00 -1.093924e+01 -5.857629e+00
      vertex   4.032408e+00 -1.069806e+01 -5.857629e+00
    endloop
  endfacet
  facet normal -0.000000e+00 0.000000e+00 -1.000000e+00
    outer loop
      vertex   -1.953241e+00 -1.598419e+01 -6.257629e+00
      vertex   -1.210000e+01 -5.616920e+01 -6.257629e+00
      vertex   -2.000000e+00 -1.555424e+01 -6.257629e+00
    endloop
  endfacet
  facet normal -0.000000e+00 0.000000e+00 -1.000000e+00
    outer loop
      vertex   -2.000000e+00 -1.555424e+01 -6.257629e+00
      vertex   -1.210000e+01 -5.616920e+01 -6.257629e+00
      vertex   -1.210000e+01 9.454427e+00 -6.257629e+00
    endloop
  endfacet
  facet normal 0.000000e+00 0.000000e+00 -1.000000e+00
    outer loop
      vertex   -2.000000e+00 -1.555424e+01 -6.257629e+00
      vertex   -1.210000e+01 9.454427e+00 -6.257629e+00
      vertex   -1.953241e+00 -1.512430e+01 -6.257629e+00
    endloop
  endfacet
  facet normal 0.000000e+00 0.000000e+00 -1.000000e+00
    outer loop
      vertex   -1.953241e+00 -1.512430e+01 -6.257629e+00
      vertex   -1.210000e+01 9.454427e+00 -6.257629e+00
      vertex   -1.033431e+01 1.122011e+01 -6.257629e+00
    endloop
  endfacet
  facet normal 0.000000e+00 0.000000e+00 -1.000000e+00
    outer loop
      vertex   -1.953241e+00 -1.512430e+01 -6.257629e+00
      vertex   -1.033431e+01 1.122011e+01 -6.257629e+00
      vertex   -1.815151e+00 -1.471447e+01 -6.257629e+00
    endloop
  endfacet
  facet normal 0.000000e+00 0.000000e+00 -1.000000e+00
    outer loop
      vertex   -1.815151e+00 -1.471447e+01 -6.257629e+00
      vertex   -1.033431e+01 1.122011e+01 -6.257629e+00
      vertex   -1.592186e+00 -1.434390e+01 -6.257629e+00
    endloop
  endfacet
  facet normal 0.000000e+00 0.000000e+00 -1.000000e+00
    outer loop
      vertex   -1.592186e+00 -1.434390e+01 -6.257629e+00
      vertex   -1.033431e+01 1.122011e+01 -6.257629e+00
      vertex   -1.294773e+00 -1.402992e+01 -6.257629e+00
    endloop
  endfacet
  facet normal 0.000000e+00 0.000000e+00 -1.000000e+00
    outer loop
      vertex   -1.294773e+00 -1.402992e+01 -6.257629e+00
      vertex   -1.033431e+01 1.122011e+01 -6.257629e+00
      vertex   -9.368169e-01 -1.378722e+01 -6.257629e+00
    endloop
  endfacet
  facet normal 0.000000e+00 0.000000e+00 -1.000000e+00
    outer loop
      vertex   -9.368169e-01 -1.378722e+01 -6.257629e+00
      vertex   -1.033431e+01 1.122011e+01 -6.257629e+00
      vertex   -5.350567e-01 -1.362714e+01 -6.257629e+00
    endloop
  endfacet
  facet normal 0.000000e+00 0.000000e+00 -1.000000e+00
    outer loop
      vertex   -5.350567e-01 -1.362714e+01 -6.257629e+00
      vertex   -1.033431e+01 1.122011e+01 -6.257629e+00
      vertex   3.771504e+00 -9.764789e+00 -6.257629e+00
    endloop
  endfacet
  facet normal 0.000000e+00 0.000000e+00 -1.000000e+00
    outer loop
      vertex   -5.350567e-01 -1.362714e+01 -6.257629e+00
      vertex   3.771504e+00 -9.764789e+00 -6.257629e+00
      vertex   -1.082778e-01 -1.355718e+01 -6.257629e+00
    endloop
  endfacet
  facet normal 0.000000e+00 0.000000e+00 -1.000000e+00
    outer loop
      vertex   -1.082778e-01 -1.355718e+01 -6.257629e+00
      vertex   3.771504e+00 -9.764789e+00 -6.257629e+00
      vertex   3.235640e-01 -1.358059e+01 -6.257629e+00
    endloop
  endfacet
  facet normal 0.000000e+00 0.000000e+00 -1.000000e+00
    outer loop
      vertex   3.235640e-01 -1.358059e+01 -6.257629e+00
      vertex   3.771504e+00 -9.764789e+00 -6.257629e+00
      vertex   3.642317e+00 -1.009108e+01 -6.257629e+00
    endloop
  endfacet
  facet normal 0.000000e+00 0.000000e+00 -1.000000e+00
    outer loop
      vertex   3.235640e-01 -1.358059e+01 -6.257629e+00
      vertex   3.642317e+00 -1.009108e+01 -6.257629e+00
      vertex   7.402763e-01 -1.369629e+01 -6.257629e+00
    endloop
  endfacet
  facet normal 0.000000e+00 0.000000e+00 -1.000000e+00
    outer loop
      vertex   7.402763e-01 -1.369629e+01 -6.257629e+00
      vertex   3.642317e+00 -1.009108e+01 -6.257629e+00
      vertex   1.122374e+00 -1.389887e+01 -6.257629e+00
    endloop
  endfacet
  facet normal 0.000000e+00 0.000000e+00 -1.000000e+00
    outer loop
      vertex   1.122374e+00 -1.389887e+01 -6.257629e+00
      vertex   3.642317e+00 -1.009108e+01 -6.257629e+00
      vertex   3.598333e+00 -1.043924e+01 -6.257629e+00
    endloop
  endfacet
  facet normal 0.000000e+00 0.000000e+00 -1.000000e+00
    outer loop
      vertex   1.122374e+00 -1.389887e+01 -6.257629e+00
      vertex   3.598333e+00 -1.043924e+01 -6.257629e+00
      vertex   1.451991e+00 -1.417885e+01 -6.257629e+00
    endloop
  endfacet
  facet normal 0.000000e+00 0.000000e+00 -1.000000e+00
    outer loop
      vertex   1.451991e+00 -1.417885e+01 -6.257629e+00
      vertex   3.598333e+00 -1.043924e+01 -6.257629e+00
      vertex   1.713714e+00 -1.452314e+01 -6.257629e+00
    endloop
  endfacet
  facet normal 0.000000e+00 0.000000e+00 -1.000000e+00
    outer loop
      vertex   1.713714e+00 -1.452314e+01 -6.257629e+00
      vertex   3.598333e+00 -1.043924e+01 -6.257629e+00
      vertex   3.642317e+00 -1.078741e+01 -6.257629e+00
    endloop
  endfacet
  facet normal 0.000000e+00 0.000000e+00 -1.000000e+00
    outer loop
      vertex   1.713714e+00 -1.452314e+01 -6.257629e+00
      vertex   3.642317e+00 -1.078741e+01 -6.257629e+00
      vertex   1.895306e+00 -1.491564e+01 -6.257629e+00
    endloop
  endfacet
  facet normal 0.000000e+00 0.000000e+00 -1.000000e+00
    outer loop
      vertex   1.895306e+00 -1.491564e+01 -6.257629e+00
      vertex   3.642317e+00 -1.078741e+01 -6.257629e+00
      vertex   1.988276e+00 -1.533801e+01 -6.257629e+00
    endloop
  endfacet
  facet normal 0.000000e+00 0.000000e+00 -1.000000e+00
    outer loop
      vertex   1.988276e+00 -1.533801e+01 -6.257629e+00
      vertex   3.642317e+00 -1.078741e+01 -6.257629e+00
      vertex   3.771504e+00 -1.111370e+01 -6.257629e+00
    endloop
  endfacet
  facet normal 0.000000e+00 0.000000e+00 -1.000000e+00
    outer loop
      vertex   1.988276e+00 -1.533801e+01 -6.257629e+00
      vertex   3.771504e+00 -1.111370e+01 -6.257629e+00
      vertex   3.977777e+00 -1.139761e+01 -6.257629e+00
    endloop
  endfacet
  facet normal 0.000000e+00 0.000000e+00 -1.000000e+00
    outer loop
      vertex   -1.210000e+01 -5.616920e+01 -6.257629e+00
      vertex   -1.953241e+00 -1.598419e+01 -6.257629e+00
      vertex   -1.033431e+01 -5.793489e+01 -6.257629e+00
    endloop
  endfacet
  facet normal 0.000000e+00 0.000000e+00 -1.000000e+00
    outer loop
      vertex   -1.033431e+01 -5.793489e+01 -6.257629e+00
      vertex   -1.953241e+00 -1.598419e+01 -6.257629e+00
      vertex   -1.815151e+00 -1.639402e+01 -6.257629e+00
    endloop
  endfacet
  facet normal 0.000000e+00 0.000000e+00 -1.000000e+00
    outer loop
      vertex   -1.033431e+01 -5.793489e+01 -6.257629e+00
      vertex   -1.815151e+00 -1.639402e+01 -6.257629e+00
      vertex   -1.592186e+00 -1.676459e+01 -6.257629e+00
    endloop
  endfacet
  facet normal 0.000000e+00 -0.000000e+00 -1.000000e+00
    outer loop
      vertex   -1.592186e+00 -1.676459e+01 -6.257629e+00
      vertex   -1.294773e+00 -1.707857e+01 -6.257629e+00
      vertex   -1.033431e+01 -5.793489e+01 -6.257629e+00
    endloop
  endfacet
  facet normal 0.000000e+00 0.000000e+00 -1.000000e+00
    outer loop
      vertex   -1.033431e+01 -5.793489e+01 -6.257629e+00
      vertex   -1.294773e+00 -1.707857e+01 -6.257629e+00
      vertex   -9.368169e-01 -1.732127e+01 -6.257629e+00
    endloop
  endfacet
  facet normal 0.000000e+00 0.000000e+00 -1.000000e+00
    outer loop
      vertex   -1.033431e+01 -5.793489e+01 -6.257629e+00
      vertex   -9.368169e-01 -1.732127e+01 -6.257629e+00
      vertex   -5.350567e-01 -1.748134e+01 -6.257629e+00
    endloop
  endfacet
  facet normal 0.000000e+00 -0.000000e+00 -1.000000e+00
    outer loop
      vertex   -5.350567e-01 -1.748134e+01 -6.257629e+00
      vertex   -1.082778e-01 -1.755131e+01 -6.257629e+00
      vertex   -1.033431e+01 -5.793489e+01 -6.257629e+00
    endloop
  endfacet
  facet normal 0.000000e+00 0.000000e+00 -1.000000e+00
    outer loop
      vertex   -1.033431e+01 -5.793489e+01 -6.257629e+00
      vertex   -1.082778e-01 -1.755131e+01 -6.257629e+00
      vertex   1.033431e+01 -5.793489e+01 -6.257629e+00
    endloop
  endfacet
  facet normal 0.000000e+00 0.000000e+00 -1.000000e+00
    outer loop
      vertex   1.033431e+01 -5.793489e+01 -6.257629e+00
      vertex   -1.082778e-01 -1.755131e+01 -6.257629e+00
      vertex   3.235640e-01 -1.752790e+01 -6.257629e+00
    endloop
  endfacet
  facet normal 0.000000e+00 0.000000e+00 -1.000000e+00
    outer loop
      vertex   1.033431e+01 -5.793489e+01 -6.257629e+00
      vertex   3.235640e-01 -1.752790e+01 -6.257629e+00
      vertex   7.402763e-01 -1.741220e+01 -6.257629e+00
    endloop
  endfacet
  facet normal 0.000000e+00 0.000000e+00 -1.000000e+00
    outer loop
      vertex   7.402763e-01 -1.741220e+01 -6.257629e+00
      vertex   1.122374e+00 -1.720962e+01 -6.257629e+00
      vertex   1.033431e+01 -5.793489e+01 -6.257629e+00
    endloop
  endfacet
  facet normal 0.000000e+00 0.000000e+00 -1.000000e+00
    outer loop
      vertex   1.033431e+01 -5.793489e+01 -6.257629e+00
      vertex   1.122374e+00 -1.720962e+01 -6.257629e+00
      vertex   1.451991e+00 -1.692964e+01 -6.257629e+00
    endloop
  endfacet
  facet normal 0.000000e+00 0.000000e+00 -1.000000e+00
    outer loop
      vertex   1.033431e+01 -5.793489e+01 -6.257629e+00
      vertex   1.451991e+00 -1.692964e+01 -6.257629e+00
      vertex   1.713714e+00 -1.658535e+01 -6.257629e+00
    endloop
  endfacet
  facet normal 0.000000e+00 0.000000e+00 -1.000000e+00
    outer loop
      vertex   1.713714e+00 -1.658535e+01 -6.257629e+00
      vertex   1.895306e+00 -1.619285e+01 -6.257629e+00
      vertex   1.033431e+01 -5.793489e+01 -6.257629e+00
    endloop
  endfacet
  facet normal 0.000000e+00 0.000000e+00 -1.000000e+00
    outer loop
      vertex   1.033431e+01 -5.793489e+01 -6.257629e+00
      vertex   1.895306e+00 -1.619285e+01 -6.257629e+00
      vertex   5.594424e+00 -1.170600e+01 -6.257629e+00
    endloop
  endfacet
  facet normal 0.000000e+00 0.000000e+00 -1.000000e+00
    outer loop
      vertex   1.033431e+01 -5.793489e+01 -6.257629e+00
      vertex   5.594424e+00 -1.170600e+01 -6.257629e+00
      vertex   5.890727e+00 -1.151796e+01 -6.257629e+00
    endloop
  endfacet
  facet normal 0.000000e+00 -0.000000e+00 -1.000000e+00
    outer loop
      vertex   1.988276e+00 -1.577048e+01 -6.257629e+00
      vertex   4.910427e+00 -1.183648e+01 -6.257629e+00
      vertex   1.895306e+00 -1.619285e+01 -6.257629e+00
    endloop
  endfacet
  facet normal 0.000000e+00 0.000000e+00 -1.000000e+00
    outer loop
      vertex   1.895306e+00 -1.619285e+01 -6.257629e+00
      vertex   4.910427e+00 -1.183648e+01 -6.257629e+00
      vertex   5.260667e+00 -1.181445e+01 -6.257629e+00
    endloop
  endfacet
  facet normal 0.000000e+00 0.000000e+00 -1.000000e+00
    outer loop
      vertex   1.895306e+00 -1.619285e+01 -6.257629e+00
      vertex   5.260667e+00 -1.181445e+01 -6.257629e+00
      vertex   5.594424e+00 -1.170600e+01 -6.257629e+00
    endloop
  endfacet
  facet normal 0.000000e+00 0.000000e+00 -1.000000e+00
    outer loop
      vertex   1.988276e+00 -1.533801e+01 -6.257629e+00
      vertex   3.977777e+00 -1.139761e+01 -6.257629e+00
      vertex   1.988276e+00 -1.577048e+01 -6.257629e+00
    endloop
  endfacet
  facet normal 0.000000e+00 0.000000e+00 -1.000000e+00
    outer loop
      vertex   1.988276e+00 -1.577048e+01 -6.257629e+00
      vertex   3.977777e+00 -1.139761e+01 -6.257629e+00
      vertex   4.248176e+00 -1.162130e+01 -6.257629e+00
    endloop
  endfacet
  facet normal 0.000000e+00 0.000000e+00 -1.000000e+00
    outer loop
      vertex   1.988276e+00 -1.577048e+01 -6.257629e+00
      vertex   4.248176e+00 -1.162130e+01 -6.257629e+00
      vertex   4.565710e+00 -1.177072e+01 -6.257629e+00
    endloop
  endfacet
  facet normal 0.000000e+00 0.000000e+00 -1.000000e+00
    outer loop
      vertex   3.771504e+00 -9.764789e+00 -6.257629e+00
      vertex   -1.033431e+01 1.122011e+01 -6.257629e+00
      vertex   3.977777e+00 -9.480878e+00 -6.257629e+00
    endloop
  endfacet
  facet normal 0.000000e+00 0.000000e+00 -1.000000e+00
    outer loop
      vertex   3.977777e+00 -9.480878e+00 -6.257629e+00
      vertex   -1.033431e+01 1.122011e+01 -6.257629e+00
      vertex   1.033431e+01 1.122011e+01 -6.257629e+00
    endloop
  endfacet
  facet normal 0.000000e+00 0.000000e+00 -1.000000e+00
    outer loop
      vertex   3.977777e+00 -9.480878e+00 -6.257629e+00
      vertex   1.033431e+01 1.122011e+01 -6.257629e+00
      vertex   4.248176e+00 -9.257185e+00 -6.257629e+00
    endloop
  endfacet
  facet normal 0.000000e+00 0.000000e+00 -1.000000e+00
    outer loop
      vertex   4.248176e+00 -9.257185e+00 -6.257629e+00
      vertex   1.033431e+01 1.122011e+01 -6.257629e+00
      vertex   4.565710e+00 -9.107765e+00 -6.257629e+00
    endloop
  endfacet
  facet normal 0.000000e+00 0.000000e+00 -1.000000e+00
    outer loop
      vertex   4.565710e+00 -9.107765e+00 -6.257629e+00
      vertex   1.033431e+01 1.122011e+01 -6.257629e+00
      vertex   4.910427e+00 -9.042007e+00 -6.257629e+00
    endloop
  endfacet
  facet normal 0.000000e+00 0.000000e+00 -1.000000e+00
    outer loop
      vertex   4.910427e+00 -9.042007e+00 -6.257629e+00
      vertex   1.033431e+01 1.122011e+01 -6.257629e+00
      vertex   5.260667e+00 -9.064042e+00 -6.257629e+00
    endloop
  endfacet
  facet normal 0.000000e+00 0.000000e+00 -1.000000e+00
    outer loop
      vertex   5.260667e+00 -9.064042e+00 -6.257629e+00
      vertex   1.033431e+01 1.122011e+01 -6.257629e+00
      vertex   5.594424e+00 -9.172486e+00 -6.257629e+00
    endloop
  endfacet
  facet normal 0.000000e+00 0.000000e+00 -1.000000e+00
    outer loop
      vertex   5.594424e+00 -9.172486e+00 -6.257629e+00
      vertex   1.033431e+01 1.122011e+01 -6.257629e+00
      vertex   5.890727e+00 -9.360526e+00 -6.257629e+00
    endloop
  endfacet
  facet normal 0.000000e+00 0.000000e+00 -1.000000e+00
    outer loop
      vertex   5.890727e+00 -9.360526e+00 -6.257629e+00
      vertex   1.033431e+01 1.122011e+01 -6.257629e+00
      vertex   6.130957e+00 -9.616345e+00 -6.257629e+00
    endloop
  endfacet
  facet normal 0.000000e+00 0.000000e+00 -1.000000e+00
    outer loop
      vertex   6.130957e+00 -9.616345e+00 -6.257629e+00
      vertex   1.033431e+01 1.122011e+01 -6.257629e+00
      vertex   6.300020e+00 -9.923870e+00 -6.257629e+00
    endloop
  endfacet
  facet normal 0.000000e+00 0.000000e+00 -1.000000e+00
    outer loop
      vertex   6.300020e+00 -9.923870e+00 -6.257629e+00
      vertex   1.033431e+01 1.122011e+01 -6.257629e+00
      vertex   1.210000e+01 9.454427e+00 -6.257629e+00
    endloop
  endfacet
  facet normal 0.000000e+00 0.000000e+00 -1.000000e+00
    outer loop
      vertex   6.300020e+00 -9.923870e+00 -6.257629e+00
      vertex   1.210000e+01 9.454427e+00 -6.257629e+00
      vertex   6.387294e+00 -1.026378e+01 -6.257629e+00
    endloop
  endfacet
  facet normal 0.000000e+00 -0.000000e+00 -1.000000e+00
    outer loop
      vertex   6.387294e+00 -1.026378e+01 -6.257629e+00
      vertex   1.210000e+01 9.454427e+00 -6.257629e+00
      vertex   6.387294e+00 -1.061471e+01 -6.257629e+00
    endloop
  endfacet
  facet normal 0.000000e+00 0.000000e+00 -1.000000e+00
    outer loop
      vertex   6.387294e+00 -1.061471e+01 -6.257629e+00
      vertex   1.210000e+01 9.454427e+00 -6.257629e+00
      vertex   1.210000e+01 -5.616920e+01 -6.257629e+00
    endloop
  endfacet
  facet normal 0.000000e+00 -0.000000e+00 -1.000000e+00
    outer loop
      vertex   6.387294e+00 -1.061471e+01 -6.257629e+00
      vertex   1.210000e+01 -5.616920e+01 -6.257629e+00
      vertex   6.300020e+00 -1.095462e+01 -6.257629e+00
    endloop
  endfacet
  facet normal 0.000000e+00 -0.000000e+00 -1.000000e+00
    outer loop
      vertex   6.300020e+00 -1.095462e+01 -6.257629e+00
      vertex   1.210000e+01 -5.616920e+01 -6.257629e+00
      vertex   6.130957e+00 -1.126214e+01 -6.257629e+00
    endloop
  endfacet
  facet normal 0.000000e+00 -0.000000e+00 -1.000000e+00
    outer loop
      vertex   6.130957e+00 -1.126214e+01 -6.257629e+00
      vertex   1.210000e+01 -5.616920e+01 -6.257629e+00
      vertex   5.890727e+00 -1.151796e+01 -6.257629e+00
    endloop
  endfacet
  facet normal 0.000000e+00 0.000000e+00 -1.000000e+00
    outer loop
      vertex   5.890727e+00 -1.151796e+01 -6.257629e+00
      vertex   1.210000e+01 -5.616920e+01 -6.257629e+00
      vertex   1.033431e+01 -5.793489e+01 -6.257629e+00
    endloop
  endfacet
  facet normal 0.000000e+00 -0.000000e+00 -1.000000e+00
    outer loop
      vertex   4.565710e+00 -1.177072e+01 -6.257629e+00
      vertex   4.910427e+00 -1.183648e+01 -6.257629e+00
      vertex   1.988276e+00 -1.577048e+01 -6.257629e+00
    endloop
  endfacet
  facet normal 0.000000e+00 0.000000e+00 1.000000e+00
    outer loop
      vertex   4.743597e+00 9.320112e+00 -6.576289e-01
      vertex   6.983333e+00 9.320112e+00 -6.576289e-01
      vertex   4.743597e+00 9.620112e+00 -6.576289e-01
    endloop
  endfacet
  facet normal 0.000000e+00 0.000000e+00 1.000000e+00
    outer loop
      vertex   4.743597e+00 9.620112e+00 -6.576289e-01
      vertex   6.983333e+00 9.320112e+00 -6.576289e-01
      vertex   8.500000e+00 9.620112e+00 -6.576289e-01
    endloop
  endfacet
  facet normal 0.000000e+00 0.000000e+00 1.000000e+00
    outer loop
      vertex   8.500000e+00 9.620112e+00 -6.576289e-01
      vertex   6.983333e+00 9.320112e+00 -6.576289e-01
      vertex   7.393998e+00 9.279665e+00 -6.576289e-01
    endloop
  endfacet
  facet normal 0.000000e+00 0.000000e+00 1.000000e+00
    outer loop
      vertex   8.500000e+00 9.620112e+00 -6.576289e-01
      vertex   7.393998e+00 9.279665e+00 -6.576289e-01
      vertex   7.788882e+00 9.159878e+00 -6.576289e-01
    endloop
  endfacet
  facet normal -0.000000e+00 0.000000e+00 1.000000e+00
    outer loop
      vertex   7.788882e+00 9.159878e+00 -6.576289e-01
      vertex   8.152808e+00 8.965355e+00 -6.576289e-01
      vertex   8.500000e+00 9.620112e+00 -6.576289e-01
    endloop
  endfacet
  facet normal 0.000000e+00 0.000000e+00 1.000000e+00
    outer loop
      vertex   8.500000e+00 9.620112e+00 -6.576289e-01
      vertex   8.152808e+00 8.965355e+00 -6.576289e-01
      vertex   8.471793e+00 8.703572e+00 -6.576289e-01
    endloop
  endfacet
  facet normal 0.000000e+00 0.000000e+00 1.000000e+00
    outer loop
      vertex   8.500000e+00 9.620112e+00 -6.576289e-01
      vertex   8.471793e+00 8.703572e+00 -6.576289e-01
      vertex   8.733576e+00 8.384587e+00 -6.576289e-01
    endloop
  endfacet
  facet normal -0.000000e+00 -0.000000e+00 1.000000e+00
    outer loop
      vertex   8.733576e+00 8.384587e+00 -6.576289e-01
      vertex   8.928099e+00 8.020661e+00 -6.576289e-01
      vertex   8.500000e+00 9.620112e+00 -6.576289e-01
    endloop
  endfacet
  facet normal 0.000000e+00 0.000000e+00 1.000000e+00
    outer loop
      vertex   8.500000e+00 9.620112e+00 -6.576289e-01
      vertex   8.928099e+00 8.020661e+00 -6.576289e-01
      vertex   1.050000e+01 7.620112e+00 -6.576289e-01
    endloop
  endfacet
  facet normal 0.000000e+00 0.000000e+00 1.000000e+00
    outer loop
      vertex   1.050000e+01 7.620112e+00 -6.576289e-01
      vertex   8.928099e+00 8.020661e+00 -6.576289e-01
      vertex   9.047886e+00 7.625777e+00 -6.576289e-01
    endloop
  endfacet
  facet normal 1.055117e-18 2.704515e-16 1.000000e+00
    outer loop
      vertex   1.050000e+01 7.620112e+00 -6.576289e-01
      vertex   9.047886e+00 7.625777e+00 -6.576289e-01
      vertex   9.088333e+00 7.215112e+00 -6.576289e-01
    endloop
  endfacet
  facet normal 8.102437e-17 -8.289135e-18 1.000000e+00
    outer loop
      vertex   9.088333e+00 7.215112e+00 -6.576289e-01
      vertex   9.088333e+00 -6.178601e+00 -6.576289e-01
      vertex   1.050000e+01 7.620112e+00 -6.576289e-01
    endloop
  endfacet
  facet normal 0.000000e+00 0.000000e+00 1.000000e+00
    outer loop
      vertex   1.050000e+01 7.620112e+00 -6.576289e-01
      vertex   9.088333e+00 -6.178601e+00 -6.576289e-01
      vertex   1.050000e+01 -1.327360e+01 -6.576289e-01
    endloop
  endfacet
  facet normal 0.000000e+00 0.000000e+00 1.000000e+00
    outer loop
      vertex   1.050000e+01 -1.327360e+01 -6.576289e-01
      vertex   9.088333e+00 -6.178601e+00 -6.576289e-01
      vertex   9.088333e+00 -6.828600e+00 -6.576289e-01
    endloop
  endfacet
  facet normal 0.000000e+00 0.000000e+00 1.000000e+00
    outer loop
      vertex   1.050000e+01 -1.327360e+01 -6.576289e-01
      vertex   9.088333e+00 -6.828600e+00 -6.576289e-01
      vertex   9.088333e+00 -8.718601e+00 -6.576289e-01
    endloop
  endfacet
  facet normal 0.000000e+00 0.000000e+00 1.000000e+00
    outer loop
      vertex   9.088333e+00 -6.178601e+00 -6.576289e-01
      vertex   8.883158e+00 -6.178601e+00 -6.576289e-01
      vertex   9.088333e+00 -6.828600e+00 -6.576289e-01
    endloop
  endfacet
  facet normal 0.000000e+00 0.000000e+00 1.000000e+00
    outer loop
      vertex   9.088333e+00 -6.828600e+00 -6.576289e-01
      vertex   8.883158e+00 -6.178601e+00 -6.576289e-01
      vertex   8.883158e+00 -6.828600e+00 -6.576289e-01
    endloop
  endfacet
  facet normal 0.000000e+00 0.000000e+00 1.000000e+00
    outer loop
      vertex   8.883158e+00 -6.828600e+00 -6.576289e-01
      vertex   8.883158e+00 -6.178601e+00 -6.576289e-01
      vertex   8.799042e+00 -6.817526e+00 -6.576289e-01
    endloop
  endfacet
  facet normal 0.000000e+00 -0.000000e+00 1.000000e+00
    outer loop
      vertex   8.799042e+00 -6.817526e+00 -6.576289e-01
      vertex   8.883158e+00 -6.178601e+00 -6.576289e-01
      vertex   8.799042e+00 -6.189675e+00 -6.576289e-01
    endloop
  endfacet
  facet normal 0.000000e+00 0.000000e+00 1.000000e+00
    outer loop
      vertex   8.799042e+00 -6.817526e+00 -6.576289e-01
      vertex   8.799042e+00 -6.189675e+00 -6.576289e-01
      vertex   8.720659e+00 -6.222143e+00 -6.576289e-01
    endloop
  endfacet
  facet normal 0.000000e+00 0.000000e+00 1.000000e+00
    outer loop
      vertex   8.799042e+00 -6.817526e+00 -6.576289e-01
      vertex   8.720659e+00 -6.222143e+00 -6.576289e-01
      vertex   8.720659e+00 -6.785059e+00 -6.576289e-01
    endloop
  endfacet
  facet normal 0.000000e+00 0.000000e+00 1.000000e+00
    outer loop
      vertex   8.720659e+00 -6.785059e+00 -6.576289e-01
      vertex   8.720659e+00 -6.222143e+00 -6.576289e-01
      vertex   8.653349e+00 -6.273792e+00 -6.576289e-01
    endloop
  endfacet
  facet normal 0.000000e+00 0.000000e+00 1.000000e+00
    outer loop
      vertex   8.720659e+00 -6.785059e+00 -6.576289e-01
      vertex   8.653349e+00 -6.273792e+00 -6.576289e-01
      vertex   8.653349e+00 -6.733410e+00 -6.576289e-01
    endloop
  endfacet
  facet normal 0.000000e+00 0.000000e+00 1.000000e+00
    outer loop
      vertex   8.653349e+00 -6.733410e+00 -6.576289e-01
      vertex   8.653349e+00 -6.273792e+00 -6.576289e-01
      vertex   8.601700e+00 -6.341101e+00 -6.576289e-01
    endloop
  endfacet
  facet normal 0.000000e+00 0.000000e+00 1.000000e+00
    outer loop
      vertex   8.653349e+00 -6.733410e+00 -6.576289e-01
      vertex   8.601700e+00 -6.341101e+00 -6.576289e-01
      vertex   8.601700e+00 -6.666101e+00 -6.576289e-01
    endloop
  endfacet
  facet normal 0.000000e+00 0.000000e+00 1.000000e+00
    outer loop
      vertex   8.601700e+00 -6.666101e+00 -6.576289e-01
      vertex   8.601700e+00 -6.341101e+00 -6.576289e-01
      vertex   8.569233e+00 -6.419485e+00 -6.576289e-01
    endloop
  endfacet
  facet normal 0.000000e+00 0.000000e+00 1.000000e+00
    outer loop
      vertex   8.601700e+00 -6.666101e+00 -6.576289e-01
      vertex   8.569233e+00 -6.419485e+00 -6.576289e-01
      vertex   8.569233e+00 -6.587717e+00 -6.576289e-01
    endloop
  endfacet
  facet normal 0.000000e+00 0.000000e+00 1.000000e+00
    outer loop
      vertex   8.569233e+00 -6.587717e+00 -6.576289e-01
      vertex   8.569233e+00 -6.419485e+00 -6.576289e-01
      vertex   8.558159e+00 -6.503601e+00 -6.576289e-01
    endloop
  endfacet
  facet normal 0.000000e+00 0.000000e+00 1.000000e+00
    outer loop
      vertex   1.050000e+01 -1.327360e+01 -6.576289e-01
      vertex   9.088333e+00 -8.718601e+00 -6.576289e-01
      vertex   9.088333e+00 -9.368600e+00 -6.576289e-01
    endloop
  endfacet
  facet normal 0.000000e+00 0.000000e+00 1.000000e+00
    outer loop
      vertex   9.088333e+00 -9.368600e+00 -6.576289e-01
      vertex   9.088333e+00 -8.718601e+00 -6.576289e-01
      vertex   8.883158e+00 -8.718601e+00 -6.576289e-01
    endloop
  endfacet
  facet normal 0.000000e+00 0.000000e+00 1.000000e+00
    outer loop
      vertex   9.088333e+00 -9.368600e+00 -6.576289e-01
      vertex   8.883158e+00 -8.718601e+00 -6.576289e-01
      vertex   8.883158e+00 -9.368600e+00 -6.576289e-01
    endloop
  endfacet
  facet normal 0.000000e+00 0.000000e+00 1.000000e+00
    outer loop
      vertex   8.883158e+00 -9.368600e+00 -6.576289e-01
      vertex   8.883158e+00 -8.718601e+00 -6.576289e-01
      vertex   8.799042e+00 -9.357526e+00 -6.576289e-01
    endloop
  endfacet
  facet normal 0.000000e+00 -0.000000e+00 1.000000e+00
    outer loop
      vertex   8.799042e+00 -9.357526e+00 -6.576289e-01
      vertex   8.883158e+00 -8.718601e+00 -6.576289e-01
      vertex   8.799042e+00 -8.729675e+00 -6.576289e-01
    endloop
  endfacet
  facet normal 0.000000e+00 0.000000e+00 1.000000e+00
    outer loop
      vertex   8.799042e+00 -9.357526e+00 -6.576289e-01
      vertex   8.799042e+00 -8.729675e+00 -6.576289e-01
      vertex   8.720659e+00 -8.762143e+00 -6.576289e-01
    endloop
  endfacet
  facet normal 0.000000e+00 0.000000e+00 1.000000e+00
    outer loop
      vertex   8.799042e+00 -9.357526e+00 -6.576289e-01
      vertex   8.720659e+00 -8.762143e+00 -6.576289e-01
      vertex   8.720659e+00 -9.325059e+00 -6.576289e-01
    endloop
  endfacet
  facet normal 0.000000e+00 0.000000e+00 1.000000e+00
    outer loop
      vertex   8.720659e+00 -9.325059e+00 -6.576289e-01
      vertex   8.720659e+00 -8.762143e+00 -6.576289e-01
      vertex   8.653349e+00 -8.813792e+00 -6.576289e-01
    endloop
  endfacet
  facet normal 0.000000e+00 0.000000e+00 1.000000e+00
    outer loop
      vertex   8.720659e+00 -9.325059e+00 -6.576289e-01
      vertex   8.653349e+00 -8.813792e+00 -6.576289e-01
      vertex   8.653349e+00 -9.273410e+00 -6.576289e-01
    endloop
  endfacet
  facet normal 0.000000e+00 0.000000e+00 1.000000e+00
    outer loop
      vertex   8.653349e+00 -9.273410e+00 -6.576289e-01
      vertex   8.653349e+00 -8.813792e+00 -6.576289e-01
      vertex   8.601700e+00 -8.881101e+00 -6.576289e-01
    endloop
  endfacet
  facet normal 0.000000e+00 0.000000e+00 1.000000e+00
    outer loop
      vertex   8.653349e+00 -9.273410e+00 -6.576289e-01
      vertex   8.601700e+00 -8.881101e+00 -6.576289e-01
      vertex   8.601700e+00 -9.206101e+00 -6.576289e-01
    endloop
  endfacet
  facet normal 0.000000e+00 0.000000e+00 1.000000e+00
    outer loop
      vertex   8.601700e+00 -9.206101e+00 -6.576289e-01
      vertex   8.601700e+00 -8.881101e+00 -6.576289e-01
      vertex   8.569233e+00 -8.959485e+00 -6.576289e-01
    endloop
  endfacet
  facet normal 0.000000e+00 0.000000e+00 1.000000e+00
    outer loop
      vertex   8.601700e+00 -9.206101e+00 -6.576289e-01
      vertex   8.569233e+00 -8.959485e+00 -6.576289e-01
      vertex   8.569233e+00 -9.127717e+00 -6.576289e-01
    endloop
  endfacet
  facet normal 0.000000e+00 0.000000e+00 1.000000e+00
    outer loop
      vertex   8.569233e+00 -9.127717e+00 -6.576289e-01
      vertex   8.569233e+00 -8.959485e+00 -6.576289e-01
      vertex   8.558159e+00 -9.043601e+00 -6.576289e-01
    endloop
  endfacet
  facet normal 5.471595e-16 1.977994e-16 1.000000e+00
    outer loop
      vertex   9.088333e+00 -9.368600e+00 -6.576289e-01
      vertex   9.088333e+00 -9.929888e+00 -6.576289e-01
      vertex   1.050000e+01 -1.327360e+01 -6.576289e-01
    endloop
  endfacet
  facet normal -4.554535e-16 -2.254891e-16 1.000000e+00
    outer loop
      vertex   1.050000e+01 -1.327360e+01 -6.576289e-01
      vertex   9.088333e+00 -9.929888e+00 -6.576289e-01
      vertex   9.047886e+00 -1.034055e+01 -6.576289e-01
    endloop
  endfacet
  facet normal 0.000000e+00 0.000000e+00 1.000000e+00
    outer loop
      vertex   1.050000e+01 -1.327360e+01 -6.576289e-01
      vertex   9.047886e+00 -1.034055e+01 -6.576289e-01
      vertex   8.928099e+00 -1.073544e+01 -6.576289e-01
    endloop
  endfacet
  facet normal 0.000000e+00 0.000000e+00 1.000000e+00
    outer loop
      vertex   8.928099e+00 -1.073544e+01 -6.576289e-01
      vertex   8.733576e+00 -1.109936e+01 -6.576289e-01
      vertex   1.050000e+01 -1.327360e+01 -6.576289e-01
    endloop
  endfacet
  facet normal 0.000000e+00 0.000000e+00 1.000000e+00
    outer loop
      vertex   1.050000e+01 -1.327360e+01 -6.576289e-01
      vertex   8.733576e+00 -1.109936e+01 -6.576289e-01
      vertex   8.471793e+00 -1.141835e+01 -6.576289e-01
    endloop
  endfacet
  facet normal 0.000000e+00 0.000000e+00 1.000000e+00
    outer loop
      vertex   1.050000e+01 -1.327360e+01 -6.576289e-01
      vertex   8.471793e+00 -1.141835e+01 -6.576289e-01
      vertex   8.152808e+00 -1.168013e+01 -6.576289e-01
    endloop
  endfacet
  facet normal 0.000000e+00 0.000000e+00 1.000000e+00
    outer loop
      vertex   8.152808e+00 -1.168013e+01 -6.576289e-01
      vertex   7.788882e+00 -1.187465e+01 -6.576289e-01
      vertex   1.050000e+01 -1.327360e+01 -6.576289e-01
    endloop
  endfacet
  facet normal 0.000000e+00 0.000000e+00 1.000000e+00
    outer loop
      vertex   1.050000e+01 -1.327360e+01 -6.576289e-01
      vertex   7.788882e+00 -1.187465e+01 -6.576289e-01
      vertex   7.393999e+00 -1.199444e+01 -6.576289e-01
    endloop
  endfacet
  facet normal 0.000000e+00 0.000000e+00 1.000000e+00
    outer loop
      vertex   1.050000e+01 -1.327360e+01 -6.576289e-01
      vertex   7.393999e+00 -1.199444e+01 -6.576289e-01
      vertex   5.500000e+00 -1.327360e+01 -6.576289e-01
    endloop
  endfacet
  facet normal 0.000000e+00 0.000000e+00 1.000000e+00
    outer loop
      vertex   5.500000e+00 -1.327360e+01 -6.576289e-01
      vertex   7.393999e+00 -1.199444e+01 -6.576289e-01
      vertex   6.983334e+00 -1.203489e+01 -6.576289e-01
    endloop
  endfacet
  facet normal 0.000000e+00 -0.000000e+00 1.000000e+00
    outer loop
      vertex   5.500000e+00 -1.327360e+01 -6.576289e-01
      vertex   6.983334e+00 -1.203489e+01 -6.576289e-01
      vertex   5.500000e+00 -1.203489e+01 -6.576289e-01
    endloop
  endfacet
  facet normal 0.000000e+00 -0.000000e+00 1.000000e+00
    outer loop
      vertex   -4.856403e+00 9.320112e+00 -6.576289e-01
      vertex   -4.856403e+00 9.620112e+00 -6.576289e-01
      vertex   -6.986667e+00 9.320112e+00 -6.576289e-01
    endloop
  endfacet
  facet normal 0.000000e+00 -0.000000e+00 1.000000e+00
    outer loop
      vertex   -6.986667e+00 9.320112e+00 -6.576289e-01
      vertex   -4.856403e+00 9.620112e+00 -6.576289e-01
      vertex   -8.500000e+00 9.620112e+00 -6.576289e-01
    endloop
  endfacet
  facet normal 0.000000e+00 0.000000e+00 1.000000e+00
    outer loop
      vertex   -6.986667e+00 9.320112e+00 -6.576289e-01
      vertex   -8.500000e+00 9.620112e+00 -6.576289e-01
      vertex   -7.397332e+00 9.279665e+00 -6.576289e-01
    endloop
  endfacet
  facet normal 0.000000e+00 0.000000e+00 1.000000e+00
    outer loop
      vertex   -7.397332e+00 9.279665e+00 -6.576289e-01
      vertex   -8.500000e+00 9.620112e+00 -6.576289e-01
      vertex   -7.792215e+00 9.159878e+00 -6.576289e-01
    endloop
  endfacet
  facet normal 1.674344e-16 2.574940e-16 1.000000e+00
    outer loop
      vertex   -7.792215e+00 9.159878e+00 -6.576289e-01
      vertex   -8.500000e+00 9.620112e+00 -6.576289e-01
      vertex   -8.156142e+00 8.965355e+00 -6.576289e-01
    endloop
  endfacet
  facet normal -9.724453e-17 1.184928e-16 1.000000e+00
    outer loop
      vertex   -8.156142e+00 8.965355e+00 -6.576289e-01
      vertex   -8.500000e+00 9.620112e+00 -6.576289e-01
      vertex   -8.475126e+00 8.703572e+00 -6.576289e-01
    endloop
  endfacet
  facet normal -1.428749e-16 1.172544e-16 1.000000e+00
    outer loop
      vertex   -8.475126e+00 8.703572e+00 -6.576289e-01
      vertex   -8.500000e+00 9.620112e+00 -6.576289e-01
      vertex   -8.736910e+00 8.384587e+00 -6.576289e-01
    endloop
  endfacet
  facet normal -2.621588e-16 1.401269e-16 1.000000e+00
    outer loop
      vertex   -8.736910e+00 8.384587e+00 -6.576289e-01
      vertex   -8.500000e+00 9.620112e+00 -6.576289e-01
      vertex   -8.931433e+00 8.020661e+00 -6.576289e-01
    endloop
  endfacet
  facet normal -9.505180e-17 9.505180e-17 1.000000e+00
    outer loop
      vertex   -8.931433e+00 8.020661e+00 -6.576289e-01
      vertex   -8.500000e+00 9.620112e+00 -6.576289e-01
      vertex   -1.050000e+01 7.620112e+00 -6.576289e-01
    endloop
  endfacet
  facet normal -7.672256e-17 2.327357e-17 1.000000e+00
    outer loop
      vertex   -8.931433e+00 8.020661e+00 -6.576289e-01
      vertex   -1.050000e+01 7.620112e+00 -6.576289e-01
      vertex   -9.051219e+00 7.625777e+00 -6.576289e-01
    endloop
  endfacet
  facet normal -7.666107e-17 7.550502e-18 1.000000e+00
    outer loop
      vertex   -9.051219e+00 7.625777e+00 -6.576289e-01
      vertex   -1.050000e+01 7.620112e+00 -6.576289e-01
      vertex   -9.091667e+00 7.215112e+00 -6.576289e-01
    endloop
  endfacet
  facet normal -8.121614e-17 -8.289135e-18 1.000000e+00
    outer loop
      vertex   -9.091667e+00 7.215112e+00 -6.576289e-01
      vertex   -1.050000e+01 7.620112e+00 -6.576289e-01
      vertex   -9.091667e+00 -6.178601e+00 -6.576289e-01
    endloop
  endfacet
  facet normal 0.000000e+00 0.000000e+00 1.000000e+00
    outer loop
      vertex   -9.091667e+00 -6.178601e+00 -6.576289e-01
      vertex   -1.050000e+01 7.620112e+00 -6.576289e-01
      vertex   -1.050000e+01 -1.327360e+01 -6.576289e-01
    endloop
  endfacet
  facet normal 0.000000e+00 0.000000e+00 1.000000e+00
    outer loop
      vertex   -9.091667e+00 -6.178601e+00 -6.576289e-01
      vertex   -1.050000e+01 -1.327360e+01 -6.576289e-01
      vertex   -9.091667e+00 -6.828601e+00 -6.576289e-01
    endloop
  endfacet
  facet normal 0.000000e+00 0.000000e+00 1.000000e+00
    outer loop
      vertex   -9.091667e+00 -6.828601e+00 -6.576289e-01
      vertex   -1.050000e+01 -1.327360e+01 -6.576289e-01
      vertex   -9.091667e+00 -8.718601e+00 -6.576289e-01
    endloop
  endfacet
  facet normal 0.000000e+00 0.000000e+00 1.000000e+00
    outer loop
      vertex   -9.091667e+00 -8.718601e+00 -6.576289e-01
      vertex   -1.050000e+01 -1.327360e+01 -6.576289e-01
      vertex   -9.091667e+00 -9.368601e+00 -6.576289e-01
    endloop
  endfacet
  facet normal 0.000000e+00 0.000000e+00 1.000000e+00
    outer loop
      vertex   -9.091667e+00 -8.718601e+00 -6.576289e-01
      vertex   -9.091667e+00 -9.368601e+00 -6.576289e-01
      vertex   -8.896842e+00 -9.368601e+00 -6.576289e-01
    endloop
  endfacet
  facet normal 0.000000e+00 0.000000e+00 1.000000e+00
    outer loop
      vertex   -5.500000e+00 -1.327360e+01 -6.576289e-01
      vertex   -7.397332e+00 -1.199444e+01 -6.576289e-01
      vertex   -1.050000e+01 -1.327360e+01 -6.576289e-01
    endloop
  endfacet
  facet normal 0.000000e+00 0.000000e+00 1.000000e+00
    outer loop
      vertex   -1.050000e+01 -1.327360e+01 -6.576289e-01
      vertex   -7.397332e+00 -1.199444e+01 -6.576289e-01
      vertex   -7.792215e+00 -1.187465e+01 -6.576289e-01
    endloop
  endfacet
  facet normal 0.000000e+00 0.000000e+00 1.000000e+00
    outer loop
      vertex   -1.050000e+01 -1.327360e+01 -6.576289e-01
      vertex   -7.792215e+00 -1.187465e+01 -6.576289e-01
      vertex   -8.156142e+00 -1.168013e+01 -6.576289e-01
    endloop
  endfacet
  facet normal -7.467868e-17 0.000000e+00 1.000000e+00
    outer loop
      vertex   -5.500000e+00 -1.203489e+01 -6.576289e-01
      vertex   -6.986667e+00 -1.203489e+01 -6.576289e-01
      vertex   -5.500000e+00 -1.327360e+01 -6.576289e-01
    endloop
  endfacet
  facet normal 3.165995e-16 4.696004e-16 1.000000e+00
    outer loop
      vertex   -5.500000e+00 -1.327360e+01 -6.576289e-01
      vertex   -6.986667e+00 -1.203489e+01 -6.576289e-01
      vertex   -7.397332e+00 -1.199444e+01 -6.576289e-01
    endloop
  endfacet
  facet normal 0.000000e+00 0.000000e+00 1.000000e+00
    outer loop
      vertex   -8.156142e+00 -1.168013e+01 -6.576289e-01
      vertex   -8.475126e+00 -1.141835e+01 -6.576289e-01
      vertex   -1.050000e+01 -1.327360e+01 -6.576289e-01
    endloop
  endfacet
  facet normal 0.000000e+00 0.000000e+00 1.000000e+00
    outer loop
      vertex   -1.050000e+01 -1.327360e+01 -6.576289e-01
      vertex   -8.475126e+00 -1.141835e+01 -6.576289e-01
      vertex   -8.736910e+00 -1.109936e+01 -6.576289e-01
    endloop
  endfacet
  facet normal 0.000000e+00 0.000000e+00 1.000000e+00
    outer loop
      vertex   -1.050000e+01 -1.327360e+01 -6.576289e-01
      vertex   -8.736910e+00 -1.109936e+01 -6.576289e-01
      vertex   -8.931433e+00 -1.073544e+01 -6.576289e-01
    endloop
  endfacet
  facet normal 0.000000e+00 0.000000e+00 1.000000e+00
    outer loop
      vertex   -8.931433e+00 -1.073544e+01 -6.576289e-01
      vertex   -9.051219e+00 -1.034055e+01 -6.576289e-01
      vertex   -1.050000e+01 -1.327360e+01 -6.576289e-01
    endloop
  endfacet
  facet normal 0.000000e+00 0.000000e+00 1.000000e+00
    outer loop
      vertex   -1.050000e+01 -1.327360e+01 -6.576289e-01
      vertex   -9.051219e+00 -1.034055e+01 -6.576289e-01
      vertex   -9.091667e+00 -9.929888e+00 -6.576289e-01
    endloop
  endfacet
  facet normal 0.000000e+00 0.000000e+00 1.000000e+00
    outer loop
      vertex   -1.050000e+01 -1.327360e+01 -6.576289e-01
      vertex   -9.091667e+00 -9.929888e+00 -6.576289e-01
      vertex   -9.091667e+00 -9.368601e+00 -6.576289e-01
    endloop
  endfacet
  facet normal 0.000000e+00 0.000000e+00 1.000000e+00
    outer loop
      vertex   -8.812726e+00 -9.357527e+00 -6.576289e-01
      vertex   -8.812726e+00 -8.729675e+00 -6.576289e-01
      vertex   -8.896842e+00 -9.368601e+00 -6.576289e-01
    endloop
  endfacet
  facet normal 0.000000e+00 -0.000000e+00 1.000000e+00
    outer loop
      vertex   -8.896842e+00 -9.368601e+00 -6.576289e-01
      vertex   -8.812726e+00 -8.729675e+00 -6.576289e-01
      vertex   -8.896842e+00 -8.718601e+00 -6.576289e-01
    endloop
  endfacet
  facet normal 0.000000e+00 0.000000e+00 1.000000e+00
    outer loop
      vertex   -8.896842e+00 -9.368601e+00 -6.576289e-01
      vertex   -8.896842e+00 -8.718601e+00 -6.576289e-01
      vertex   -9.091667e+00 -8.718601e+00 -6.576289e-01
    endloop
  endfacet
  facet normal 0.000000e+00 0.000000e+00 1.000000e+00
    outer loop
      vertex   -8.812726e+00 -8.729675e+00 -6.576289e-01
      vertex   -8.812726e+00 -9.357527e+00 -6.576289e-01
      vertex   -8.734342e+00 -8.762143e+00 -6.576289e-01
    endloop
  endfacet
  facet normal 0.000000e+00 0.000000e+00 1.000000e+00
    outer loop
      vertex   -8.734342e+00 -8.762143e+00 -6.576289e-01
      vertex   -8.812726e+00 -9.357527e+00 -6.576289e-01
      vertex   -8.734342e+00 -9.325059e+00 -6.576289e-01
    endloop
  endfacet
  facet normal 0.000000e+00 0.000000e+00 1.000000e+00
    outer loop
      vertex   -8.734342e+00 -8.762143e+00 -6.576289e-01
      vertex   -8.734342e+00 -9.325059e+00 -6.576289e-01
      vertex   -8.667032e+00 -8.813791e+00 -6.576289e-01
    endloop
  endfacet
  facet normal 0.000000e+00 0.000000e+00 1.000000e+00
    outer loop
      vertex   -8.667032e+00 -8.813791e+00 -6.576289e-01
      vertex   -8.734342e+00 -9.325059e+00 -6.576289e-01
      vertex   -8.667032e+00 -9.273410e+00 -6.576289e-01
    endloop
  endfacet
  facet normal 0.000000e+00 0.000000e+00 1.000000e+00
    outer loop
      vertex   -8.667032e+00 -8.813791e+00 -6.576289e-01
      vertex   -8.667032e+00 -9.273410e+00 -6.576289e-01
      vertex   -8.615384e+00 -8.881101e+00 -6.576289e-01
    endloop
  endfacet
  facet normal 0.000000e+00 0.000000e+00 1.000000e+00
    outer loop
      vertex   -8.615384e+00 -8.881101e+00 -6.576289e-01
      vertex   -8.667032e+00 -9.273410e+00 -6.576289e-01
      vertex   -8.615384e+00 -9.206101e+00 -6.576289e-01
    endloop
  endfacet
  facet normal 0.000000e+00 0.000000e+00 1.000000e+00
    outer loop
      vertex   -8.615384e+00 -8.881101e+00 -6.576289e-01
      vertex   -8.615384e+00 -9.206101e+00 -6.576289e-01
      vertex   -8.582916e+00 -8.959485e+00 -6.576289e-01
    endloop
  endfacet
  facet normal 0.000000e+00 0.000000e+00 1.000000e+00
    outer loop
      vertex   -8.582916e+00 -8.959485e+00 -6.576289e-01
      vertex   -8.615384e+00 -9.206101e+00 -6.576289e-01
      vertex   -8.582916e+00 -9.127717e+00 -6.576289e-01
    endloop
  endfacet
  facet normal 0.000000e+00 0.000000e+00 1.000000e+00
    outer loop
      vertex   -8.582916e+00 -8.959485e+00 -6.576289e-01
      vertex   -8.582916e+00 -9.127717e+00 -6.576289e-01
      vertex   -8.571842e+00 -9.043601e+00 -6.576289e-01
    endloop
  endfacet
  facet normal -0.000000e+00 0.000000e+00 1.000000e+00
    outer loop
      vertex   -9.091667e+00 -6.178601e+00 -6.576289e-01
      vertex   -9.091667e+00 -6.828601e+00 -6.576289e-01
      vertex   -8.897198e+00 -6.178601e+00 -6.576289e-01
    endloop
  endfacet
  facet normal 0.000000e+00 0.000000e+00 1.000000e+00
    outer loop
      vertex   -8.897198e+00 -6.178601e+00 -6.576289e-01
      vertex   -9.091667e+00 -6.828601e+00 -6.576289e-01
      vertex   -8.896636e+00 -6.828601e+00 -6.576289e-01
    endloop
  endfacet
  facet normal 0.000000e+00 0.000000e+00 1.000000e+00
    outer loop
      vertex   -8.897198e+00 -6.178601e+00 -6.576289e-01
      vertex   -8.896636e+00 -6.828601e+00 -6.576289e-01
      vertex   -8.819399e+00 -6.187962e+00 -6.576289e-01
    endloop
  endfacet
  facet normal 0.000000e+00 0.000000e+00 1.000000e+00
    outer loop
      vertex   -8.819399e+00 -6.187962e+00 -6.576289e-01
      vertex   -8.896636e+00 -6.828601e+00 -6.576289e-01
      vertex   -8.818853e+00 -6.819105e+00 -6.576289e-01
    endloop
  endfacet
  facet normal 0.000000e+00 0.000000e+00 1.000000e+00
    outer loop
      vertex   -8.819399e+00 -6.187962e+00 -6.576289e-01
      vertex   -8.818853e+00 -6.819105e+00 -6.576289e-01
      vertex   -8.746102e+00 -6.215673e+00 -6.576289e-01
    endloop
  endfacet
  facet normal 0.000000e+00 0.000000e+00 1.000000e+00
    outer loop
      vertex   -8.746102e+00 -6.215673e+00 -6.576289e-01
      vertex   -8.818853e+00 -6.819105e+00 -6.576289e-01
      vertex   -8.745604e+00 -6.791268e+00 -6.576289e-01
    endloop
  endfacet
  facet normal 0.000000e+00 0.000000e+00 1.000000e+00
    outer loop
      vertex   -8.746102e+00 -6.215673e+00 -6.576289e-01
      vertex   -8.745604e+00 -6.791268e+00 -6.576289e-01
      vertex   -8.681568e+00 -6.260122e+00 -6.576289e-01
    endloop
  endfacet
  facet normal 0.000000e+00 0.000000e+00 1.000000e+00
    outer loop
      vertex   -8.681568e+00 -6.260122e+00 -6.576289e-01
      vertex   -8.745604e+00 -6.791268e+00 -6.576289e-01
      vertex   -8.681147e+00 -6.746707e+00 -6.576289e-01
    endloop
  endfacet
  facet normal 0.000000e+00 0.000000e+00 1.000000e+00
    outer loop
      vertex   -8.681568e+00 -6.260122e+00 -6.576289e-01
      vertex   -8.681147e+00 -6.746707e+00 -6.576289e-01
      vertex   -8.629548e+00 -6.318725e+00 -6.576289e-01
    endloop
  endfacet
  facet normal 0.000000e+00 0.000000e+00 1.000000e+00
    outer loop
      vertex   -8.629548e+00 -6.318725e+00 -6.576289e-01
      vertex   -8.681147e+00 -6.746707e+00 -6.576289e-01
      vertex   -8.629229e+00 -6.688014e+00 -6.576289e-01
    endloop
  endfacet
  facet normal 0.000000e+00 0.000000e+00 1.000000e+00
    outer loop
      vertex   -8.629548e+00 -6.318725e+00 -6.576289e-01
      vertex   -8.629229e+00 -6.688014e+00 -6.576289e-01
      vertex   -8.593067e+00 -6.388075e+00 -6.576289e-01
    endloop
  endfacet
  facet normal 0.000000e+00 0.000000e+00 1.000000e+00
    outer loop
      vertex   -8.593067e+00 -6.388075e+00 -6.576289e-01
      vertex   -8.629229e+00 -6.688014e+00 -6.576289e-01
      vertex   -8.592868e+00 -6.618601e+00 -6.576289e-01
    endloop
  endfacet
  facet normal 0.000000e+00 0.000000e+00 1.000000e+00
    outer loop
      vertex   -8.593067e+00 -6.388075e+00 -6.576289e-01
      vertex   -8.592868e+00 -6.618601e+00 -6.576289e-01
      vertex   -8.574246e+00 -6.464141e+00 -6.576289e-01
    endloop
  endfacet
  facet normal 0.000000e+00 0.000000e+00 1.000000e+00
    outer loop
      vertex   -8.574246e+00 -6.464141e+00 -6.576289e-01
      vertex   -8.592868e+00 -6.618601e+00 -6.576289e-01
      vertex   -8.574178e+00 -6.542502e+00 -6.576289e-01
    endloop
  endfacet
  facet normal -3.592631e-15 1.000000e+00 -3.552714e-16
    outer loop
      vertex   5.500000e+00 -1.203489e+01 -6.576289e-01
      vertex   6.983334e+00 -1.203489e+01 -6.576289e-01
      vertex   5.500000e+00 -1.203489e+01 -5.657629e+00
    endloop
  endfacet
  facet normal -4.790175e-15 1.000000e+00 0.000000e+00
    outer loop
      vertex   5.500000e+00 -1.203489e+01 -5.657629e+00
      vertex   6.983334e+00 -1.203489e+01 -6.576289e-01
      vertex   6.983334e+00 -1.203489e+01 -5.657629e+00
    endloop
  endfacet
  facet normal -9.801651e-02 9.951716e-01 -5.122604e-03
    outer loop
      vertex   7.393999e+00 -1.199444e+01 -6.576289e-01
      vertex   7.088333e+00 -1.203227e+01 -2.157629e+00
      vertex   6.983334e+00 -1.203489e+01 -6.576289e-01
    endloop
  endfacet
  facet normal -2.679675e-02 9.996409e-01 -1.294203e-04
    outer loop
      vertex   6.983334e+00 -1.203489e+01 -6.576289e-01
      vertex   7.088333e+00 -1.203227e+01 -2.157629e+00
      vertex   7.018346e+00 -1.203460e+01 -5.657629e+00
    endloop
  endfacet
  facet normal -8.317627e-03 9.999654e-01 0.000000e+00
    outer loop
      vertex   6.983334e+00 -1.203489e+01 -6.576289e-01
      vertex   7.018346e+00 -1.203460e+01 -5.657629e+00
      vertex   6.983334e+00 -1.203489e+01 -5.657629e+00
    endloop
  endfacet
  facet normal -1.444498e-01 9.895020e-01 4.482401e-03
    outer loop
      vertex   7.088333e+00 -1.203227e+01 -2.157629e+00
      vertex   7.393999e+00 -1.199444e+01 -6.576289e-01
      vertex   7.483725e+00 -1.197455e+01 -2.157629e+00
    endloop
  endfacet
  facet normal -2.902820e-01 9.569297e-01 -4.672956e-03
    outer loop
      vertex   7.483725e+00 -1.197455e+01 -2.157629e+00
      vertex   7.393999e+00 -1.199444e+01 -6.576289e-01
      vertex   7.788882e+00 -1.187465e+01 -6.576289e-01
    endloop
  endfacet
  facet normal -3.288327e-01 9.443797e-01 4.005487e-03
    outer loop
      vertex   7.483725e+00 -1.197455e+01 -2.157629e+00
      vertex   7.788882e+00 -1.187465e+01 -6.576289e-01
      vertex   7.861086e+00 -1.184315e+01 -2.157629e+00
    endloop
  endfacet
  facet normal -4.713929e-01 8.819135e-01 -4.168784e-03
    outer loop
      vertex   7.861086e+00 -1.184315e+01 -2.157629e+00
      vertex   7.788882e+00 -1.187465e+01 -6.576289e-01
      vertex   8.152808e+00 -1.168013e+01 -6.576289e-01
    endloop
  endfacet
  facet normal -5.013672e-01 8.652277e-01 3.474058e-03
    outer loop
      vertex   7.861086e+00 -1.184315e+01 -2.157629e+00
      vertex   8.152808e+00 -1.168013e+01 -6.576289e-01
      vertex   8.206819e+00 -1.164281e+01 -2.157629e+00
    endloop
  endfacet
  facet normal -6.343892e-01 7.730053e-01 -3.610109e-03
    outer loop
      vertex   8.206819e+00 -1.164281e+01 -2.157629e+00
      vertex   8.152808e+00 -1.168013e+01 -6.576289e-01
      vertex   8.471793e+00 -1.141835e+01 -6.576289e-01
    endloop
  endfacet
  facet normal -6.558361e-01 7.548978e-01 2.888136e-03
    outer loop
      vertex   8.206819e+00 -1.164281e+01 -2.157629e+00
      vertex   8.471793e+00 -1.141835e+01 -6.576289e-01
      vertex   8.508464e+00 -1.138075e+01 -2.157629e+00
    endloop
  endfacet
  facet normal -7.730069e-01 6.343905e-01 -2.996951e-03
    outer loop
      vertex   8.508464e+00 -1.138075e+01 -2.157629e+00
      vertex   8.471793e+00 -1.141835e+01 -6.576289e-01
      vertex   8.733576e+00 -1.109936e+01 -6.576289e-01
    endloop
  endfacet
  facet normal -7.866732e-01 6.173655e-01 2.247743e-03
    outer loop
      vertex   8.508464e+00 -1.138075e+01 -2.157629e+00
      vertex   8.733576e+00 -1.109936e+01 -6.576289e-01
      vertex   8.755153e+00 -1.106641e+01 -2.157629e+00
    endloop
  endfacet
  facet normal -8.819188e-01 4.713957e-01 -2.329334e-03
    outer loop
      vertex   8.755153e+00 -1.106641e+01 -2.157629e+00
      vertex   8.733576e+00 -1.109936e+01 -6.576289e-01
      vertex   8.928099e+00 -1.073544e+01 -6.576289e-01
    endloop
  endfacet
  facet normal -8.891637e-01 4.575867e-01 1.552904e-03
    outer loop
      vertex   8.755153e+00 -1.106641e+01 -2.157629e+00
      vertex   8.928099e+00 -1.073544e+01 -6.576289e-01
      vertex   8.937997e+00 -1.071111e+01 -2.157629e+00
    endloop
  endfacet
  facet normal -9.569390e-01 2.902847e-01 -1.607283e-03
    outer loop
      vertex   8.937997e+00 -1.071111e+01 -2.157629e+00
      vertex   8.928099e+00 -1.073544e+01 -6.576289e-01
      vertex   9.047886e+00 -1.034055e+01 -6.576289e-01
    endloop
  endfacet
  facet normal -9.596141e-01 2.813187e-01 8.036464e-04
    outer loop
      vertex   8.937997e+00 -1.071111e+01 -2.157629e+00
      vertex   9.047886e+00 -1.034055e+01 -6.576289e-01
      vertex   9.050408e+00 -1.032767e+01 -2.157629e+00
    endloop
  endfacet
  facet normal -9.951843e-01 9.801769e-02 -8.308284e-04
    outer loop
      vertex   9.050408e+00 -1.032767e+01 -2.157629e+00
      vertex   9.047886e+00 -1.034055e+01 -6.576289e-01
      vertex   9.088333e+00 -9.929888e+00 -6.576289e-01
    endloop
  endfacet
  facet normal -9.954855e-01 9.491341e-02 0.000000e+00
    outer loop
      vertex   9.050408e+00 -1.032767e+01 -2.157629e+00
      vertex   9.088333e+00 -9.929888e+00 -6.576289e-01
      vertex   9.088333e+00 -9.929888e+00 -2.157629e+00
    endloop
  endfacet
  facet normal -4.157363e-02 9.991354e-01 0.000000e+00
    outer loop
      vertex   7.088333e+00 -1.203227e+01 -5.657629e+00
      vertex   7.053350e+00 -1.203372e+01 -5.657629e+00
      vertex   7.088333e+00 -1.203227e+01 -2.157629e+00
    endloop
  endfacet
  facet normal -2.494908e-02 9.996887e-01 -1.663987e-04
    outer loop
      vertex   7.088333e+00 -1.203227e+01 -2.157629e+00
      vertex   7.053350e+00 -1.203372e+01 -5.657629e+00
      vertex   7.018346e+00 -1.203460e+01 -5.657629e+00
    endloop
  endfacet
  facet normal -9.951847e-01 -9.801780e-02 5.803819e-17
    outer loop
      vertex   9.088333e+00 7.215112e+00 -6.576289e-01
      vertex   9.047886e+00 7.625777e+00 -6.576289e-01
      vertex   9.088333e+00 7.215112e+00 -2.157629e+00
    endloop
  endfacet
  facet normal -9.951847e-01 -9.801780e-02 0.000000e+00
    outer loop
      vertex   9.088333e+00 7.215112e+00 -2.157629e+00
      vertex   9.047886e+00 7.625777e+00 -6.576289e-01
      vertex   9.047886e+00 7.625777e+00 -5.657629e+00
    endloop
  endfacet
  facet normal -9.951847e-01 -9.801780e-02 -2.487351e-17
    outer loop
      vertex   9.088333e+00 7.215112e+00 -2.157629e+00
      vertex   9.047886e+00 7.625777e+00 -5.657629e+00
      vertex   9.088333e+00 7.215112e+00 -5.657629e+00
    endloop
  endfacet
  facet normal -9.569402e-01 -2.902851e-01 0.000000e+00
    outer loop
      vertex   9.047886e+00 7.625777e+00 -5.657629e+00
      vertex   9.047886e+00 7.625777e+00 -6.576289e-01
      vertex   8.928099e+00 8.020661e+00 -5.657629e+00
    endloop
  endfacet
  facet normal -9.569402e-01 -2.902851e-01 -1.031300e-16
    outer loop
      vertex   8.928099e+00 8.020661e+00 -5.657629e+00
      vertex   9.047886e+00 7.625777e+00 -6.576289e-01
      vertex   8.928099e+00 8.020661e+00 -6.576289e-01
    endloop
  endfacet
  facet normal -8.819211e-01 -4.713970e-01 -1.674739e-16
    outer loop
      vertex   8.928099e+00 8.020661e+00 -5.657629e+00
      vertex   8.928099e+00 8.020661e+00 -6.576289e-01
      vertex   8.733576e+00 8.384587e+00 -5.657629e+00
    endloop
  endfacet
  facet normal -8.819211e-01 -4.713970e-01 0.000000e+00
    outer loop
      vertex   8.733576e+00 8.384587e+00 -5.657629e+00
      vertex   8.928099e+00 8.020661e+00 -6.576289e-01
      vertex   8.733576e+00 8.384587e+00 -6.576289e-01
    endloop
  endfacet
  facet normal -7.730104e-01 -6.343934e-01 0.000000e+00
    outer loop
      vertex   8.733576e+00 8.384587e+00 -5.657629e+00
      vertex   8.733576e+00 8.384587e+00 -6.576289e-01
      vertex   8.471793e+00 8.703572e+00 -5.657629e+00
    endloop
  endfacet
  facet normal -7.730104e-01 -6.343934e-01 0.000000e+00
    outer loop
      vertex   8.471793e+00 8.703572e+00 -5.657629e+00
      vertex   8.733576e+00 8.384587e+00 -6.576289e-01
      vertex   8.471793e+00 8.703572e+00 -6.576289e-01
    endloop
  endfacet
  facet normal -6.343933e-01 -7.730104e-01 0.000000e+00
    outer loop
      vertex   8.471793e+00 8.703572e+00 -5.657629e+00
      vertex   8.471793e+00 8.703572e+00 -6.576289e-01
      vertex   8.152808e+00 8.965355e+00 -5.657629e+00
    endloop
  endfacet
  facet normal -6.343933e-01 -7.730104e-01 0.000000e+00
    outer loop
      vertex   8.152808e+00 8.965355e+00 -5.657629e+00
      vertex   8.471793e+00 8.703572e+00 -6.576289e-01
      vertex   8.152808e+00 8.965355e+00 -6.576289e-01
    endloop
  endfacet
  facet normal -4.713969e-01 -8.819212e-01 0.000000e+00
    outer loop
      vertex   8.152808e+00 8.965355e+00 -5.657629e+00
      vertex   8.152808e+00 8.965355e+00 -6.576289e-01
      vertex   7.788882e+00 9.159878e+00 -5.657629e+00
    endloop
  endfacet
  facet normal -4.713969e-01 -8.819212e-01 0.000000e+00
    outer loop
      vertex   7.788882e+00 9.159878e+00 -5.657629e+00
      vertex   8.152808e+00 8.965355e+00 -6.576289e-01
      vertex   7.788882e+00 9.159878e+00 -6.576289e-01
    endloop
  endfacet
  facet normal -2.902851e-01 -9.569402e-01 0.000000e+00
    outer loop
      vertex   7.788882e+00 9.159878e+00 -5.657629e+00
      vertex   7.788882e+00 9.159878e+00 -6.576289e-01
      vertex   7.393998e+00 9.279665e+00 -5.657629e+00
    endloop
  endfacet
  facet normal -2.902851e-01 -9.569402e-01 0.000000e+00
    outer loop
      vertex   7.393998e+00 9.279665e+00 -5.657629e+00
      vertex   7.788882e+00 9.159878e+00 -6.576289e-01
      vertex   7.393998e+00 9.279665e+00 -6.576289e-01
    endloop
  endfacet
  facet normal -9.801773e-02 -9.951847e-01 0.000000e+00
    outer loop
      vertex   7.393998e+00 9.279665e+00 -5.657629e+00
      vertex   7.393998e+00 9.279665e+00 -6.576289e-01
      vertex   6.983333e+00 9.320112e+00 -5.657629e+00
    endloop
  endfacet
  facet normal -9.801773e-02 -9.951847e-01 0.000000e+00
    outer loop
      vertex   6.983333e+00 9.320112e+00 -5.657629e+00
      vertex   7.393998e+00 9.279665e+00 -6.576289e-01
      vertex   6.983333e+00 9.320112e+00 -6.576289e-01
    endloop
  endfacet
  facet normal 1.023112e-13 -1.000000e+00 0.000000e+00
    outer loop
      vertex   6.983333e+00 9.320112e+00 -6.576289e-01
      vertex   4.743597e+00 9.320112e+00 -6.576289e-01
      vertex   6.983333e+00 9.320112e+00 -5.657629e+00
    endloop
  endfacet
  facet normal 1.023112e-13 -1.000000e+00 0.000000e+00
    outer loop
      vertex   6.983333e+00 9.320112e+00 -5.657629e+00
      vertex   4.743597e+00 9.320112e+00 -6.576289e-01
      vertex   4.743597e+00 9.320112e+00 -5.657629e+00
    endloop
  endfacet
  facet normal -1.000000e+00 -0.000000e+00 0.000000e+00
    outer loop
      vertex   4.743597e+00 9.620112e+00 -6.576289e-01
      vertex   4.743597e+00 9.620112e+00 -2.939771e+00
      vertex   4.743597e+00 9.320112e+00 -6.576289e-01
    endloop
  endfacet
  facet normal -1.000000e+00 0.000000e+00 0.000000e+00
    outer loop
      vertex   4.743597e+00 9.320112e+00 -6.576289e-01
      vertex   4.743597e+00 9.620112e+00 -2.939771e+00
      vertex   4.743597e+00 9.320112e+00 -5.657629e+00
    endloop
  endfacet
  facet normal -1.000000e+00 0.000000e+00 0.000000e+00
    outer loop
      vertex   4.743597e+00 9.320112e+00 -5.657629e+00
      vertex   4.743597e+00 9.620112e+00 -2.939771e+00
      vertex   4.743597e+00 9.620112e+00 -4.580479e+00
    endloop
  endfacet
  facet normal -1.000000e+00 0.000000e+00 0.000000e+00
    outer loop
      vertex   4.743597e+00 9.320112e+00 -5.657629e+00
      vertex   4.743597e+00 9.620112e+00 -4.580479e+00
      vertex   4.743597e+00 9.620112e+00 -5.657629e+00
    endloop
  endfacet
  facet normal -1.000000e+00 -4.440892e-16 -0.000000e+00
    outer loop
      vertex   4.743597e+00 1.162011e+01 -2.939771e+00
      vertex   4.743597e+00 1.162011e+01 -4.580479e+00
      vertex   4.743597e+00 9.620112e+00 -2.939771e+00
    endloop
  endfacet
  facet normal -1.000000e+00 -4.440892e-16 -0.000000e+00
    outer loop
      vertex   4.743597e+00 9.620112e+00 -2.939771e+00
      vertex   4.743597e+00 1.162011e+01 -4.580479e+00
      vertex   4.743597e+00 9.620112e+00 -4.580479e+00
    endloop
  endfacet
  facet normal 3.552714e-15 -1.000000e+00 3.552714e-16
    outer loop
      vertex   -5.500000e+00 -1.327360e+01 -6.576289e-01
      vertex   -1.050000e+01 -1.327360e+01 -6.576289e-01
      vertex   -5.500000e+00 -1.327360e+01 -5.657629e+00
    endloop
  endfacet
  facet normal 3.197442e-15 -1.000000e+00 0.000000e+00
    outer loop
      vertex   -5.500000e+00 -1.327360e+01 -5.657629e+00
      vertex   -1.050000e+01 -1.327360e+01 -6.576289e-01
      vertex   -1.050000e+01 -1.327360e+01 -5.657629e+00
    endloop
  endfacet
  facet normal 1.000000e+00 0.000000e+00 -3.891863e-16
    outer loop
      vertex   -4.856403e+00 9.620112e+00 -6.576289e-01
      vertex   -4.856403e+00 9.320112e+00 -6.576289e-01
      vertex   -4.856403e+00 9.620112e+00 -2.939771e+00
    endloop
  endfacet
  facet normal 1.000000e+00 2.960595e-15 0.000000e+00
    outer loop
      vertex   -4.856403e+00 9.620112e+00 -2.939771e+00
      vertex   -4.856403e+00 9.320112e+00 -6.576289e-01
      vertex   -4.856403e+00 9.320112e+00 -5.657629e+00
    endloop
  endfacet
  facet normal 1.000000e+00 2.960595e-15 0.000000e+00
    outer loop
      vertex   -4.856403e+00 9.620112e+00 -2.939771e+00
      vertex   -4.856403e+00 9.320112e+00 -5.657629e+00
      vertex   -4.856403e+00 9.620112e+00 -4.580479e+00
    endloop
  endfacet
  facet normal 1.000000e+00 0.000000e+00 8.245636e-16
    outer loop
      vertex   -4.856403e+00 9.620112e+00 -4.580479e+00
      vertex   -4.856403e+00 9.320112e+00 -5.657629e+00
      vertex   -4.856403e+00 9.620112e+00 -5.657629e+00
    endloop
  endfacet
  facet normal 1.000000e+00 -4.440892e-16 0.000000e+00
    outer loop
      vertex   -4.856403e+00 1.162011e+01 -4.580479e+00
      vertex   -4.856403e+00 1.162011e+01 -2.939771e+00
      vertex   -4.856403e+00 9.620112e+00 -4.580479e+00
    endloop
  endfacet
  facet normal 1.000000e+00 -4.440892e-16 0.000000e+00
    outer loop
      vertex   -4.856403e+00 9.620112e+00 -4.580479e+00
      vertex   -4.856403e+00 1.162011e+01 -2.939771e+00
      vertex   -4.856403e+00 9.620112e+00 -2.939771e+00
    endloop
  endfacet
  facet normal -0.000000e+00 -7.071068e-01 -7.071068e-01
    outer loop
      vertex   2.743597e+00 9.620112e+00 -9.397712e-01
      vertex   -2.856403e+00 9.620112e+00 -9.397712e-01
      vertex   3.743597e+00 1.062011e+01 -1.939771e+00
    endloop
  endfacet
  facet normal -0.000000e+00 -7.071068e-01 -7.071068e-01
    outer loop
      vertex   3.743597e+00 1.062011e+01 -1.939771e+00
      vertex   -2.856403e+00 9.620112e+00 -9.397712e-01
      vertex   -3.856403e+00 1.062011e+01 -1.939771e+00
    endloop
  endfacet
  facet normal -1.556745e-15 -1.000000e+00 1.556745e-15
    outer loop
      vertex   -4.856403e+00 9.620112e+00 -2.939771e+00
      vertex   -2.856403e+00 9.620112e+00 -9.397712e-01
      vertex   -4.856403e+00 9.620112e+00 -6.576289e-01
    endloop
  endfacet
  facet normal -2.262544e-15 -1.000000e+00 -3.446401e-15
    outer loop
      vertex   -4.856403e+00 9.620112e+00 -6.576289e-01
      vertex   -2.856403e+00 9.620112e+00 -9.397712e-01
      vertex   -8.500000e+00 9.620112e+00 2.765221e+00
    endloop
  endfacet
  facet normal 9.750567e-16 -1.000000e+00 5.060252e-31
    outer loop
      vertex   -4.856403e+00 9.620112e+00 -6.576289e-01
      vertex   -8.500000e+00 9.620112e+00 2.765221e+00
      vertex   -8.500000e+00 9.620112e+00 -6.576289e-01
    endloop
  endfacet
  facet normal 0.000000e+00 -1.000000e+00 0.000000e+00
    outer loop
      vertex   -2.856403e+00 9.620112e+00 -9.397712e-01
      vertex   2.743597e+00 9.620112e+00 -9.397712e-01
      vertex   -8.500000e+00 9.620112e+00 2.765221e+00
    endloop
  endfacet
  facet normal 0.000000e+00 -1.000000e+00 0.000000e+00
    outer loop
      vertex   -8.500000e+00 9.620112e+00 2.765221e+00
      vertex   2.743597e+00 9.620112e+00 -9.397712e-01
      vertex   8.500000e+00 9.620112e+00 2.765221e+00
    endloop
  endfacet
  facet normal 2.274990e-15 -1.000000e+00 -3.534626e-15
    outer loop
      vertex   8.500000e+00 9.620112e+00 2.765221e+00
      vertex   2.743597e+00 9.620112e+00 -9.397712e-01
      vertex   4.743597e+00 9.620112e+00 -6.576289e-01
    endloop
  endfacet
  facet normal -9.457754e-16 -1.000000e+00 -4.908291e-31
    outer loop
      vertex   8.500000e+00 9.620112e+00 2.765221e+00
      vertex   4.743597e+00 9.620112e+00 -6.576289e-01
      vertex   8.500000e+00 9.620112e+00 -6.576289e-01
    endloop
  endfacet
  facet normal 1.556745e-15 -1.000000e+00 1.556745e-15
    outer loop
      vertex   2.743597e+00 9.620112e+00 -9.397712e-01
      vertex   4.743597e+00 9.620112e+00 -2.939771e+00
      vertex   4.743597e+00 9.620112e+00 -6.576289e-01
    endloop
  endfacet
  facet normal -7.071068e-01 3.140185e-16 7.071068e-01
    outer loop
      vertex   3.743597e+00 9.620112e+00 -5.580479e+00
      vertex   4.743597e+00 9.620112e+00 -4.580479e+00
      vertex   3.743597e+00 1.162011e+01 -5.580479e+00
    endloop
  endfacet
  facet normal -7.071068e-01 -3.140185e-16 7.071068e-01
    outer loop
      vertex   3.743597e+00 1.162011e+01 -5.580479e+00
      vertex   4.743597e+00 9.620112e+00 -4.580479e+00
      vertex   4.743597e+00 1.162011e+01 -4.580479e+00
    endloop
  endfacet
  facet normal 7.071068e-01 -3.140185e-16 7.071068e-01
    outer loop
      vertex   -4.856403e+00 9.620112e+00 -4.580479e+00
      vertex   -3.856403e+00 9.620112e+00 -5.580479e+00
      vertex   -4.856403e+00 1.162011e+01 -4.580479e+00
    endloop
  endfacet
  facet normal 7.071068e-01 0.000000e+00 7.071068e-01
    outer loop
      vertex   -4.856403e+00 1.162011e+01 -4.580479e+00
      vertex   -3.856403e+00 9.620112e+00 -5.580479e+00
      vertex   -3.856403e+00 1.162011e+01 -5.580479e+00
    endloop
  endfacet
  facet normal 0.000000e+00 0.000000e+00 1.000000e+00
    outer loop
      vertex   3.743597e+00 1.162011e+01 -5.580479e+00
      vertex   -3.856403e+00 1.162011e+01 -5.580479e+00
      vertex   3.743597e+00 9.620112e+00 -5.580479e+00
    endloop
  endfacet
  facet normal 0.000000e+00 0.000000e+00 1.000000e+00
    outer loop
      vertex   3.743597e+00 9.620112e+00 -5.580479e+00
      vertex   -3.856403e+00 1.162011e+01 -5.580479e+00
      vertex   -3.856403e+00 9.620112e+00 -5.580479e+00
    endloop
  endfacet
  facet normal -7.071068e-01 7.850462e-17 -7.071068e-01
    outer loop
      vertex   2.743597e+00 9.620112e+00 -9.397712e-01
      vertex   3.743597e+00 1.062011e+01 -1.939771e+00
      vertex   4.743597e+00 9.620112e+00 -2.939771e+00
    endloop
  endfacet
  facet normal -7.071068e-01 -3.140185e-16 -7.071068e-01
    outer loop
      vertex   4.743597e+00 9.620112e+00 -2.939771e+00
      vertex   3.743597e+00 1.062011e+01 -1.939771e+00
      vertex   4.743597e+00 1.162011e+01 -2.939771e+00
    endloop
  endfacet
  facet normal -7.071068e-01 0.000000e+00 -7.071068e-01
    outer loop
      vertex   4.743597e+00 1.162011e+01 -2.939771e+00
      vertex   3.743597e+00 1.062011e+01 -1.939771e+00
      vertex   3.743597e+00 1.162011e+01 -1.939771e+00
    endloop
  endfacet
  facet normal 0.000000e+00 0.000000e+00 -1.000000e+00
    outer loop
      vertex   3.743597e+00 1.062011e+01 -1.939771e+00
      vertex   -3.856403e+00 1.062011e+01 -1.939771e+00
      vertex   3.743597e+00 1.162011e+01 -1.939771e+00
    endloop
  endfacet
  facet normal -0.000000e+00 0.000000e+00 -1.000000e+00
    outer loop
      vertex   3.743597e+00 1.162011e+01 -1.939771e+00
      vertex   -3.856403e+00 1.062011e+01 -1.939771e+00
      vertex   -3.856403e+00 1.162011e+01 -1.939771e+00
    endloop
  endfacet
  facet normal 7.071068e-01 -1.570092e-16 -7.071068e-01
    outer loop
      vertex   -2.856403e+00 9.620112e+00 -9.397712e-01
      vertex   -4.856403e+00 9.620112e+00 -2.939771e+00
      vertex   -3.856403e+00 1.062011e+01 -1.939771e+00
    endloop
  endfacet
  facet normal 7.071068e-01 -3.140185e-16 -7.071068e-01
    outer loop
      vertex   -3.856403e+00 1.062011e+01 -1.939771e+00
      vertex   -4.856403e+00 9.620112e+00 -2.939771e+00
      vertex   -4.856403e+00 1.162011e+01 -2.939771e+00
    endloop
  endfacet
  facet normal 7.071068e-01 0.000000e+00 -7.071068e-01
    outer loop
      vertex   -3.856403e+00 1.062011e+01 -1.939771e+00
      vertex   -4.856403e+00 1.162011e+01 -2.939771e+00
      vertex   -3.856403e+00 1.162011e+01 -1.939771e+00
    endloop
  endfacet
  facet normal -9.589472e-14 -1.000000e+00 -0.000000e+00
    outer loop
      vertex   -4.856403e+00 9.320112e+00 -6.576289e-01
      vertex   -6.986667e+00 9.320112e+00 -6.576289e-01
      vertex   -4.856403e+00 9.320112e+00 -5.657629e+00
    endloop
  endfacet
  facet normal -9.589472e-14 -1.000000e+00 0.000000e+00
    outer loop
      vertex   -4.856403e+00 9.320112e+00 -5.657629e+00
      vertex   -6.986667e+00 9.320112e+00 -6.576289e-01
      vertex   -6.986667e+00 9.320112e+00 -5.657629e+00
    endloop
  endfacet
  facet normal 2.544591e-16 -1.000000e+00 -3.298255e-15
    outer loop
      vertex   -4.856403e+00 9.620112e+00 -4.580479e+00
      vertex   -4.856403e+00 9.620112e+00 -5.657629e+00
      vertex   -3.856403e+00 9.620112e+00 -5.580479e+00
    endloop
  endfacet
  facet normal 0.000000e+00 -1.000000e+00 -0.000000e+00
    outer loop
      vertex   -3.856403e+00 9.620112e+00 -5.580479e+00
      vertex   -4.856403e+00 9.620112e+00 -5.657629e+00
      vertex   4.743597e+00 9.620112e+00 -5.657629e+00
    endloop
  endfacet
  facet normal 0.000000e+00 -1.000000e+00 0.000000e+00
    outer loop
      vertex   -3.856403e+00 9.620112e+00 -5.580479e+00
      vertex   4.743597e+00 9.620112e+00 -5.657629e+00
      vertex   3.743597e+00 9.620112e+00 -5.580479e+00
    endloop
  endfacet
  facet normal -2.544591e-16 -1.000000e+00 -3.298255e-15
    outer loop
      vertex   3.743597e+00 9.620112e+00 -5.580479e+00
      vertex   4.743597e+00 9.620112e+00 -5.657629e+00
      vertex   4.743597e+00 9.620112e+00 -4.580479e+00
    endloop
  endfacet
  facet normal 0.000000e+00 0.000000e+00 1.000000e+00
    outer loop
      vertex   9.088333e+00 -6.178601e+00 -2.157629e+00
      vertex   9.088333e+00 7.215112e+00 -2.157629e+00
      vertex   8.883158e+00 -6.178601e+00 -2.157629e+00
    endloop
  endfacet
  facet normal 0.000000e+00 -0.000000e+00 1.000000e+00
    outer loop
      vertex   8.883158e+00 -6.178601e+00 -2.157629e+00
      vertex   9.088333e+00 7.215112e+00 -2.157629e+00
      vertex   8.799042e+00 -6.189675e+00 -2.157629e+00
    endloop
  endfacet
  facet normal 0.000000e+00 -0.000000e+00 1.000000e+00
    outer loop
      vertex   8.799042e+00 -6.189675e+00 -2.157629e+00
      vertex   9.088333e+00 7.215112e+00 -2.157629e+00
      vertex   8.720659e+00 -6.222143e+00 -2.157629e+00
    endloop
  endfacet
  facet normal 0.000000e+00 -0.000000e+00 1.000000e+00
    outer loop
      vertex   8.720659e+00 -6.222143e+00 -2.157629e+00
      vertex   9.088333e+00 7.215112e+00 -2.157629e+00
      vertex   8.653349e+00 -6.273792e+00 -2.157629e+00
    endloop
  endfacet
  facet normal 0.000000e+00 -0.000000e+00 1.000000e+00
    outer loop
      vertex   8.653349e+00 -6.273792e+00 -2.157629e+00
      vertex   9.088333e+00 7.215112e+00 -2.157629e+00
      vertex   8.601700e+00 -6.341101e+00 -2.157629e+00
    endloop
  endfacet
  facet normal 0.000000e+00 -0.000000e+00 1.000000e+00
    outer loop
      vertex   8.601700e+00 -6.341101e+00 -2.157629e+00
      vertex   9.088333e+00 7.215112e+00 -2.157629e+00
      vertex   8.569233e+00 -6.419485e+00 -2.157629e+00
    endloop
  endfacet
  facet normal 0.000000e+00 -0.000000e+00 1.000000e+00
    outer loop
      vertex   8.569233e+00 -6.419485e+00 -2.157629e+00
      vertex   9.088333e+00 7.215112e+00 -2.157629e+00
      vertex   7.088333e+00 7.215112e+00 -2.157629e+00
    endloop
  endfacet
  facet normal 0.000000e+00 0.000000e+00 1.000000e+00
    outer loop
      vertex   8.569233e+00 -6.419485e+00 -2.157629e+00
      vertex   7.088333e+00 7.215112e+00 -2.157629e+00
      vertex   8.558159e+00 -6.503601e+00 -2.157629e+00
    endloop
  endfacet
  facet normal 0.000000e+00 0.000000e+00 1.000000e+00
    outer loop
      vertex   8.558159e+00 -6.503601e+00 -2.157629e+00
      vertex   7.088333e+00 7.215112e+00 -2.157629e+00
      vertex   7.861086e+00 -1.184315e+01 -2.157629e+00
    endloop
  endfacet
  facet normal 0.000000e+00 0.000000e+00 1.000000e+00
    outer loop
      vertex   8.558159e+00 -6.503601e+00 -2.157629e+00
      vertex   7.861086e+00 -1.184315e+01 -2.157629e+00
      vertex   8.206819e+00 -1.164281e+01 -2.157629e+00
    endloop
  endfacet
  facet normal 0.000000e+00 -0.000000e+00 1.000000e+00
    outer loop
      vertex   7.088333e+00 -1.203227e+01 -2.157629e+00
      vertex   7.483725e+00 -1.197455e+01 -2.157629e+00
      vertex   7.088333e+00 7.215112e+00 -2.157629e+00
    endloop
  endfacet
  facet normal 0.000000e+00 0.000000e+00 1.000000e+00
    outer loop
      vertex   7.088333e+00 7.215112e+00 -2.157629e+00
      vertex   7.483725e+00 -1.197455e+01 -2.157629e+00
      vertex   7.861086e+00 -1.184315e+01 -2.157629e+00
    endloop
  endfacet
  facet normal 0.000000e+00 0.000000e+00 1.000000e+00
    outer loop
      vertex   8.558159e+00 -6.503601e+00 -2.157629e+00
      vertex   8.206819e+00 -1.164281e+01 -2.157629e+00
      vertex   8.558159e+00 -9.043601e+00 -2.157629e+00
    endloop
  endfacet
  facet normal 0.000000e+00 0.000000e+00 1.000000e+00
    outer loop
      vertex   8.558159e+00 -9.043601e+00 -2.157629e+00
      vertex   8.206819e+00 -1.164281e+01 -2.157629e+00
      vertex   8.508464e+00 -1.138075e+01 -2.157629e+00
    endloop
  endfacet
  facet normal 0.000000e+00 0.000000e+00 1.000000e+00
    outer loop
      vertex   8.558159e+00 -9.043601e+00 -2.157629e+00
      vertex   8.508464e+00 -1.138075e+01 -2.157629e+00
      vertex   8.569233e+00 -9.127717e+00 -2.157629e+00
    endloop
  endfacet
  facet normal 0.000000e+00 0.000000e+00 1.000000e+00
    outer loop
      vertex   8.569233e+00 -9.127717e+00 -2.157629e+00
      vertex   8.508464e+00 -1.138075e+01 -2.157629e+00
      vertex   8.601700e+00 -9.206101e+00 -2.157629e+00
    endloop
  endfacet
  facet normal 0.000000e+00 0.000000e+00 1.000000e+00
    outer loop
      vertex   8.601700e+00 -9.206101e+00 -2.157629e+00
      vertex   8.508464e+00 -1.138075e+01 -2.157629e+00
      vertex   8.653349e+00 -9.273410e+00 -2.157629e+00
    endloop
  endfacet
  facet normal 0.000000e+00 0.000000e+00 1.000000e+00
    outer loop
      vertex   8.653349e+00 -9.273410e+00 -2.157629e+00
      vertex   8.508464e+00 -1.138075e+01 -2.157629e+00
      vertex   8.755153e+00 -1.106641e+01 -2.157629e+00
    endloop
  endfacet
  facet normal 0.000000e+00 0.000000e+00 1.000000e+00
    outer loop
      vertex   8.653349e+00 -9.273410e+00 -2.157629e+00
      vertex   8.755153e+00 -1.106641e+01 -2.157629e+00
      vertex   8.720659e+00 -9.325059e+00 -2.157629e+00
    endloop
  endfacet
  facet normal 0.000000e+00 0.000000e+00 1.000000e+00
    outer loop
      vertex   8.720659e+00 -9.325059e+00 -2.157629e+00
      vertex   8.755153e+00 -1.106641e+01 -2.157629e+00
      vertex   8.799042e+00 -9.357526e+00 -2.157629e+00
    endloop
  endfacet
  facet normal 0.000000e+00 0.000000e+00 1.000000e+00
    outer loop
      vertex   8.799042e+00 -9.357526e+00 -2.157629e+00
      vertex   8.755153e+00 -1.106641e+01 -2.157629e+00
      vertex   8.883158e+00 -9.368600e+00 -2.157629e+00
    endloop
  endfacet
  facet normal 0.000000e+00 0.000000e+00 1.000000e+00
    outer loop
      vertex   8.883158e+00 -9.368600e+00 -2.157629e+00
      vertex   8.755153e+00 -1.106641e+01 -2.157629e+00
      vertex   8.937997e+00 -1.071111e+01 -2.157629e+00
    endloop
  endfacet
  facet normal 0.000000e+00 0.000000e+00 1.000000e+00
    outer loop
      vertex   8.883158e+00 -9.368600e+00 -2.157629e+00
      vertex   8.937997e+00 -1.071111e+01 -2.157629e+00
      vertex   9.050408e+00 -1.032767e+01 -2.157629e+00
    endloop
  endfacet
  facet normal 0.000000e+00 -0.000000e+00 1.000000e+00
    outer loop
      vertex   9.050408e+00 -1.032767e+01 -2.157629e+00
      vertex   9.088333e+00 -9.929888e+00 -2.157629e+00
      vertex   8.883158e+00 -9.368600e+00 -2.157629e+00
    endloop
  endfacet
  facet normal -0.000000e+00 0.000000e+00 1.000000e+00
    outer loop
      vertex   8.883158e+00 -9.368600e+00 -2.157629e+00
      vertex   9.088333e+00 -9.929888e+00 -2.157629e+00
      vertex   9.088333e+00 -9.368600e+00 -2.157629e+00
    endloop
  endfacet
  facet normal 0.000000e+00 0.000000e+00 1.000000e+00
    outer loop
      vertex   8.558159e+00 -9.043601e+00 -2.157629e+00
      vertex   8.569233e+00 -8.959485e+00 -2.157629e+00
      vertex   8.558159e+00 -6.503601e+00 -2.157629e+00
    endloop
  endfacet
  facet normal 0.000000e+00 0.000000e+00 1.000000e+00
    outer loop
      vertex   8.558159e+00 -6.503601e+00 -2.157629e+00
      vertex   8.569233e+00 -8.959485e+00 -2.157629e+00
      vertex   8.569233e+00 -6.587717e+00 -2.157629e+00
    endloop
  endfacet
  facet normal 0.000000e+00 0.000000e+00 1.000000e+00
    outer loop
      vertex   8.569233e+00 -6.587717e+00 -2.157629e+00
      vertex   8.569233e+00 -8.959485e+00 -2.157629e+00
      vertex   8.601700e+00 -8.881101e+00 -2.157629e+00
    endloop
  endfacet
  facet normal 0.000000e+00 0.000000e+00 1.000000e+00
    outer loop
      vertex   8.569233e+00 -6.587717e+00 -2.157629e+00
      vertex   8.601700e+00 -8.881101e+00 -2.157629e+00
      vertex   8.601700e+00 -6.666101e+00 -2.157629e+00
    endloop
  endfacet
  facet normal 0.000000e+00 0.000000e+00 1.000000e+00
    outer loop
      vertex   8.601700e+00 -6.666101e+00 -2.157629e+00
      vertex   8.601700e+00 -8.881101e+00 -2.157629e+00
      vertex   8.653349e+00 -6.733410e+00 -2.157629e+00
    endloop
  endfacet
  facet normal 0.000000e+00 0.000000e+00 1.000000e+00
    outer loop
      vertex   8.653349e+00 -6.733410e+00 -2.157629e+00
      vertex   8.601700e+00 -8.881101e+00 -2.157629e+00
      vertex   8.653349e+00 -8.813792e+00 -2.157629e+00
    endloop
  endfacet
  facet normal 0.000000e+00 0.000000e+00 1.000000e+00
    outer loop
      vertex   8.653349e+00 -6.733410e+00 -2.157629e+00
      vertex   8.653349e+00 -8.813792e+00 -2.157629e+00
      vertex   8.720659e+00 -6.785059e+00 -2.157629e+00
    endloop
  endfacet
  facet normal 0.000000e+00 0.000000e+00 1.000000e+00
    outer loop
      vertex   8.720659e+00 -6.785059e+00 -2.157629e+00
      vertex   8.653349e+00 -8.813792e+00 -2.157629e+00
      vertex   8.720659e+00 -8.762143e+00 -2.157629e+00
    endloop
  endfacet
  facet normal 0.000000e+00 0.000000e+00 1.000000e+00
    outer loop
      vertex   8.720659e+00 -6.785059e+00 -2.157629e+00
      vertex   8.720659e+00 -8.762143e+00 -2.157629e+00
      vertex   8.799042e+00 -6.817526e+00 -2.157629e+00
    endloop
  endfacet
  facet normal 0.000000e+00 0.000000e+00 1.000000e+00
    outer loop
      vertex   8.799042e+00 -6.817526e+00 -2.157629e+00
      vertex   8.720659e+00 -8.762143e+00 -2.157629e+00
      vertex   8.799042e+00 -8.729675e+00 -2.157629e+00
    endloop
  endfacet
  facet normal 0.000000e+00 0.000000e+00 1.000000e+00
    outer loop
      vertex   8.799042e+00 -6.817526e+00 -2.157629e+00
      vertex   8.799042e+00 -8.729675e+00 -2.157629e+00
      vertex   8.883158e+00 -6.828600e+00 -2.157629e+00
    endloop
  endfacet
  facet normal 0.000000e+00 0.000000e+00 1.000000e+00
    outer loop
      vertex   8.883158e+00 -6.828600e+00 -2.157629e+00
      vertex   8.799042e+00 -8.729675e+00 -2.157629e+00
      vertex   8.883158e+00 -8.718601e+00 -2.157629e+00
    endloop
  endfacet
  facet normal 0.000000e+00 0.000000e+00 1.000000e+00
    outer loop
      vertex   8.883158e+00 -6.828600e+00 -2.157629e+00
      vertex   8.883158e+00 -8.718601e+00 -2.157629e+00
      vertex   9.088333e+00 -8.718601e+00 -2.157629e+00
    endloop
  endfacet
  facet normal 0.000000e+00 0.000000e+00 1.000000e+00
    outer loop
      vertex   9.088333e+00 -8.718601e+00 -2.157629e+00
      vertex   9.088333e+00 -6.828600e+00 -2.157629e+00
      vertex   8.883158e+00 -6.828600e+00 -2.157629e+00
    endloop
  endfacet
  facet normal -7.481965e-08 1.000000e+00 4.282534e-08
    outer loop
      vertex   -9.091667e+00 7.215112e+00 -2.157629e+00
      vertex   -7.088333e+00 7.215112e+00 -2.157629e+00
      vertex   -9.091667e+00 7.215112e+00 -5.657629e+00
    endloop
  endfacet
  facet normal -7.980306e-15 1.000000e+00 0.000000e+00
    outer loop
      vertex   -9.091667e+00 7.215112e+00 -5.657629e+00
      vertex   -7.088333e+00 7.215112e+00 -2.157629e+00
      vertex   -7.088333e+00 7.215112e+00 -5.657629e+00
    endloop
  endfacet
  facet normal -1.000000e+00 8.652222e-17 -6.147773e-32
    outer loop
      vertex   1.050000e+01 -1.327360e+01 -5.657629e+00
      vertex   1.050000e+01 -5.433489e+01 -5.657629e+00
      vertex   1.050000e+01 -1.327360e+01 -6.576289e-01
    endloop
  endfacet
  facet normal -1.000000e+00 1.122030e-16 -2.108974e-16
    outer loop
      vertex   1.050000e+01 -1.327360e+01 -6.576289e-01
      vertex   1.050000e+01 -5.433489e+01 -5.657629e+00
      vertex   1.050000e+01 -5.433489e+01 2.765221e+00
    endloop
  endfacet
  facet normal -1.000000e+00 8.601518e-17 -5.250526e-16
    outer loop
      vertex   1.050000e+01 -1.327360e+01 -6.576289e-01
      vertex   1.050000e+01 -5.433489e+01 2.765221e+00
      vertex   1.050000e+01 7.620112e+00 2.765221e+00
    endloop
  endfacet
  facet normal -1.000000e+00 0.000000e+00 0.000000e+00
    outer loop
      vertex   1.050000e+01 7.620112e+00 2.765221e+00
      vertex   1.050000e+01 7.620112e+00 -6.576289e-01
      vertex   1.050000e+01 -1.327360e+01 -6.576289e-01
    endloop
  endfacet
  facet normal 1.000000e+00 -4.329193e-09 1.037940e-15
    outer loop
      vertex   -1.050000e+01 7.620112e+00 -6.576289e-01
      vertex   -1.050000e+01 7.620112e+00 2.765221e+00
      vertex   -1.050000e+01 -1.327360e+01 -6.576289e-01
    endloop
  endfacet
  facet normal 1.000000e+00 -5.732324e-17 -2.642619e-08
    outer loop
      vertex   -1.050000e+01 -1.327360e+01 -6.576289e-01
      vertex   -1.050000e+01 7.620112e+00 2.765221e+00
      vertex   -1.050000e+01 -5.433489e+01 2.765221e+00
    endloop
  endfacet
  facet normal 1.000000e+00 2.202876e-09 2.108973e-16
    outer loop
      vertex   -1.050000e+01 -1.327360e+01 -6.576289e-01
      vertex   -1.050000e+01 -5.433489e+01 2.765221e+00
      vertex   -1.050000e+01 -5.433489e+01 -5.657629e+00
    endloop
  endfacet
  facet normal 1.000000e+00 2.202876e-09 0.000000e+00
    outer loop
      vertex   -1.050000e+01 -5.433489e+01 -5.657629e+00
      vertex   -1.050000e+01 -1.327360e+01 -5.657629e+00
      vertex   -1.050000e+01 -1.327360e+01 -6.576289e-01
    endloop
  endfacet
  facet normal -6.266267e-15 4.256628e-15 1.000000e+00
    outer loop
      vertex   4.032408e+00 -1.018043e+01 -5.657629e+00
      vertex   2.502009e+00 -1.243336e+01 -5.657629e+00
      vertex   3.998333e+00 -1.043924e+01 -5.657629e+00
    endloop
  endfacet
  facet normal -2.444644e-16 -2.619616e-16 1.000000e+00
    outer loop
      vertex   3.998333e+00 -1.043924e+01 -5.657629e+00
      vertex   2.502009e+00 -1.243336e+01 -5.657629e+00
      vertex   2.940762e+00 -1.284280e+01 -5.657629e+00
    endloop
  endfacet
  facet normal -2.999719e-16 -2.375382e-16 1.000000e+00
    outer loop
      vertex   3.998333e+00 -1.043924e+01 -5.657629e+00
      vertex   2.940762e+00 -1.284280e+01 -5.657629e+00
      vertex   3.313319e+00 -1.331328e+01 -5.657629e+00
    endloop
  endfacet
  facet normal 0.000000e+00 0.000000e+00 1.000000e+00
    outer loop
      vertex   4.132308e+00 -9.939244e+00 -5.657629e+00
      vertex   1.466693e+00 -1.183285e+01 -5.657629e+00
      vertex   4.032408e+00 -1.018043e+01 -5.657629e+00
    endloop
  endfacet
  facet normal 0.000000e+00 0.000000e+00 1.000000e+00
    outer loop
      vertex   4.032408e+00 -1.018043e+01 -5.657629e+00
      vertex   1.466693e+00 -1.183285e+01 -5.657629e+00
      vertex   2.006939e+00 -1.209416e+01 -5.657629e+00
    endloop
  endfacet
  facet normal 0.000000e+00 0.000000e+00 1.000000e+00
    outer loop
      vertex   4.032408e+00 -1.018043e+01 -5.657629e+00
      vertex   2.006939e+00 -1.209416e+01 -5.657629e+00
      vertex   2.502009e+00 -1.243336e+01 -5.657629e+00
    endloop
  endfacet
  facet normal 0.000000e+00 0.000000e+00 1.000000e+00
    outer loop
      vertex   1.466693e+00 -1.183285e+01 -5.657629e+00
      vertex   4.132308e+00 -9.939244e+00 -5.657629e+00
      vertex   4.743597e+00 9.320112e+00 -5.657629e+00
    endloop
  endfacet
  facet normal 0.000000e+00 0.000000e+00 1.000000e+00
    outer loop
      vertex   4.743597e+00 9.320112e+00 -5.657629e+00
      vertex   4.132308e+00 -9.939244e+00 -5.657629e+00
      vertex   4.291227e+00 -9.732138e+00 -5.657629e+00
    endloop
  endfacet
  facet normal 0.000000e+00 0.000000e+00 1.000000e+00
    outer loop
      vertex   4.743597e+00 9.320112e+00 -5.657629e+00
      vertex   4.291227e+00 -9.732138e+00 -5.657629e+00
      vertex   4.498333e+00 -9.573219e+00 -5.657629e+00
    endloop
  endfacet
  facet normal 0.000000e+00 0.000000e+00 1.000000e+00
    outer loop
      vertex   4.498333e+00 -9.573219e+00 -5.657629e+00
      vertex   4.739514e+00 -9.473319e+00 -5.657629e+00
      vertex   4.743597e+00 9.320112e+00 -5.657629e+00
    endloop
  endfacet
  facet normal 0.000000e+00 0.000000e+00 1.000000e+00
    outer loop
      vertex   4.743597e+00 9.320112e+00 -5.657629e+00
      vertex   4.739514e+00 -9.473319e+00 -5.657629e+00
      vertex   4.998333e+00 -9.439244e+00 -5.657629e+00
    endloop
  endfacet
  facet normal 0.000000e+00 0.000000e+00 1.000000e+00
    outer loop
      vertex   4.743597e+00 9.320112e+00 -5.657629e+00
      vertex   4.998333e+00 -9.439244e+00 -5.657629e+00
      vertex   7.088333e+00 7.215112e+00 -5.657629e+00
    endloop
  endfacet
  facet normal 0.000000e+00 0.000000e+00 1.000000e+00
    outer loop
      vertex   7.088333e+00 7.215112e+00 -5.657629e+00
      vertex   4.998333e+00 -9.439244e+00 -5.657629e+00
      vertex   5.257152e+00 -9.473319e+00 -5.657629e+00
    endloop
  endfacet
  facet normal 0.000000e+00 0.000000e+00 1.000000e+00
    outer loop
      vertex   7.088333e+00 7.215112e+00 -5.657629e+00
      vertex   5.257152e+00 -9.473319e+00 -5.657629e+00
      vertex   5.498333e+00 -9.573219e+00 -5.657629e+00
    endloop
  endfacet
  facet normal -0.000000e+00 0.000000e+00 1.000000e+00
    outer loop
      vertex   5.498333e+00 -9.573219e+00 -5.657629e+00
      vertex   5.705440e+00 -9.732138e+00 -5.657629e+00
      vertex   7.088333e+00 7.215112e+00 -5.657629e+00
    endloop
  endfacet
  facet normal 0.000000e+00 0.000000e+00 1.000000e+00
    outer loop
      vertex   7.088333e+00 7.215112e+00 -5.657629e+00
      vertex   5.705440e+00 -9.732138e+00 -5.657629e+00
      vertex   5.864359e+00 -9.939244e+00 -5.657629e+00
    endloop
  endfacet
  facet normal 0.000000e+00 0.000000e+00 1.000000e+00
    outer loop
      vertex   7.088333e+00 7.215112e+00 -5.657629e+00
      vertex   5.864359e+00 -9.939244e+00 -5.657629e+00
      vertex   5.964259e+00 -1.018043e+01 -5.657629e+00
    endloop
  endfacet
  facet normal -0.000000e+00 -0.000000e+00 1.000000e+00
    outer loop
      vertex   5.998333e+00 -1.043924e+01 -5.657629e+00
      vertex   6.983334e+00 -1.203489e+01 -5.657629e+00
      vertex   5.964259e+00 -1.018043e+01 -5.657629e+00
    endloop
  endfacet
  facet normal 0.000000e+00 0.000000e+00 1.000000e+00
    outer loop
      vertex   5.964259e+00 -1.018043e+01 -5.657629e+00
      vertex   6.983334e+00 -1.203489e+01 -5.657629e+00
      vertex   7.018346e+00 -1.203460e+01 -5.657629e+00
    endloop
  endfacet
  facet normal 0.000000e+00 0.000000e+00 1.000000e+00
    outer loop
      vertex   5.964259e+00 -1.018043e+01 -5.657629e+00
      vertex   7.018346e+00 -1.203460e+01 -5.657629e+00
      vertex   7.053350e+00 -1.203372e+01 -5.657629e+00
    endloop
  endfacet
  facet normal 0.000000e+00 0.000000e+00 1.000000e+00
    outer loop
      vertex   5.998333e+00 -1.043924e+01 -5.657629e+00
      vertex   5.964259e+00 -1.069806e+01 -5.657629e+00
      vertex   6.983334e+00 -1.203489e+01 -5.657629e+00
    endloop
  endfacet
  facet normal 0.000000e+00 0.000000e+00 1.000000e+00
    outer loop
      vertex   6.983334e+00 -1.203489e+01 -5.657629e+00
      vertex   5.964259e+00 -1.069806e+01 -5.657629e+00
      vertex   5.864359e+00 -1.093924e+01 -5.657629e+00
    endloop
  endfacet
  facet normal 0.000000e+00 0.000000e+00 1.000000e+00
    outer loop
      vertex   6.983334e+00 -1.203489e+01 -5.657629e+00
      vertex   5.864359e+00 -1.093924e+01 -5.657629e+00
      vertex   5.500000e+00 -1.203489e+01 -5.657629e+00
    endloop
  endfacet
  facet normal 0.000000e+00 0.000000e+00 1.000000e+00
    outer loop
      vertex   5.500000e+00 -1.203489e+01 -5.657629e+00
      vertex   5.864359e+00 -1.093924e+01 -5.657629e+00
      vertex   5.705440e+00 -1.114635e+01 -5.657629e+00
    endloop
  endfacet
  facet normal 0.000000e+00 -0.000000e+00 1.000000e+00
    outer loop
      vertex   5.500000e+00 -1.203489e+01 -5.657629e+00
      vertex   5.705440e+00 -1.114635e+01 -5.657629e+00
      vertex   5.498333e+00 -1.130527e+01 -5.657629e+00
    endloop
  endfacet
  facet normal 0.000000e+00 0.000000e+00 1.000000e+00
    outer loop
      vertex   5.498333e+00 -1.130527e+01 -5.657629e+00
      vertex   5.257152e+00 -1.140517e+01 -5.657629e+00
      vertex   5.500000e+00 -1.203489e+01 -5.657629e+00
    endloop
  endfacet
  facet normal 0.000000e+00 0.000000e+00 1.000000e+00
    outer loop
      vertex   5.500000e+00 -1.203489e+01 -5.657629e+00
      vertex   5.257152e+00 -1.140517e+01 -5.657629e+00
      vertex   5.500000e+00 -1.327360e+01 -5.657629e+00
    endloop
  endfacet
  facet normal 0.000000e+00 0.000000e+00 1.000000e+00
    outer loop
      vertex   5.500000e+00 -1.327360e+01 -5.657629e+00
      vertex   5.257152e+00 -1.140517e+01 -5.657629e+00
      vertex   4.998333e+00 -1.143924e+01 -5.657629e+00
    endloop
  endfacet
  facet normal 0.000000e+00 0.000000e+00 1.000000e+00
    outer loop
      vertex   5.500000e+00 -1.327360e+01 -5.657629e+00
      vertex   4.998333e+00 -1.143924e+01 -5.657629e+00
      vertex   4.739514e+00 -1.140517e+01 -5.657629e+00
    endloop
  endfacet
  facet normal 0.000000e+00 0.000000e+00 1.000000e+00
    outer loop
      vertex   5.500000e+00 -1.327360e+01 -5.657629e+00
      vertex   4.739514e+00 -1.140517e+01 -5.657629e+00
      vertex   3.958508e+00 -1.497960e+01 -5.657629e+00
    endloop
  endfacet
  facet normal 0.000000e+00 0.000000e+00 1.000000e+00
    outer loop
      vertex   3.958508e+00 -1.497960e+01 -5.657629e+00
      vertex   4.739514e+00 -1.140517e+01 -5.657629e+00
      vertex   4.498333e+00 -1.130527e+01 -5.657629e+00
    endloop
  endfacet
  facet normal 0.000000e+00 -0.000000e+00 1.000000e+00
    outer loop
      vertex   3.958508e+00 -1.497960e+01 -5.657629e+00
      vertex   4.498333e+00 -1.130527e+01 -5.657629e+00
      vertex   3.827985e+00 -1.439384e+01 -5.657629e+00
    endloop
  endfacet
  facet normal 0.000000e+00 0.000000e+00 1.000000e+00
    outer loop
      vertex   3.827985e+00 -1.439384e+01 -5.657629e+00
      vertex   4.498333e+00 -1.130527e+01 -5.657629e+00
      vertex   4.291227e+00 -1.114635e+01 -5.657629e+00
    endloop
  endfacet
  facet normal 0.000000e+00 -0.000000e+00 1.000000e+00
    outer loop
      vertex   3.827985e+00 -1.439384e+01 -5.657629e+00
      vertex   4.291227e+00 -1.114635e+01 -5.657629e+00
      vertex   3.611296e+00 -1.383420e+01 -5.657629e+00
    endloop
  endfacet
  facet normal 0.000000e+00 0.000000e+00 1.000000e+00
    outer loop
      vertex   3.611296e+00 -1.383420e+01 -5.657629e+00
      vertex   4.291227e+00 -1.114635e+01 -5.657629e+00
      vertex   4.132308e+00 -1.093924e+01 -5.657629e+00
    endloop
  endfacet
  facet normal 0.000000e+00 0.000000e+00 1.000000e+00
    outer loop
      vertex   3.611296e+00 -1.383420e+01 -5.657629e+00
      vertex   4.132308e+00 -1.093924e+01 -5.657629e+00
      vertex   4.032408e+00 -1.069806e+01 -5.657629e+00
    endloop
  endfacet
  facet normal 0.000000e+00 -0.000000e+00 1.000000e+00
    outer loop
      vertex   3.611296e+00 -1.383420e+01 -5.657629e+00
      vertex   4.032408e+00 -1.069806e+01 -5.657629e+00
      vertex   3.313319e+00 -1.331328e+01 -5.657629e+00
    endloop
  endfacet
  facet normal 8.439561e-15 -2.320569e-15 1.000000e+00
    outer loop
      vertex   3.313319e+00 -1.331328e+01 -5.657629e+00
      vertex   4.032408e+00 -1.069806e+01 -5.657629e+00
      vertex   3.998333e+00 -1.043924e+01 -5.657629e+00
    endloop
  endfacet
  facet normal -0.000000e+00 -0.000000e+00 1.000000e+00
    outer loop
      vertex   -7.088333e+00 -1.203243e+01 -5.657629e+00
      vertex   -7.054459e+00 -1.203380e+01 -5.657629e+00
      vertex   -7.088333e+00 7.215112e+00 -5.657629e+00
    endloop
  endfacet
  facet normal 0.000000e+00 0.000000e+00 1.000000e+00
    outer loop
      vertex   -7.088333e+00 7.215112e+00 -5.657629e+00
      vertex   -7.054459e+00 -1.203380e+01 -5.657629e+00
      vertex   -7.020567e+00 -1.203461e+01 -5.657629e+00
    endloop
  endfacet
  facet normal 0.000000e+00 0.000000e+00 1.000000e+00
    outer loop
      vertex   -7.088333e+00 7.215112e+00 -5.657629e+00
      vertex   -7.020567e+00 -1.203461e+01 -5.657629e+00
      vertex   -6.986667e+00 -1.203489e+01 -5.657629e+00
    endloop
  endfacet
  facet normal 0.000000e+00 -0.000000e+00 1.000000e+00
    outer loop
      vertex   -6.986667e+00 -1.203489e+01 -5.657629e+00
      vertex   -5.500000e+00 -1.203489e+01 -5.657629e+00
      vertex   -7.088333e+00 7.215112e+00 -5.657629e+00
    endloop
  endfacet
  facet normal -0.000000e+00 0.000000e+00 1.000000e+00
    outer loop
      vertex   -7.088333e+00 7.215112e+00 -5.657629e+00
      vertex   -5.500000e+00 -1.203489e+01 -5.657629e+00
      vertex   -4.856403e+00 9.320112e+00 -5.657629e+00
    endloop
  endfacet
  facet normal 0.000000e+00 0.000000e+00 1.000000e+00
    outer loop
      vertex   -7.088333e+00 7.215112e+00 -5.657629e+00
      vertex   -4.856403e+00 9.320112e+00 -5.657629e+00
      vertex   -6.986667e+00 9.320112e+00 -5.657629e+00
    endloop
  endfacet
  facet normal -0.000000e+00 0.000000e+00 1.000000e+00
    outer loop
      vertex   -5.500000e+00 -1.327360e+01 -5.657629e+00
      vertex   -3.827985e+00 -1.439384e+01 -5.657629e+00
      vertex   -5.500000e+00 -1.203489e+01 -5.657629e+00
    endloop
  endfacet
  facet normal 0.000000e+00 0.000000e+00 1.000000e+00
    outer loop
      vertex   -5.500000e+00 -1.203489e+01 -5.657629e+00
      vertex   -3.827985e+00 -1.439384e+01 -5.657629e+00
      vertex   -3.611296e+00 -1.383420e+01 -5.657629e+00
    endloop
  endfacet
  facet normal 0.000000e+00 0.000000e+00 1.000000e+00
    outer loop
      vertex   -5.500000e+00 -1.203489e+01 -5.657629e+00
      vertex   -3.611296e+00 -1.383420e+01 -5.657629e+00
      vertex   -3.313319e+00 -1.331328e+01 -5.657629e+00
    endloop
  endfacet
  facet normal -0.000000e+00 0.000000e+00 1.000000e+00
    outer loop
      vertex   -1.050000e+01 -1.327360e+01 -5.657629e+00
      vertex   -3.813754e+00 -1.676059e+01 -5.657629e+00
      vertex   -5.500000e+00 -1.327360e+01 -5.657629e+00
    endloop
  endfacet
  facet normal 0.000000e+00 0.000000e+00 1.000000e+00
    outer loop
      vertex   -5.500000e+00 -1.327360e+01 -5.657629e+00
      vertex   -3.813754e+00 -1.676059e+01 -5.657629e+00
      vertex   -3.951312e+00 -1.617645e+01 -5.657629e+00
    endloop
  endfacet
  facet normal 0.000000e+00 0.000000e+00 1.000000e+00
    outer loop
      vertex   -5.500000e+00 -1.327360e+01 -5.657629e+00
      vertex   -3.951312e+00 -1.617645e+01 -5.657629e+00
      vertex   -3.999928e+00 -1.557829e+01 -5.657629e+00
    endloop
  endfacet
  facet normal 0.000000e+00 0.000000e+00 1.000000e+00
    outer loop
      vertex   -1.050000e+01 -1.327360e+01 -5.657629e+00
      vertex   -1.050000e+01 -5.433489e+01 -5.657629e+00
      vertex   -3.813754e+00 -1.676059e+01 -5.657629e+00
    endloop
  endfacet
  facet normal 0.000000e+00 0.000000e+00 1.000000e+00
    outer loop
      vertex   -3.813754e+00 -1.676059e+01 -5.657629e+00
      vertex   -1.050000e+01 -5.433489e+01 -5.657629e+00
      vertex   -3.590352e+00 -1.731759e+01 -5.657629e+00
    endloop
  endfacet
  facet normal 0.000000e+00 0.000000e+00 1.000000e+00
    outer loop
      vertex   -3.590352e+00 -1.731759e+01 -5.657629e+00
      vertex   -1.050000e+01 -5.433489e+01 -5.657629e+00
      vertex   -8.500000e+00 -5.633489e+01 -5.657629e+00
    endloop
  endfacet
  facet normal 0.000000e+00 0.000000e+00 1.000000e+00
    outer loop
      vertex   -3.590352e+00 -1.731759e+01 -5.657629e+00
      vertex   -8.500000e+00 -5.633489e+01 -5.657629e+00
      vertex   -3.286132e+00 -1.783489e+01 -5.657629e+00
    endloop
  endfacet
  facet normal -0.000000e+00 0.000000e+00 1.000000e+00
    outer loop
      vertex   -3.286132e+00 -1.783489e+01 -5.657629e+00
      vertex   -8.500000e+00 -5.633489e+01 -5.657629e+00
      vertex   -1.349506e+00 -1.783489e+01 -5.657629e+00
    endloop
  endfacet
  facet normal 0.000000e+00 0.000000e+00 1.000000e+00
    outer loop
      vertex   -1.349506e+00 -1.783489e+01 -5.657629e+00
      vertex   -8.500000e+00 -5.633489e+01 -5.657629e+00
      vertex   -9.241123e-01 -1.803789e+01 -5.657629e+00
    endloop
  endfacet
  facet normal 0.000000e+00 0.000000e+00 1.000000e+00
    outer loop
      vertex   -9.241123e-01 -1.803789e+01 -5.657629e+00
      vertex   -8.500000e+00 -5.633489e+01 -5.657629e+00
      vertex   -4.694827e-01 -1.816233e+01 -5.657629e+00
    endloop
  endfacet
  facet normal 0.000000e+00 0.000000e+00 1.000000e+00
    outer loop
      vertex   -4.694827e-01 -1.816233e+01 -5.657629e+00
      vertex   -8.500000e+00 -5.633489e+01 -5.657629e+00
      vertex   -3.928458e-16 -1.820424e+01 -5.657629e+00
    endloop
  endfacet
  facet normal 0.000000e+00 0.000000e+00 1.000000e+00
    outer loop
      vertex   -3.928458e-16 -1.820424e+01 -5.657629e+00
      vertex   -8.500000e+00 -5.633489e+01 -5.657629e+00
      vertex   8.500000e+00 -5.633489e+01 -5.657629e+00
    endloop
  endfacet
  facet normal -0.000000e+00 0.000000e+00 1.000000e+00
    outer loop
      vertex   -3.928458e-16 -1.820424e+01 -5.657629e+00
      vertex   8.500000e+00 -5.633489e+01 -5.657629e+00
      vertex   4.694827e-01 -1.816233e+01 -5.657629e+00
    endloop
  endfacet
  facet normal -0.000000e+00 0.000000e+00 1.000000e+00
    outer loop
      vertex   4.694827e-01 -1.816233e+01 -5.657629e+00
      vertex   8.500000e+00 -5.633489e+01 -5.657629e+00
      vertex   9.241123e-01 -1.803789e+01 -5.657629e+00
    endloop
  endfacet
  facet normal -0.000000e+00 0.000000e+00 1.000000e+00
    outer loop
      vertex   9.241123e-01 -1.803789e+01 -5.657629e+00
      vertex   8.500000e+00 -5.633489e+01 -5.657629e+00
      vertex   1.349506e+00 -1.783489e+01 -5.657629e+00
    endloop
  endfacet
  facet normal 4.586214e-16 8.517843e-17 1.000000e+00
    outer loop
      vertex   1.349506e+00 -1.783489e+01 -5.657629e+00
      vertex   8.500000e+00 -5.633489e+01 -5.657629e+00
      vertex   3.286132e+00 -1.783489e+01 -5.657629e+00
    endloop
  endfacet
  facet normal -2.404951e-15 -3.026212e-16 1.000000e+00
    outer loop
      vertex   3.286132e+00 -1.783489e+01 -5.657629e+00
      vertex   8.500000e+00 -5.633489e+01 -5.657629e+00
      vertex   3.590352e+00 -1.731759e+01 -5.657629e+00
    endloop
  endfacet
  facet normal 0.000000e+00 0.000000e+00 1.000000e+00
    outer loop
      vertex   3.590352e+00 -1.731759e+01 -5.657629e+00
      vertex   8.500000e+00 -5.633489e+01 -5.657629e+00
      vertex   1.050000e+01 -5.433489e+01 -5.657629e+00
    endloop
  endfacet
  facet normal -0.000000e+00 0.000000e+00 1.000000e+00
    outer loop
      vertex   3.590352e+00 -1.731759e+01 -5.657629e+00
      vertex   1.050000e+01 -5.433489e+01 -5.657629e+00
      vertex   3.813754e+00 -1.676059e+01 -5.657629e+00
    endloop
  endfacet
  facet normal -0.000000e+00 0.000000e+00 1.000000e+00
    outer loop
      vertex   3.813754e+00 -1.676059e+01 -5.657629e+00
      vertex   1.050000e+01 -5.433489e+01 -5.657629e+00
      vertex   1.050000e+01 -1.327360e+01 -5.657629e+00
    endloop
  endfacet
  facet normal 0.000000e+00 0.000000e+00 1.000000e+00
    outer loop
      vertex   3.813754e+00 -1.676059e+01 -5.657629e+00
      vertex   1.050000e+01 -1.327360e+01 -5.657629e+00
      vertex   5.500000e+00 -1.327360e+01 -5.657629e+00
    endloop
  endfacet
  facet normal 0.000000e+00 -0.000000e+00 1.000000e+00
    outer loop
      vertex   7.053350e+00 -1.203372e+01 -5.657629e+00
      vertex   7.088333e+00 -1.203227e+01 -5.657629e+00
      vertex   5.964259e+00 -1.018043e+01 -5.657629e+00
    endloop
  endfacet
  facet normal -0.000000e+00 0.000000e+00 1.000000e+00
    outer loop
      vertex   5.964259e+00 -1.018043e+01 -5.657629e+00
      vertex   7.088333e+00 -1.203227e+01 -5.657629e+00
      vertex   7.088333e+00 7.215112e+00 -5.657629e+00
    endloop
  endfacet
  facet normal 0.000000e+00 0.000000e+00 1.000000e+00
    outer loop
      vertex   9.088333e+00 7.215112e+00 -5.657629e+00
      vertex   8.471793e+00 8.703572e+00 -5.657629e+00
      vertex   7.088333e+00 7.215112e+00 -5.657629e+00
    endloop
  endfacet
  facet normal 0.000000e+00 0.000000e+00 1.000000e+00
    outer loop
      vertex   7.088333e+00 7.215112e+00 -5.657629e+00
      vertex   8.471793e+00 8.703572e+00 -5.657629e+00
      vertex   8.152808e+00 8.965355e+00 -5.657629e+00
    endloop
  endfacet
  facet normal 0.000000e+00 0.000000e+00 1.000000e+00
    outer loop
      vertex   7.088333e+00 7.215112e+00 -5.657629e+00
      vertex   8.152808e+00 8.965355e+00 -5.657629e+00
      vertex   7.788882e+00 9.159878e+00 -5.657629e+00
    endloop
  endfacet
  facet normal 0.000000e+00 0.000000e+00 1.000000e+00
    outer loop
      vertex   9.047886e+00 7.625777e+00 -5.657629e+00
      vertex   8.928099e+00 8.020661e+00 -5.657629e+00
      vertex   9.088333e+00 7.215112e+00 -5.657629e+00
    endloop
  endfacet
  facet normal 0.000000e+00 0.000000e+00 1.000000e+00
    outer loop
      vertex   9.088333e+00 7.215112e+00 -5.657629e+00
      vertex   8.928099e+00 8.020661e+00 -5.657629e+00
      vertex   8.733576e+00 8.384587e+00 -5.657629e+00
    endloop
  endfacet
  facet normal 0.000000e+00 0.000000e+00 1.000000e+00
    outer loop
      vertex   9.088333e+00 7.215112e+00 -5.657629e+00
      vertex   8.733576e+00 8.384587e+00 -5.657629e+00
      vertex   8.471793e+00 8.703572e+00 -5.657629e+00
    endloop
  endfacet
  facet normal 0.000000e+00 0.000000e+00 1.000000e+00
    outer loop
      vertex   7.788882e+00 9.159878e+00 -5.657629e+00
      vertex   7.393998e+00 9.279665e+00 -5.657629e+00
      vertex   7.088333e+00 7.215112e+00 -5.657629e+00
    endloop
  endfacet
  facet normal 0.000000e+00 -0.000000e+00 1.000000e+00
    outer loop
      vertex   7.088333e+00 7.215112e+00 -5.657629e+00
      vertex   7.393998e+00 9.279665e+00 -5.657629e+00
      vertex   6.983333e+00 9.320112e+00 -5.657629e+00
    endloop
  endfacet
  facet normal 0.000000e+00 0.000000e+00 1.000000e+00
    outer loop
      vertex   7.088333e+00 7.215112e+00 -5.657629e+00
      vertex   6.983333e+00 9.320112e+00 -5.657629e+00
      vertex   4.743597e+00 9.320112e+00 -5.657629e+00
    endloop
  endfacet
  facet normal 0.000000e+00 0.000000e+00 1.000000e+00
    outer loop
      vertex   4.743597e+00 9.620112e+00 -5.657629e+00
      vertex   -4.856403e+00 9.620112e+00 -5.657629e+00
      vertex   4.743597e+00 9.320112e+00 -5.657629e+00
    endloop
  endfacet
  facet normal 0.000000e+00 0.000000e+00 1.000000e+00
    outer loop
      vertex   4.743597e+00 9.320112e+00 -5.657629e+00
      vertex   -4.856403e+00 9.620112e+00 -5.657629e+00
      vertex   -4.856403e+00 9.320112e+00 -5.657629e+00
    endloop
  endfacet
  facet normal 0.000000e+00 0.000000e+00 1.000000e+00
    outer loop
      vertex   4.743597e+00 9.320112e+00 -5.657629e+00
      vertex   -4.856403e+00 9.320112e+00 -5.657629e+00
      vertex   -3.000624e-01 -1.156551e+01 -5.657629e+00
    endloop
  endfacet
  facet normal 0.000000e+00 0.000000e+00 1.000000e+00
    outer loop
      vertex   -3.000624e-01 -1.156551e+01 -5.657629e+00
      vertex   -4.856403e+00 9.320112e+00 -5.657629e+00
      vertex   -8.934330e-01 -1.165530e+01 -5.657629e+00
    endloop
  endfacet
  facet normal 0.000000e+00 0.000000e+00 1.000000e+00
    outer loop
      vertex   -8.934330e-01 -1.165530e+01 -5.657629e+00
      vertex   -4.856403e+00 9.320112e+00 -5.657629e+00
      vertex   -1.466693e+00 -1.183285e+01 -5.657629e+00
    endloop
  endfacet
  facet normal 0.000000e+00 0.000000e+00 1.000000e+00
    outer loop
      vertex   -1.466693e+00 -1.183285e+01 -5.657629e+00
      vertex   -4.856403e+00 9.320112e+00 -5.657629e+00
      vertex   -2.006939e+00 -1.209416e+01 -5.657629e+00
    endloop
  endfacet
  facet normal 0.000000e+00 0.000000e+00 1.000000e+00
    outer loop
      vertex   -2.006939e+00 -1.209416e+01 -5.657629e+00
      vertex   -4.856403e+00 9.320112e+00 -5.657629e+00
      vertex   -2.502009e+00 -1.243336e+01 -5.657629e+00
    endloop
  endfacet
  facet normal 0.000000e+00 0.000000e+00 1.000000e+00
    outer loop
      vertex   -2.502009e+00 -1.243336e+01 -5.657629e+00
      vertex   -4.856403e+00 9.320112e+00 -5.657629e+00
      vertex   -2.940762e+00 -1.284280e+01 -5.657629e+00
    endloop
  endfacet
  facet normal 0.000000e+00 0.000000e+00 1.000000e+00
    outer loop
      vertex   -2.940762e+00 -1.284280e+01 -5.657629e+00
      vertex   -4.856403e+00 9.320112e+00 -5.657629e+00
      vertex   -5.500000e+00 -1.203489e+01 -5.657629e+00
    endloop
  endfacet
  facet normal 0.000000e+00 0.000000e+00 1.000000e+00
    outer loop
      vertex   -2.940762e+00 -1.284280e+01 -5.657629e+00
      vertex   -5.500000e+00 -1.203489e+01 -5.657629e+00
      vertex   -3.313319e+00 -1.331328e+01 -5.657629e+00
    endloop
  endfacet
  facet normal 0.000000e+00 0.000000e+00 1.000000e+00
    outer loop
      vertex   -6.986667e+00 9.320112e+00 -5.657629e+00
      vertex   -7.397332e+00 9.279665e+00 -5.657629e+00
      vertex   -7.088333e+00 7.215112e+00 -5.657629e+00
    endloop
  endfacet
  facet normal 0.000000e+00 0.000000e+00 1.000000e+00
    outer loop
      vertex   -7.088333e+00 7.215112e+00 -5.657629e+00
      vertex   -7.397332e+00 9.279665e+00 -5.657629e+00
      vertex   -7.792215e+00 9.159878e+00 -5.657629e+00
    endloop
  endfacet
  facet normal 0.000000e+00 0.000000e+00 1.000000e+00
    outer loop
      vertex   -7.088333e+00 7.215112e+00 -5.657629e+00
      vertex   -7.792215e+00 9.159878e+00 -5.657629e+00
      vertex   -8.156142e+00 8.965355e+00 -5.657629e+00
    endloop
  endfacet
  facet normal 0.000000e+00 0.000000e+00 1.000000e+00
    outer loop
      vertex   -8.156142e+00 8.965355e+00 -5.657629e+00
      vertex   -8.475126e+00 8.703572e+00 -5.657629e+00
      vertex   -7.088333e+00 7.215112e+00 -5.657629e+00
    endloop
  endfacet
  facet normal 0.000000e+00 0.000000e+00 1.000000e+00
    outer loop
      vertex   -7.088333e+00 7.215112e+00 -5.657629e+00
      vertex   -8.475126e+00 8.703572e+00 -5.657629e+00
      vertex   -9.091667e+00 7.215112e+00 -5.657629e+00
    endloop
  endfacet
  facet normal 0.000000e+00 0.000000e+00 1.000000e+00
    outer loop
      vertex   -9.091667e+00 7.215112e+00 -5.657629e+00
      vertex   -8.475126e+00 8.703572e+00 -5.657629e+00
      vertex   -8.736910e+00 8.384587e+00 -5.657629e+00
    endloop
  endfacet
  facet normal 0.000000e+00 0.000000e+00 1.000000e+00
    outer loop
      vertex   -9.091667e+00 7.215112e+00 -5.657629e+00
      vertex   -8.736910e+00 8.384587e+00 -5.657629e+00
      vertex   -8.931433e+00 8.020661e+00 -5.657629e+00
    endloop
  endfacet
  facet normal 0.000000e+00 0.000000e+00 1.000000e+00
    outer loop
      vertex   -8.931433e+00 8.020661e+00 -5.657629e+00
      vertex   -9.051219e+00 7.625777e+00 -5.657629e+00
      vertex   -9.091667e+00 7.215112e+00 -5.657629e+00
    endloop
  endfacet
  facet normal 0.000000e+00 -0.000000e+00 1.000000e+00
    outer loop
      vertex   -3.999928e+00 -1.557829e+01 -5.657629e+00
      vertex   -3.958508e+00 -1.497960e+01 -5.657629e+00
      vertex   -5.500000e+00 -1.327360e+01 -5.657629e+00
    endloop
  endfacet
  facet normal 0.000000e+00 0.000000e+00 1.000000e+00
    outer loop
      vertex   -5.500000e+00 -1.327360e+01 -5.657629e+00
      vertex   -3.958508e+00 -1.497960e+01 -5.657629e+00
      vertex   -3.827985e+00 -1.439384e+01 -5.657629e+00
    endloop
  endfacet
  facet normal 0.000000e+00 0.000000e+00 1.000000e+00
    outer loop
      vertex   -3.000624e-01 -1.156551e+01 -5.657629e+00
      vertex   3.000624e-01 -1.156551e+01 -5.657629e+00
      vertex   4.743597e+00 9.320112e+00 -5.657629e+00
    endloop
  endfacet
  facet normal 0.000000e+00 0.000000e+00 1.000000e+00
    outer loop
      vertex   4.743597e+00 9.320112e+00 -5.657629e+00
      vertex   3.000624e-01 -1.156551e+01 -5.657629e+00
      vertex   8.934330e-01 -1.165530e+01 -5.657629e+00
    endloop
  endfacet
  facet normal 0.000000e+00 0.000000e+00 1.000000e+00
    outer loop
      vertex   4.743597e+00 9.320112e+00 -5.657629e+00
      vertex   8.934330e-01 -1.165530e+01 -5.657629e+00
      vertex   1.466693e+00 -1.183285e+01 -5.657629e+00
    endloop
  endfacet
  facet normal -0.000000e+00 0.000000e+00 1.000000e+00
    outer loop
      vertex   3.958508e+00 -1.497960e+01 -5.657629e+00
      vertex   3.999928e+00 -1.557829e+01 -5.657629e+00
      vertex   5.500000e+00 -1.327360e+01 -5.657629e+00
    endloop
  endfacet
  facet normal 0.000000e+00 0.000000e+00 1.000000e+00
    outer loop
      vertex   5.500000e+00 -1.327360e+01 -5.657629e+00
      vertex   3.999928e+00 -1.557829e+01 -5.657629e+00
      vertex   3.951312e+00 -1.617645e+01 -5.657629e+00
    endloop
  endfacet
  facet normal 0.000000e+00 0.000000e+00 1.000000e+00
    outer loop
      vertex   5.500000e+00 -1.327360e+01 -5.657629e+00
      vertex   3.951312e+00 -1.617645e+01 -5.657629e+00
      vertex   3.813754e+00 -1.676059e+01 -5.657629e+00
    endloop
  endfacet
  facet normal 1.000000e+00 7.752365e-15 0.000000e+00
    outer loop
      vertex   -7.088333e+00 7.215112e+00 -2.157629e+00
      vertex   -7.088333e+00 -1.203243e+01 -2.157629e+00
      vertex   -7.088333e+00 7.215112e+00 -5.657629e+00
    endloop
  endfacet
  facet normal 1.000000e+00 7.752365e-15 0.000000e+00
    outer loop
      vertex   -7.088333e+00 7.215112e+00 -5.657629e+00
      vertex   -7.088333e+00 -1.203243e+01 -2.157629e+00
      vertex   -7.088333e+00 -1.203243e+01 -5.657629e+00
    endloop
  endfacet
  facet normal -1.000000e+00 -5.814323e-15 -0.000000e+00
    outer loop
      vertex   7.088333e+00 -1.203227e+01 -2.157629e+00
      vertex   7.088333e+00 7.215112e+00 -2.157629e+00
      vertex   7.088333e+00 -1.203227e+01 -5.657629e+00
    endloop
  endfacet
  facet normal -1.000000e+00 -5.860468e-15 2.537653e-16
    outer loop
      vertex   7.088333e+00 -1.203227e+01 -5.657629e+00
      vertex   7.088333e+00 7.215112e+00 -2.157629e+00
      vertex   7.088333e+00 7.215112e+00 -5.657629e+00
    endloop
  endfacet
  facet normal -0.000000e+00 1.000000e+00 2.537653e-16
    outer loop
      vertex   7.088333e+00 7.215112e+00 -2.157629e+00
      vertex   9.088333e+00 7.215112e+00 -2.157629e+00
      vertex   7.088333e+00 7.215112e+00 -5.657629e+00
    endloop
  endfacet
  facet normal -0.000000e+00 1.000000e+00 2.537653e-16
    outer loop
      vertex   7.088333e+00 7.215112e+00 -5.657629e+00
      vertex   9.088333e+00 7.215112e+00 -2.157629e+00
      vertex   9.088333e+00 7.215112e+00 -5.657629e+00
    endloop
  endfacet
  facet normal 1.000000e+00 0.000000e+00 0.000000e+00
    outer loop
      vertex   -5.500000e+00 -1.203489e+01 -6.576289e-01
      vertex   -5.500000e+00 -1.327360e+01 -6.576289e-01
      vertex   -5.500000e+00 -1.203489e+01 -5.657629e+00
    endloop
  endfacet
  facet normal 1.000000e+00 0.000000e+00 0.000000e+00
    outer loop
      vertex   -5.500000e+00 -1.203489e+01 -5.657629e+00
      vertex   -5.500000e+00 -1.327360e+01 -6.576289e-01
      vertex   -5.500000e+00 -1.327360e+01 -5.657629e+00
    endloop
  endfacet
  facet normal -1.000000e+00 -7.170170e-16 5.094712e-31
    outer loop
      vertex   5.500000e+00 -1.327360e+01 -6.576289e-01
      vertex   5.500000e+00 -1.203489e+01 -6.576289e-01
      vertex   5.500000e+00 -1.327360e+01 -5.657629e+00
    endloop
  endfacet
  facet normal -1.000000e+00 -7.170170e-16 2.547356e-31
    outer loop
      vertex   5.500000e+00 -1.327360e+01 -5.657629e+00
      vertex   5.500000e+00 -1.203489e+01 -6.576289e-01
      vertex   5.500000e+00 -1.203489e+01 -5.657629e+00
    endloop
  endfacet
  facet normal -1.264228e-01 9.602767e-01 2.487689e-01
    outer loop
      vertex   -7.794659e+00 9.902136e+00 2.765221e+00
      vertex   -7.806290e+00 9.945546e+00 2.591744e+00
      vertex   -7.987040e+00 9.876809e+00 2.765221e+00
    endloop
  endfacet
  facet normal -1.264228e-01 9.602767e-01 2.487689e-01
    outer loop
      vertex   -7.987040e+00 9.876809e+00 2.765221e+00
      vertex   -7.806290e+00 9.945546e+00 2.591744e+00
      vertex   -7.987040e+00 9.921750e+00 2.591744e+00
    endloop
  endfacet
  facet normal 1.264228e-01 9.602767e-01 2.487689e-01
    outer loop
      vertex   -7.987040e+00 9.876809e+00 2.765221e+00
      vertex   -7.987040e+00 9.921750e+00 2.591744e+00
      vertex   -8.179421e+00 9.902136e+00 2.765221e+00
    endloop
  endfacet
  facet normal 1.264228e-01 9.602767e-01 2.487689e-01
    outer loop
      vertex   -8.179421e+00 9.902136e+00 2.765221e+00
      vertex   -7.987040e+00 9.921750e+00 2.591744e+00
      vertex   -8.167789e+00 9.945546e+00 2.591744e+00
    endloop
  endfacet
  facet normal 3.706530e-01 8.948354e-01 2.487689e-01
    outer loop
      vertex   -8.179421e+00 9.902136e+00 2.765221e+00
      vertex   -8.167789e+00 9.945546e+00 2.591744e+00
      vertex   -8.358692e+00 9.976393e+00 2.765221e+00
    endloop
  endfacet
  facet normal 3.706530e-01 8.948354e-01 2.487689e-01
    outer loop
      vertex   -8.358692e+00 9.976393e+00 2.765221e+00
      vertex   -8.167789e+00 9.945546e+00 2.591744e+00
      vertex   -8.336221e+00 1.001531e+01 2.591744e+00
    endloop
  endfacet
  facet normal 5.896237e-01 7.684126e-01 2.487689e-01
    outer loop
      vertex   -8.358692e+00 9.976393e+00 2.765221e+00
      vertex   -8.336221e+00 1.001531e+01 2.591744e+00
      vertex   -8.512635e+00 1.009452e+01 2.765221e+00
    endloop
  endfacet
  facet normal 5.896237e-01 7.684126e-01 2.487689e-01
    outer loop
      vertex   -8.512635e+00 1.009452e+01 2.765221e+00
      vertex   -8.336221e+00 1.001531e+01 2.591744e+00
      vertex   -8.480857e+00 1.012630e+01 2.591744e+00
    endloop
  endfacet
  facet normal 7.684126e-01 5.896237e-01 2.487689e-01
    outer loop
      vertex   -8.512635e+00 1.009452e+01 2.765221e+00
      vertex   -8.480857e+00 1.012630e+01 2.591744e+00
      vertex   -8.630760e+00 1.024846e+01 2.765221e+00
    endloop
  endfacet
  facet normal 7.684126e-01 5.896237e-01 2.487689e-01
    outer loop
      vertex   -8.630760e+00 1.024846e+01 2.765221e+00
      vertex   -8.480857e+00 1.012630e+01 2.591744e+00
      vertex   -8.591840e+00 1.027093e+01 2.591744e+00
    endloop
  endfacet
  facet normal 8.948354e-01 3.706530e-01 2.487689e-01
    outer loop
      vertex   -8.630760e+00 1.024846e+01 2.765221e+00
      vertex   -8.591840e+00 1.027093e+01 2.591744e+00
      vertex   -8.705016e+00 1.042773e+01 2.765221e+00
    endloop
  endfacet
  facet normal 8.948354e-01 3.706530e-01 2.487689e-01
    outer loop
      vertex   -8.705016e+00 1.042773e+01 2.765221e+00
      vertex   -8.591840e+00 1.027093e+01 2.591744e+00
      vertex   -8.661606e+00 1.043936e+01 2.591744e+00
    endloop
  endfacet
  facet normal 9.602767e-01 1.264228e-01 2.487689e-01
    outer loop
      vertex   -8.705016e+00 1.042773e+01 2.765221e+00
      vertex   -8.661606e+00 1.043936e+01 2.591744e+00
      vertex   -8.730343e+00 1.062011e+01 2.765221e+00
    endloop
  endfacet
  facet normal 9.602767e-01 1.264228e-01 2.487689e-01
    outer loop
      vertex   -8.730343e+00 1.062011e+01 2.765221e+00
      vertex   -8.661606e+00 1.043936e+01 2.591744e+00
      vertex   -8.685402e+00 1.062011e+01 2.591744e+00
    endloop
  endfacet
  facet normal 9.602767e-01 -1.264228e-01 2.487689e-01
    outer loop
      vertex   -8.730343e+00 1.062011e+01 2.765221e+00
      vertex   -8.685402e+00 1.062011e+01 2.591744e+00
      vertex   -8.705016e+00 1.081249e+01 2.765221e+00
    endloop
  endfacet
  facet normal 9.602767e-01 -1.264228e-01 2.487689e-01
    outer loop
      vertex   -8.705016e+00 1.081249e+01 2.765221e+00
      vertex   -8.685402e+00 1.062011e+01 2.591744e+00
      vertex   -8.661606e+00 1.080086e+01 2.591744e+00
    endloop
  endfacet
  facet normal 8.948354e-01 -3.706530e-01 2.487689e-01
    outer loop
      vertex   -8.705016e+00 1.081249e+01 2.765221e+00
      vertex   -8.661606e+00 1.080086e+01 2.591744e+00
      vertex   -8.630760e+00 1.099176e+01 2.765221e+00
    endloop
  endfacet
  facet normal 8.948354e-01 -3.706530e-01 2.487689e-01
    outer loop
      vertex   -8.630760e+00 1.099176e+01 2.765221e+00
      vertex   -8.661606e+00 1.080086e+01 2.591744e+00
      vertex   -8.591840e+00 1.096929e+01 2.591744e+00
    endloop
  endfacet
  facet normal 7.684126e-01 -5.896237e-01 2.487689e-01
    outer loop
      vertex   -8.630760e+00 1.099176e+01 2.765221e+00
      vertex   -8.591840e+00 1.096929e+01 2.591744e+00
      vertex   -8.512635e+00 1.114571e+01 2.765221e+00
    endloop
  endfacet
  facet normal 7.684126e-01 -5.896237e-01 2.487689e-01
    outer loop
      vertex   -8.512635e+00 1.114571e+01 2.765221e+00
      vertex   -8.591840e+00 1.096929e+01 2.591744e+00
      vertex   -8.480857e+00 1.111393e+01 2.591744e+00
    endloop
  endfacet
  facet normal 5.896237e-01 -7.684126e-01 2.487689e-01
    outer loop
      vertex   -8.512635e+00 1.114571e+01 2.765221e+00
      vertex   -8.480857e+00 1.111393e+01 2.591744e+00
      vertex   -8.358692e+00 1.126383e+01 2.765221e+00
    endloop
  endfacet
  facet normal 5.896237e-01 -7.684126e-01 2.487689e-01
    outer loop
      vertex   -8.358692e+00 1.126383e+01 2.765221e+00
      vertex   -8.480857e+00 1.111393e+01 2.591744e+00
      vertex   -8.336221e+00 1.122491e+01 2.591744e+00
    endloop
  endfacet
  facet normal 3.706530e-01 -8.948354e-01 2.487689e-01
    outer loop
      vertex   -8.358692e+00 1.126383e+01 2.765221e+00
      vertex   -8.336221e+00 1.122491e+01 2.591744e+00
      vertex   -8.179421e+00 1.133809e+01 2.765221e+00
    endloop
  endfacet
  facet normal 3.706530e-01 -8.948354e-01 2.487689e-01
    outer loop
      vertex   -8.179421e+00 1.133809e+01 2.765221e+00
      vertex   -8.336221e+00 1.122491e+01 2.591744e+00
      vertex   -8.167789e+00 1.129468e+01 2.591744e+00
    endloop
  endfacet
  facet normal 1.264228e-01 -9.602767e-01 2.487689e-01
    outer loop
      vertex   -8.179421e+00 1.133809e+01 2.765221e+00
      vertex   -8.167789e+00 1.129468e+01 2.591744e+00
      vertex   -7.987040e+00 1.136342e+01 2.765221e+00
    endloop
  endfacet
  facet normal 1.264228e-01 -9.602767e-01 2.487689e-01
    outer loop
      vertex   -7.987040e+00 1.136342e+01 2.765221e+00
      vertex   -8.167789e+00 1.129468e+01 2.591744e+00
      vertex   -7.987040e+00 1.131847e+01 2.591744e+00
    endloop
  endfacet
  facet normal -1.264228e-01 -9.602767e-01 2.487689e-01
    outer loop
      vertex   -7.987040e+00 1.136342e+01 2.765221e+00
      vertex   -7.987040e+00 1.131847e+01 2.591744e+00
      vertex   -7.794659e+00 1.133809e+01 2.765221e+00
    endloop
  endfacet
  facet normal -1.264228e-01 -9.602767e-01 2.487689e-01
    outer loop
      vertex   -7.794659e+00 1.133809e+01 2.765221e+00
      vertex   -7.987040e+00 1.131847e+01 2.591744e+00
      vertex   -7.806290e+00 1.129468e+01 2.591744e+00
    endloop
  endfacet
  facet normal -3.706530e-01 -8.948354e-01 2.487689e-01
    outer loop
      vertex   -7.794659e+00 1.133809e+01 2.765221e+00
      vertex   -7.806290e+00 1.129468e+01 2.591744e+00
      vertex   -7.615388e+00 1.126383e+01 2.765221e+00
    endloop
  endfacet
  facet normal -3.706530e-01 -8.948354e-01 2.487689e-01
    outer loop
      vertex   -7.615388e+00 1.126383e+01 2.765221e+00
      vertex   -7.806290e+00 1.129468e+01 2.591744e+00
      vertex   -7.637859e+00 1.122491e+01 2.591744e+00
    endloop
  endfacet
  facet normal -5.896237e-01 -7.684126e-01 2.487689e-01
    outer loop
      vertex   -7.615388e+00 1.126383e+01 2.765221e+00
      vertex   -7.637859e+00 1.122491e+01 2.591744e+00
      vertex   -7.461445e+00 1.114571e+01 2.765221e+00
    endloop
  endfacet
  facet normal -5.896237e-01 -7.684126e-01 2.487689e-01
    outer loop
      vertex   -7.461445e+00 1.114571e+01 2.765221e+00
      vertex   -7.637859e+00 1.122491e+01 2.591744e+00
      vertex   -7.493223e+00 1.111393e+01 2.591744e+00
    endloop
  endfacet
  facet normal -7.684126e-01 -5.896237e-01 2.487689e-01
    outer loop
      vertex   -7.461445e+00 1.114571e+01 2.765221e+00
      vertex   -7.493223e+00 1.111393e+01 2.591744e+00
      vertex   -7.343320e+00 1.099176e+01 2.765221e+00
    endloop
  endfacet
  facet normal -7.684126e-01 -5.896237e-01 2.487689e-01
    outer loop
      vertex   -7.343320e+00 1.099176e+01 2.765221e+00
      vertex   -7.493223e+00 1.111393e+01 2.591744e+00
      vertex   -7.382240e+00 1.096929e+01 2.591744e+00
    endloop
  endfacet
  facet normal -8.948354e-01 -3.706530e-01 2.487689e-01
    outer loop
      vertex   -7.343320e+00 1.099176e+01 2.765221e+00
      vertex   -7.382240e+00 1.096929e+01 2.591744e+00
      vertex   -7.269064e+00 1.081249e+01 2.765221e+00
    endloop
  endfacet
  facet normal -8.948354e-01 -3.706530e-01 2.487689e-01
    outer loop
      vertex   -7.269064e+00 1.081249e+01 2.765221e+00
      vertex   -7.382240e+00 1.096929e+01 2.591744e+00
      vertex   -7.312474e+00 1.080086e+01 2.591744e+00
    endloop
  endfacet
  facet normal -9.602767e-01 -1.264228e-01 2.487689e-01
    outer loop
      vertex   -7.269064e+00 1.081249e+01 2.765221e+00
      vertex   -7.312474e+00 1.080086e+01 2.591744e+00
      vertex   -7.243736e+00 1.062011e+01 2.765221e+00
    endloop
  endfacet
  facet normal -9.602767e-01 -1.264228e-01 2.487689e-01
    outer loop
      vertex   -7.243736e+00 1.062011e+01 2.765221e+00
      vertex   -7.312474e+00 1.080086e+01 2.591744e+00
      vertex   -7.288677e+00 1.062011e+01 2.591744e+00
    endloop
  endfacet
  facet normal -9.602767e-01 1.264228e-01 2.487689e-01
    outer loop
      vertex   -7.243736e+00 1.062011e+01 2.765221e+00
      vertex   -7.288677e+00 1.062011e+01 2.591744e+00
      vertex   -7.269064e+00 1.042773e+01 2.765221e+00
    endloop
  endfacet
  facet normal -9.602767e-01 1.264228e-01 2.487689e-01
    outer loop
      vertex   -7.269064e+00 1.042773e+01 2.765221e+00
      vertex   -7.288677e+00 1.062011e+01 2.591744e+00
      vertex   -7.312474e+00 1.043936e+01 2.591744e+00
    endloop
  endfacet
  facet normal -8.948354e-01 3.706530e-01 2.487689e-01
    outer loop
      vertex   -7.269064e+00 1.042773e+01 2.765221e+00
      vertex   -7.312474e+00 1.043936e+01 2.591744e+00
      vertex   -7.343320e+00 1.024846e+01 2.765221e+00
    endloop
  endfacet
  facet normal -8.948354e-01 3.706530e-01 2.487689e-01
    outer loop
      vertex   -7.343320e+00 1.024846e+01 2.765221e+00
      vertex   -7.312474e+00 1.043936e+01 2.591744e+00
      vertex   -7.382240e+00 1.027093e+01 2.591744e+00
    endloop
  endfacet
  facet normal -7.684126e-01 5.896237e-01 2.487689e-01
    outer loop
      vertex   -7.343320e+00 1.024846e+01 2.765221e+00
      vertex   -7.382240e+00 1.027093e+01 2.591744e+00
      vertex   -7.461445e+00 1.009452e+01 2.765221e+00
    endloop
  endfacet
  facet normal -7.684126e-01 5.896237e-01 2.487689e-01
    outer loop
      vertex   -7.461445e+00 1.009452e+01 2.765221e+00
      vertex   -7.382240e+00 1.027093e+01 2.591744e+00
      vertex   -7.493223e+00 1.012630e+01 2.591744e+00
    endloop
  endfacet
  facet normal -5.896237e-01 7.684126e-01 2.487689e-01
    outer loop
      vertex   -7.461445e+00 1.009452e+01 2.765221e+00
      vertex   -7.493223e+00 1.012630e+01 2.591744e+00
      vertex   -7.615388e+00 9.976393e+00 2.765221e+00
    endloop
  endfacet
  facet normal -5.896237e-01 7.684126e-01 2.487689e-01
    outer loop
      vertex   -7.615388e+00 9.976393e+00 2.765221e+00
      vertex   -7.493223e+00 1.012630e+01 2.591744e+00
      vertex   -7.637859e+00 1.001531e+01 2.591744e+00
    endloop
  endfacet
  facet normal -3.706530e-01 8.948354e-01 2.487689e-01
    outer loop
      vertex   -7.615388e+00 9.976393e+00 2.765221e+00
      vertex   -7.637859e+00 1.001531e+01 2.591744e+00
      vertex   -7.794659e+00 9.902136e+00 2.765221e+00
    endloop
  endfacet
  facet normal -3.706530e-01 8.948354e-01 2.487689e-01
    outer loop
      vertex   -7.794659e+00 9.902136e+00 2.765221e+00
      vertex   -7.637859e+00 1.001531e+01 2.591744e+00
      vertex   -7.806290e+00 9.945546e+00 2.591744e+00
    endloop
  endfacet
  facet normal 1.194546e-01 -1.572649e-02 9.927151e-01
    outer loop
      vertex   -8.164960e+00 1.062011e+01 2.136631e+00
      vertex   -7.987040e+00 1.062011e+01 2.115221e+00
      vertex   -8.158898e+00 1.066616e+01 2.136631e+00
    endloop
  endfacet
  facet normal 1.113140e-01 -4.610775e-02 9.927151e-01
    outer loop
      vertex   -8.158898e+00 1.066616e+01 2.136631e+00
      vertex   -7.987040e+00 1.062011e+01 2.115221e+00
      vertex   -8.141124e+00 1.070907e+01 2.136631e+00
    endloop
  endfacet
  facet normal 9.558746e-02 -7.334683e-02 9.927151e-01
    outer loop
      vertex   -8.141124e+00 1.070907e+01 2.136631e+00
      vertex   -7.987040e+00 1.062011e+01 2.115221e+00
      vertex   -8.112849e+00 1.074592e+01 2.136631e+00
    endloop
  endfacet
  facet normal 7.334683e-02 -9.558746e-02 9.927151e-01
    outer loop
      vertex   -8.112849e+00 1.074592e+01 2.136631e+00
      vertex   -7.987040e+00 1.062011e+01 2.115221e+00
      vertex   -8.076000e+00 1.077420e+01 2.136631e+00
    endloop
  endfacet
  facet normal 4.610775e-02 -1.113140e-01 9.927151e-01
    outer loop
      vertex   -8.076000e+00 1.077420e+01 2.136631e+00
      vertex   -7.987040e+00 1.062011e+01 2.115221e+00
      vertex   -8.033089e+00 1.079197e+01 2.136631e+00
    endloop
  endfacet
  facet normal 1.572649e-02 -1.194546e-01 9.927151e-01
    outer loop
      vertex   -8.033089e+00 1.079197e+01 2.136631e+00
      vertex   -7.987040e+00 1.062011e+01 2.115221e+00
      vertex   -7.987040e+00 1.079803e+01 2.136631e+00
    endloop
  endfacet
  facet normal -1.572649e-02 -1.194546e-01 9.927151e-01
    outer loop
      vertex   -7.987040e+00 1.079803e+01 2.136631e+00
      vertex   -7.987040e+00 1.062011e+01 2.115221e+00
      vertex   -7.940991e+00 1.079197e+01 2.136631e+00
    endloop
  endfacet
  facet normal -4.610775e-02 -1.113140e-01 9.927151e-01
    outer loop
      vertex   -7.940991e+00 1.079197e+01 2.136631e+00
      vertex   -7.987040e+00 1.062011e+01 2.115221e+00
      vertex   -7.898080e+00 1.077420e+01 2.136631e+00
    endloop
  endfacet
  facet normal -9.558746e-02 -7.334683e-02 9.927151e-01
    outer loop
      vertex   -7.861231e+00 1.074592e+01 2.136631e+00
      vertex   -7.987040e+00 1.062011e+01 2.115221e+00
      vertex   -7.832956e+00 1.070907e+01 2.136631e+00
    endloop
  endfacet
  facet normal -1.113140e-01 -4.610775e-02 9.927151e-01
    outer loop
      vertex   -7.832956e+00 1.070907e+01 2.136631e+00
      vertex   -7.987040e+00 1.062011e+01 2.115221e+00
      vertex   -7.815182e+00 1.066616e+01 2.136631e+00
    endloop
  endfacet
  facet normal -1.194546e-01 -1.572649e-02 9.927151e-01
    outer loop
      vertex   -7.815182e+00 1.066616e+01 2.136631e+00
      vertex   -7.987040e+00 1.062011e+01 2.115221e+00
      vertex   -7.809119e+00 1.062011e+01 2.136631e+00
    endloop
  endfacet
  facet normal -1.194546e-01 1.572649e-02 9.927151e-01
    outer loop
      vertex   -7.809119e+00 1.062011e+01 2.136631e+00
      vertex   -7.987040e+00 1.062011e+01 2.115221e+00
      vertex   -7.815182e+00 1.057406e+01 2.136631e+00
    endloop
  endfacet
  facet normal -1.113140e-01 4.610775e-02 9.927151e-01
    outer loop
      vertex   -7.815182e+00 1.057406e+01 2.136631e+00
      vertex   -7.987040e+00 1.062011e+01 2.115221e+00
      vertex   -7.832956e+00 1.053115e+01 2.136631e+00
    endloop
  endfacet
  facet normal -9.558746e-02 7.334683e-02 9.927151e-01
    outer loop
      vertex   -7.832956e+00 1.053115e+01 2.136631e+00
      vertex   -7.987040e+00 1.062011e+01 2.115221e+00
      vertex   -7.861231e+00 1.049430e+01 2.136631e+00
    endloop
  endfacet
  facet normal -7.334683e-02 9.558746e-02 9.927151e-01
    outer loop
      vertex   -7.861231e+00 1.049430e+01 2.136631e+00
      vertex   -7.987040e+00 1.062011e+01 2.115221e+00
      vertex   -7.898080e+00 1.046603e+01 2.136631e+00
    endloop
  endfacet
  facet normal -1.572649e-02 1.194546e-01 9.927151e-01
    outer loop
      vertex   -7.940991e+00 1.044825e+01 2.136631e+00
      vertex   -7.987040e+00 1.062011e+01 2.115221e+00
      vertex   -7.987040e+00 1.044219e+01 2.136631e+00
    endloop
  endfacet
  facet normal 1.572649e-02 1.194546e-01 9.927151e-01
    outer loop
      vertex   -7.987040e+00 1.044219e+01 2.136631e+00
      vertex   -7.987040e+00 1.062011e+01 2.115221e+00
      vertex   -8.033089e+00 1.044825e+01 2.136631e+00
    endloop
  endfacet
  facet normal 4.610775e-02 1.113140e-01 9.927151e-01
    outer loop
      vertex   -8.033089e+00 1.044825e+01 2.136631e+00
      vertex   -7.987040e+00 1.062011e+01 2.115221e+00
      vertex   -8.076000e+00 1.046603e+01 2.136631e+00
    endloop
  endfacet
  facet normal 7.334683e-02 9.558746e-02 9.927151e-01
    outer loop
      vertex   -8.076000e+00 1.046603e+01 2.136631e+00
      vertex   -7.987040e+00 1.062011e+01 2.115221e+00
      vertex   -8.112849e+00 1.049430e+01 2.136631e+00
    endloop
  endfacet
  facet normal 9.558746e-02 7.334683e-02 9.927151e-01
    outer loop
      vertex   -8.112849e+00 1.049430e+01 2.136631e+00
      vertex   -7.987040e+00 1.062011e+01 2.115221e+00
      vertex   -8.141124e+00 1.053115e+01 2.136631e+00
    endloop
  endfacet
  facet normal 1.113140e-01 4.610775e-02 9.927151e-01
    outer loop
      vertex   -8.141124e+00 1.053115e+01 2.136631e+00
      vertex   -7.987040e+00 1.062011e+01 2.115221e+00
      vertex   -8.158898e+00 1.057406e+01 2.136631e+00
    endloop
  endfacet
  facet normal 1.194546e-01 1.572649e-02 9.927151e-01
    outer loop
      vertex   -8.158898e+00 1.057406e+01 2.136631e+00
      vertex   -7.987040e+00 1.062011e+01 2.115221e+00
      vertex   -8.164960e+00 1.062011e+01 2.136631e+00
    endloop
  endfacet
  facet normal 8.750529e-01 -1.152029e-01 4.701178e-01
    outer loop
      vertex   -8.685402e+00 1.062011e+01 2.591744e+00
      vertex   -8.600591e+00 1.062011e+01 2.433880e+00
      vertex   -8.661606e+00 1.080086e+01 2.591744e+00
    endloop
  endfacet
  facet normal 8.750529e-01 -1.152029e-01 4.701178e-01
    outer loop
      vertex   -8.661606e+00 1.080086e+01 2.591744e+00
      vertex   -8.600591e+00 1.062011e+01 2.433880e+00
      vertex   -8.579684e+00 1.077891e+01 2.433880e+00
    endloop
  endfacet
  facet normal 8.154195e-01 -3.377578e-01 4.701178e-01
    outer loop
      vertex   -8.661606e+00 1.080086e+01 2.591744e+00
      vertex   -8.579684e+00 1.077891e+01 2.433880e+00
      vertex   -8.591840e+00 1.096929e+01 2.591744e+00
    endloop
  endfacet
  facet normal 8.154195e-01 -3.377578e-01 4.701178e-01
    outer loop
      vertex   -8.591840e+00 1.096929e+01 2.591744e+00
      vertex   -8.579684e+00 1.077891e+01 2.433880e+00
      vertex   -8.518390e+00 1.092689e+01 2.433880e+00
    endloop
  endfacet
  facet normal 7.002166e-01 -5.372951e-01 4.701178e-01
    outer loop
      vertex   -8.591840e+00 1.096929e+01 2.591744e+00
      vertex   -8.518390e+00 1.092689e+01 2.433880e+00
      vertex   -8.480857e+00 1.111393e+01 2.591744e+00
    endloop
  endfacet
  facet normal 7.002166e-01 -5.372951e-01 4.701178e-01
    outer loop
      vertex   -8.480857e+00 1.111393e+01 2.591744e+00
      vertex   -8.518390e+00 1.092689e+01 2.433880e+00
      vertex   -8.420886e+00 1.105396e+01 2.433880e+00
    endloop
  endfacet
  facet normal 5.372951e-01 -7.002166e-01 4.701178e-01
    outer loop
      vertex   -8.480857e+00 1.111393e+01 2.591744e+00
      vertex   -8.420886e+00 1.105396e+01 2.433880e+00
      vertex   -8.336221e+00 1.122491e+01 2.591744e+00
    endloop
  endfacet
  facet normal 5.372951e-01 -7.002166e-01 4.701178e-01
    outer loop
      vertex   -8.336221e+00 1.122491e+01 2.591744e+00
      vertex   -8.420886e+00 1.105396e+01 2.433880e+00
      vertex   -8.293815e+00 1.115146e+01 2.433880e+00
    endloop
  endfacet
  facet normal 3.377578e-01 -8.154195e-01 4.701178e-01
    outer loop
      vertex   -8.336221e+00 1.122491e+01 2.591744e+00
      vertex   -8.293815e+00 1.115146e+01 2.433880e+00
      vertex   -8.167789e+00 1.129468e+01 2.591744e+00
    endloop
  endfacet
  facet normal 3.377578e-01 -8.154195e-01 4.701178e-01
    outer loop
      vertex   -8.167789e+00 1.129468e+01 2.591744e+00
      vertex   -8.293815e+00 1.115146e+01 2.433880e+00
      vertex   -8.145839e+00 1.121276e+01 2.433880e+00
    endloop
  endfacet
  facet normal 1.152029e-01 -8.750529e-01 4.701178e-01
    outer loop
      vertex   -8.167789e+00 1.129468e+01 2.591744e+00
      vertex   -8.145839e+00 1.121276e+01 2.433880e+00
      vertex   -7.987040e+00 1.131847e+01 2.591744e+00
    endloop
  endfacet
  facet normal 1.152029e-01 -8.750529e-01 4.701178e-01
    outer loop
      vertex   -7.987040e+00 1.131847e+01 2.591744e+00
      vertex   -8.145839e+00 1.121276e+01 2.433880e+00
      vertex   -7.987040e+00 1.123366e+01 2.433880e+00
    endloop
  endfacet
  facet normal -1.152029e-01 -8.750529e-01 4.701178e-01
    outer loop
      vertex   -7.987040e+00 1.131847e+01 2.591744e+00
      vertex   -7.987040e+00 1.123366e+01 2.433880e+00
      vertex   -7.806290e+00 1.129468e+01 2.591744e+00
    endloop
  endfacet
  facet normal -1.152029e-01 -8.750529e-01 4.701178e-01
    outer loop
      vertex   -7.806290e+00 1.129468e+01 2.591744e+00
      vertex   -7.987040e+00 1.123366e+01 2.433880e+00
      vertex   -7.828241e+00 1.121276e+01 2.433880e+00
    endloop
  endfacet
  facet normal -3.377578e-01 -8.154195e-01 4.701178e-01
    outer loop
      vertex   -7.806290e+00 1.129468e+01 2.591744e+00
      vertex   -7.828241e+00 1.121276e+01 2.433880e+00
      vertex   -7.637859e+00 1.122491e+01 2.591744e+00
    endloop
  endfacet
  facet normal -3.377578e-01 -8.154195e-01 4.701178e-01
    outer loop
      vertex   -7.637859e+00 1.122491e+01 2.591744e+00
      vertex   -7.828241e+00 1.121276e+01 2.433880e+00
      vertex   -7.680265e+00 1.115146e+01 2.433880e+00
    endloop
  endfacet
  facet normal -5.372951e-01 -7.002166e-01 4.701178e-01
    outer loop
      vertex   -7.637859e+00 1.122491e+01 2.591744e+00
      vertex   -7.680265e+00 1.115146e+01 2.433880e+00
      vertex   -7.493223e+00 1.111393e+01 2.591744e+00
    endloop
  endfacet
  facet normal -5.372951e-01 -7.002166e-01 4.701178e-01
    outer loop
      vertex   -7.493223e+00 1.111393e+01 2.591744e+00
      vertex   -7.680265e+00 1.115146e+01 2.433880e+00
      vertex   -7.553194e+00 1.105396e+01 2.433880e+00
    endloop
  endfacet
  facet normal -7.002166e-01 -5.372951e-01 4.701178e-01
    outer loop
      vertex   -7.493223e+00 1.111393e+01 2.591744e+00
      vertex   -7.553194e+00 1.105396e+01 2.433880e+00
      vertex   -7.382240e+00 1.096929e+01 2.591744e+00
    endloop
  endfacet
  facet normal -7.002166e-01 -5.372951e-01 4.701178e-01
    outer loop
      vertex   -7.382240e+00 1.096929e+01 2.591744e+00
      vertex   -7.553194e+00 1.105396e+01 2.433880e+00
      vertex   -7.455689e+00 1.092689e+01 2.433880e+00
    endloop
  endfacet
  facet normal -8.154195e-01 -3.377578e-01 4.701178e-01
    outer loop
      vertex   -7.382240e+00 1.096929e+01 2.591744e+00
      vertex   -7.455689e+00 1.092689e+01 2.433880e+00
      vertex   -7.312474e+00 1.080086e+01 2.591744e+00
    endloop
  endfacet
  facet normal -8.154195e-01 -3.377578e-01 4.701178e-01
    outer loop
      vertex   -7.312474e+00 1.080086e+01 2.591744e+00
      vertex   -7.455689e+00 1.092689e+01 2.433880e+00
      vertex   -7.394395e+00 1.077891e+01 2.433880e+00
    endloop
  endfacet
  facet normal -8.750529e-01 -1.152029e-01 4.701178e-01
    outer loop
      vertex   -7.312474e+00 1.080086e+01 2.591744e+00
      vertex   -7.394395e+00 1.077891e+01 2.433880e+00
      vertex   -7.288677e+00 1.062011e+01 2.591744e+00
    endloop
  endfacet
  facet normal -8.750529e-01 -1.152029e-01 4.701178e-01
    outer loop
      vertex   -7.288677e+00 1.062011e+01 2.591744e+00
      vertex   -7.394395e+00 1.077891e+01 2.433880e+00
      vertex   -7.373489e+00 1.062011e+01 2.433880e+00
    endloop
  endfacet
  facet normal -8.750529e-01 1.152029e-01 4.701178e-01
    outer loop
      vertex   -7.288677e+00 1.062011e+01 2.591744e+00
      vertex   -7.373489e+00 1.062011e+01 2.433880e+00
      vertex   -7.312474e+00 1.043936e+01 2.591744e+00
    endloop
  endfacet
  facet normal -8.750529e-01 1.152029e-01 4.701178e-01
    outer loop
      vertex   -7.312474e+00 1.043936e+01 2.591744e+00
      vertex   -7.373489e+00 1.062011e+01 2.433880e+00
      vertex   -7.394395e+00 1.046131e+01 2.433880e+00
    endloop
  endfacet
  facet normal -8.154195e-01 3.377578e-01 4.701178e-01
    outer loop
      vertex   -7.312474e+00 1.043936e+01 2.591744e+00
      vertex   -7.394395e+00 1.046131e+01 2.433880e+00
      vertex   -7.382240e+00 1.027093e+01 2.591744e+00
    endloop
  endfacet
  facet normal -8.154195e-01 3.377578e-01 4.701178e-01
    outer loop
      vertex   -7.382240e+00 1.027093e+01 2.591744e+00
      vertex   -7.394395e+00 1.046131e+01 2.433880e+00
      vertex   -7.455689e+00 1.031334e+01 2.433880e+00
    endloop
  endfacet
  facet normal -7.002166e-01 5.372951e-01 4.701178e-01
    outer loop
      vertex   -7.382240e+00 1.027093e+01 2.591744e+00
      vertex   -7.455689e+00 1.031334e+01 2.433880e+00
      vertex   -7.493223e+00 1.012630e+01 2.591744e+00
    endloop
  endfacet
  facet normal -7.002166e-01 5.372951e-01 4.701178e-01
    outer loop
      vertex   -7.493223e+00 1.012630e+01 2.591744e+00
      vertex   -7.455689e+00 1.031334e+01 2.433880e+00
      vertex   -7.553194e+00 1.018627e+01 2.433880e+00
    endloop
  endfacet
  facet normal -5.372951e-01 7.002166e-01 4.701178e-01
    outer loop
      vertex   -7.493223e+00 1.012630e+01 2.591744e+00
      vertex   -7.553194e+00 1.018627e+01 2.433880e+00
      vertex   -7.637859e+00 1.001531e+01 2.591744e+00
    endloop
  endfacet
  facet normal -5.372951e-01 7.002166e-01 4.701178e-01
    outer loop
      vertex   -7.637859e+00 1.001531e+01 2.591744e+00
      vertex   -7.553194e+00 1.018627e+01 2.433880e+00
      vertex   -7.680265e+00 1.008876e+01 2.433880e+00
    endloop
  endfacet
  facet normal -3.377578e-01 8.154195e-01 4.701178e-01
    outer loop
      vertex   -7.637859e+00 1.001531e+01 2.591744e+00
      vertex   -7.680265e+00 1.008876e+01 2.433880e+00
      vertex   -7.806290e+00 9.945546e+00 2.591744e+00
    endloop
  endfacet
  facet normal -3.377578e-01 8.154195e-01 4.701178e-01
    outer loop
      vertex   -7.806290e+00 9.945546e+00 2.591744e+00
      vertex   -7.680265e+00 1.008876e+01 2.433880e+00
      vertex   -7.828241e+00 1.002747e+01 2.433880e+00
    endloop
  endfacet
  facet normal -1.152029e-01 8.750529e-01 4.701178e-01
    outer loop
      vertex   -7.806290e+00 9.945546e+00 2.591744e+00
      vertex   -7.828241e+00 1.002747e+01 2.433880e+00
      vertex   -7.987040e+00 9.921750e+00 2.591744e+00
    endloop
  endfacet
  facet normal -1.152029e-01 8.750529e-01 4.701178e-01
    outer loop
      vertex   -7.987040e+00 9.921750e+00 2.591744e+00
      vertex   -7.828241e+00 1.002747e+01 2.433880e+00
      vertex   -7.987040e+00 1.000656e+01 2.433880e+00
    endloop
  endfacet
  facet normal 1.152029e-01 8.750529e-01 4.701178e-01
    outer loop
      vertex   -7.987040e+00 9.921750e+00 2.591744e+00
      vertex   -7.987040e+00 1.000656e+01 2.433880e+00
      vertex   -8.167789e+00 9.945546e+00 2.591744e+00
    endloop
  endfacet
  facet normal 1.152029e-01 8.750529e-01 4.701178e-01
    outer loop
      vertex   -8.167789e+00 9.945546e+00 2.591744e+00
      vertex   -7.987040e+00 1.000656e+01 2.433880e+00
      vertex   -8.145839e+00 1.002747e+01 2.433880e+00
    endloop
  endfacet
  facet normal 3.377578e-01 8.154195e-01 4.701178e-01
    outer loop
      vertex   -8.167789e+00 9.945546e+00 2.591744e+00
      vertex   -8.145839e+00 1.002747e+01 2.433880e+00
      vertex   -8.336221e+00 1.001531e+01 2.591744e+00
    endloop
  endfacet
  facet normal 3.377578e-01 8.154195e-01 4.701178e-01
    outer loop
      vertex   -8.336221e+00 1.001531e+01 2.591744e+00
      vertex   -8.145839e+00 1.002747e+01 2.433880e+00
      vertex   -8.293815e+00 1.008876e+01 2.433880e+00
    endloop
  endfacet
  facet normal 5.372951e-01 7.002166e-01 4.701178e-01
    outer loop
      vertex   -8.336221e+00 1.001531e+01 2.591744e+00
      vertex   -8.293815e+00 1.008876e+01 2.433880e+00
      vertex   -8.480857e+00 1.012630e+01 2.591744e+00
    endloop
  endfacet
  facet normal 5.372951e-01 7.002166e-01 4.701178e-01
    outer loop
      vertex   -8.480857e+00 1.012630e+01 2.591744e+00
      vertex   -8.293815e+00 1.008876e+01 2.433880e+00
      vertex   -8.420886e+00 1.018627e+01 2.433880e+00
    endloop
  endfacet
  facet normal 7.002166e-01 5.372951e-01 4.701178e-01
    outer loop
      vertex   -8.480857e+00 1.012630e+01 2.591744e+00
      vertex   -8.420886e+00 1.018627e+01 2.433880e+00
      vertex   -8.591840e+00 1.027093e+01 2.591744e+00
    endloop
  endfacet
  facet normal 7.002166e-01 5.372951e-01 4.701178e-01
    outer loop
      vertex   -8.591840e+00 1.027093e+01 2.591744e+00
      vertex   -8.420886e+00 1.018627e+01 2.433880e+00
      vertex   -8.518390e+00 1.031334e+01 2.433880e+00
    endloop
  endfacet
  facet normal 8.154195e-01 3.377578e-01 4.701178e-01
    outer loop
      vertex   -8.591840e+00 1.027093e+01 2.591744e+00
      vertex   -8.518390e+00 1.031334e+01 2.433880e+00
      vertex   -8.661606e+00 1.043936e+01 2.591744e+00
    endloop
  endfacet
  facet normal 8.154195e-01 3.377578e-01 4.701178e-01
    outer loop
      vertex   -8.661606e+00 1.043936e+01 2.591744e+00
      vertex   -8.518390e+00 1.031334e+01 2.433880e+00
      vertex   -8.579684e+00 1.046131e+01 2.433880e+00
    endloop
  endfacet
  facet normal 8.750529e-01 1.152029e-01 4.701178e-01
    outer loop
      vertex   -8.661606e+00 1.043936e+01 2.591744e+00
      vertex   -8.579684e+00 1.046131e+01 2.433880e+00
      vertex   -8.685402e+00 1.062011e+01 2.591744e+00
    endloop
  endfacet
  facet normal 8.750529e-01 1.152029e-01 4.701178e-01
    outer loop
      vertex   -8.685402e+00 1.062011e+01 2.591744e+00
      vertex   -8.579684e+00 1.046131e+01 2.433880e+00
      vertex   -8.600591e+00 1.062011e+01 2.433880e+00
    endloop
  endfacet
  facet normal 7.399628e-01 -9.741795e-02 6.655560e-01
    outer loop
      vertex   -8.600591e+00 1.062011e+01 2.433880e+00
      vertex   -8.480750e+00 1.062011e+01 2.300642e+00
      vertex   -8.579684e+00 1.077891e+01 2.433880e+00
    endloop
  endfacet
  facet normal 7.399628e-01 -9.741795e-02 6.655560e-01
    outer loop
      vertex   -8.579684e+00 1.077891e+01 2.433880e+00
      vertex   -8.480750e+00 1.062011e+01 2.300642e+00
      vertex   -8.463928e+00 1.074789e+01 2.300642e+00
    endloop
  endfacet
  facet normal 6.895355e-01 -2.856150e-01 6.655560e-01
    outer loop
      vertex   -8.579684e+00 1.077891e+01 2.433880e+00
      vertex   -8.463928e+00 1.074789e+01 2.300642e+00
      vertex   -8.518390e+00 1.092689e+01 2.433880e+00
    endloop
  endfacet
  facet normal 6.895355e-01 -2.856150e-01 6.655560e-01
    outer loop
      vertex   -8.518390e+00 1.092689e+01 2.433880e+00
      vertex   -8.463928e+00 1.074789e+01 2.300642e+00
      vertex   -8.414606e+00 1.086697e+01 2.300642e+00
    endloop
  endfacet
  facet normal 5.921176e-01 -4.543478e-01 6.655560e-01
    outer loop
      vertex   -8.518390e+00 1.092689e+01 2.433880e+00
      vertex   -8.414606e+00 1.086697e+01 2.300642e+00
      vertex   -8.420886e+00 1.105396e+01 2.433880e+00
    endloop
  endfacet
  facet normal 5.921176e-01 -4.543478e-01 6.655560e-01
    outer loop
      vertex   -8.420886e+00 1.105396e+01 2.433880e+00
      vertex   -8.414606e+00 1.086697e+01 2.300642e+00
      vertex   -8.336146e+00 1.096922e+01 2.300642e+00
    endloop
  endfacet
  facet normal 4.543478e-01 -5.921176e-01 6.655560e-01
    outer loop
      vertex   -8.420886e+00 1.105396e+01 2.433880e+00
      vertex   -8.336146e+00 1.096922e+01 2.300642e+00
      vertex   -8.293815e+00 1.115146e+01 2.433880e+00
    endloop
  endfacet
  facet normal 4.543478e-01 -5.921176e-01 6.655560e-01
    outer loop
      vertex   -8.293815e+00 1.115146e+01 2.433880e+00
      vertex   -8.336146e+00 1.096922e+01 2.300642e+00
      vertex   -8.233895e+00 1.104768e+01 2.300642e+00
    endloop
  endfacet
  facet normal 2.856150e-01 -6.895355e-01 6.655560e-01
    outer loop
      vertex   -8.293815e+00 1.115146e+01 2.433880e+00
      vertex   -8.233895e+00 1.104768e+01 2.300642e+00
      vertex   -8.145839e+00 1.121276e+01 2.433880e+00
    endloop
  endfacet
  facet normal 2.856150e-01 -6.895355e-01 6.655560e-01
    outer loop
      vertex   -8.145839e+00 1.121276e+01 2.433880e+00
      vertex   -8.233895e+00 1.104768e+01 2.300642e+00
      vertex   -8.114822e+00 1.109700e+01 2.300642e+00
    endloop
  endfacet
  facet normal 9.741795e-02 -7.399628e-01 6.655560e-01
    outer loop
      vertex   -8.145839e+00 1.121276e+01 2.433880e+00
      vertex   -8.114822e+00 1.109700e+01 2.300642e+00
      vertex   -7.987040e+00 1.123366e+01 2.433880e+00
    endloop
  endfacet
  facet normal 9.741795e-02 -7.399628e-01 6.655560e-01
    outer loop
      vertex   -7.987040e+00 1.123366e+01 2.433880e+00
      vertex   -8.114822e+00 1.109700e+01 2.300642e+00
      vertex   -7.987040e+00 1.111382e+01 2.300642e+00
    endloop
  endfacet
  facet normal -9.741795e-02 -7.399628e-01 6.655560e-01
    outer loop
      vertex   -7.987040e+00 1.123366e+01 2.433880e+00
      vertex   -7.987040e+00 1.111382e+01 2.300642e+00
      vertex   -7.828241e+00 1.121276e+01 2.433880e+00
    endloop
  endfacet
  facet normal -9.741795e-02 -7.399628e-01 6.655560e-01
    outer loop
      vertex   -7.828241e+00 1.121276e+01 2.433880e+00
      vertex   -7.987040e+00 1.111382e+01 2.300642e+00
      vertex   -7.859258e+00 1.109700e+01 2.300642e+00
    endloop
  endfacet
  facet normal -2.856150e-01 -6.895355e-01 6.655560e-01
    outer loop
      vertex   -7.828241e+00 1.121276e+01 2.433880e+00
      vertex   -7.859258e+00 1.109700e+01 2.300642e+00
      vertex   -7.680265e+00 1.115146e+01 2.433880e+00
    endloop
  endfacet
  facet normal -2.856150e-01 -6.895355e-01 6.655560e-01
    outer loop
      vertex   -7.680265e+00 1.115146e+01 2.433880e+00
      vertex   -7.859258e+00 1.109700e+01 2.300642e+00
      vertex   -7.740185e+00 1.104768e+01 2.300642e+00
    endloop
  endfacet
  facet normal -4.543478e-01 -5.921176e-01 6.655560e-01
    outer loop
      vertex   -7.680265e+00 1.115146e+01 2.433880e+00
      vertex   -7.740185e+00 1.104768e+01 2.300642e+00
      vertex   -7.553194e+00 1.105396e+01 2.433880e+00
    endloop
  endfacet
  facet normal -4.543478e-01 -5.921176e-01 6.655560e-01
    outer loop
      vertex   -7.553194e+00 1.105396e+01 2.433880e+00
      vertex   -7.740185e+00 1.104768e+01 2.300642e+00
      vertex   -7.637934e+00 1.096922e+01 2.300642e+00
    endloop
  endfacet
  facet normal -5.921176e-01 -4.543478e-01 6.655560e-01
    outer loop
      vertex   -7.553194e+00 1.105396e+01 2.433880e+00
      vertex   -7.637934e+00 1.096922e+01 2.300642e+00
      vertex   -7.455689e+00 1.092689e+01 2.433880e+00
    endloop
  endfacet
  facet normal -5.921176e-01 -4.543478e-01 6.655560e-01
    outer loop
      vertex   -7.455689e+00 1.092689e+01 2.433880e+00
      vertex   -7.637934e+00 1.096922e+01 2.300642e+00
      vertex   -7.559474e+00 1.086697e+01 2.300642e+00
    endloop
  endfacet
  facet normal -6.895355e-01 -2.856150e-01 6.655560e-01
    outer loop
      vertex   -7.455689e+00 1.092689e+01 2.433880e+00
      vertex   -7.559474e+00 1.086697e+01 2.300642e+00
      vertex   -7.394395e+00 1.077891e+01 2.433880e+00
    endloop
  endfacet
  facet normal -6.895355e-01 -2.856150e-01 6.655560e-01
    outer loop
      vertex   -7.394395e+00 1.077891e+01 2.433880e+00
      vertex   -7.559474e+00 1.086697e+01 2.300642e+00
      vertex   -7.510152e+00 1.074789e+01 2.300642e+00
    endloop
  endfacet
  facet normal -7.399628e-01 -9.741795e-02 6.655560e-01
    outer loop
      vertex   -7.394395e+00 1.077891e+01 2.433880e+00
      vertex   -7.510152e+00 1.074789e+01 2.300642e+00
      vertex   -7.373489e+00 1.062011e+01 2.433880e+00
    endloop
  endfacet
  facet normal -7.399628e-01 -9.741795e-02 6.655560e-01
    outer loop
      vertex   -7.373489e+00 1.062011e+01 2.433880e+00
      vertex   -7.510152e+00 1.074789e+01 2.300642e+00
      vertex   -7.493329e+00 1.062011e+01 2.300642e+00
    endloop
  endfacet
  facet normal -7.399628e-01 9.741795e-02 6.655560e-01
    outer loop
      vertex   -7.373489e+00 1.062011e+01 2.433880e+00
      vertex   -7.493329e+00 1.062011e+01 2.300642e+00
      vertex   -7.394395e+00 1.046131e+01 2.433880e+00
    endloop
  endfacet
  facet normal -7.399628e-01 9.741795e-02 6.655560e-01
    outer loop
      vertex   -7.394395e+00 1.046131e+01 2.433880e+00
      vertex   -7.493329e+00 1.062011e+01 2.300642e+00
      vertex   -7.510152e+00 1.049233e+01 2.300642e+00
    endloop
  endfacet
  facet normal -6.895355e-01 2.856150e-01 6.655560e-01
    outer loop
      vertex   -7.394395e+00 1.046131e+01 2.433880e+00
      vertex   -7.510152e+00 1.049233e+01 2.300642e+00
      vertex   -7.455689e+00 1.031334e+01 2.433880e+00
    endloop
  endfacet
  facet normal -6.895355e-01 2.856150e-01 6.655560e-01
    outer loop
      vertex   -7.455689e+00 1.031334e+01 2.433880e+00
      vertex   -7.510152e+00 1.049233e+01 2.300642e+00
      vertex   -7.559474e+00 1.037326e+01 2.300642e+00
    endloop
  endfacet
  facet normal -5.921176e-01 4.543478e-01 6.655560e-01
    outer loop
      vertex   -7.455689e+00 1.031334e+01 2.433880e+00
      vertex   -7.559474e+00 1.037326e+01 2.300642e+00
      vertex   -7.553194e+00 1.018627e+01 2.433880e+00
    endloop
  endfacet
  facet normal -5.921176e-01 4.543478e-01 6.655560e-01
    outer loop
      vertex   -7.553194e+00 1.018627e+01 2.433880e+00
      vertex   -7.559474e+00 1.037326e+01 2.300642e+00
      vertex   -7.637934e+00 1.027101e+01 2.300642e+00
    endloop
  endfacet
  facet normal -4.543478e-01 5.921176e-01 6.655560e-01
    outer loop
      vertex   -7.553194e+00 1.018627e+01 2.433880e+00
      vertex   -7.637934e+00 1.027101e+01 2.300642e+00
      vertex   -7.680265e+00 1.008876e+01 2.433880e+00
    endloop
  endfacet
  facet normal -4.543478e-01 5.921176e-01 6.655560e-01
    outer loop
      vertex   -7.680265e+00 1.008876e+01 2.433880e+00
      vertex   -7.637934e+00 1.027101e+01 2.300642e+00
      vertex   -7.740185e+00 1.019255e+01 2.300642e+00
    endloop
  endfacet
  facet normal -2.856150e-01 6.895355e-01 6.655560e-01
    outer loop
      vertex   -7.680265e+00 1.008876e+01 2.433880e+00
      vertex   -7.740185e+00 1.019255e+01 2.300642e+00
      vertex   -7.828241e+00 1.002747e+01 2.433880e+00
    endloop
  endfacet
  facet normal -2.856150e-01 6.895355e-01 6.655560e-01
    outer loop
      vertex   -7.828241e+00 1.002747e+01 2.433880e+00
      vertex   -7.740185e+00 1.019255e+01 2.300642e+00
      vertex   -7.859258e+00 1.014322e+01 2.300642e+00
    endloop
  endfacet
  facet normal -9.741795e-02 7.399628e-01 6.655560e-01
    outer loop
      vertex   -7.828241e+00 1.002747e+01 2.433880e+00
      vertex   -7.859258e+00 1.014322e+01 2.300642e+00
      vertex   -7.987040e+00 1.000656e+01 2.433880e+00
    endloop
  endfacet
  facet normal -9.741795e-02 7.399628e-01 6.655560e-01
    outer loop
      vertex   -7.987040e+00 1.000656e+01 2.433880e+00
      vertex   -7.859258e+00 1.014322e+01 2.300642e+00
      vertex   -7.987040e+00 1.012640e+01 2.300642e+00
    endloop
  endfacet
  facet normal 9.741795e-02 7.399628e-01 6.655560e-01
    outer loop
      vertex   -7.987040e+00 1.000656e+01 2.433880e+00
      vertex   -7.987040e+00 1.012640e+01 2.300642e+00
      vertex   -8.145839e+00 1.002747e+01 2.433880e+00
    endloop
  endfacet
  facet normal 9.741795e-02 7.399628e-01 6.655560e-01
    outer loop
      vertex   -8.145839e+00 1.002747e+01 2.433880e+00
      vertex   -7.987040e+00 1.012640e+01 2.300642e+00
      vertex   -8.114822e+00 1.014322e+01 2.300642e+00
    endloop
  endfacet
  facet normal 2.856150e-01 6.895355e-01 6.655560e-01
    outer loop
      vertex   -8.145839e+00 1.002747e+01 2.433880e+00
      vertex   -8.114822e+00 1.014322e+01 2.300642e+00
      vertex   -8.293815e+00 1.008876e+01 2.433880e+00
    endloop
  endfacet
  facet normal 2.856150e-01 6.895355e-01 6.655560e-01
    outer loop
      vertex   -8.293815e+00 1.008876e+01 2.433880e+00
      vertex   -8.114822e+00 1.014322e+01 2.300642e+00
      vertex   -8.233895e+00 1.019255e+01 2.300642e+00
    endloop
  endfacet
  facet normal 4.543478e-01 5.921176e-01 6.655560e-01
    outer loop
      vertex   -8.293815e+00 1.008876e+01 2.433880e+00
      vertex   -8.233895e+00 1.019255e+01 2.300642e+00
      vertex   -8.420886e+00 1.018627e+01 2.433880e+00
    endloop
  endfacet
  facet normal 4.543478e-01 5.921176e-01 6.655560e-01
    outer loop
      vertex   -8.420886e+00 1.018627e+01 2.433880e+00
      vertex   -8.233895e+00 1.019255e+01 2.300642e+00
      vertex   -8.336146e+00 1.027101e+01 2.300642e+00
    endloop
  endfacet
  facet normal 5.921176e-01 4.543478e-01 6.655560e-01
    outer loop
      vertex   -8.420886e+00 1.018627e+01 2.433880e+00
      vertex   -8.336146e+00 1.027101e+01 2.300642e+00
      vertex   -8.518390e+00 1.031334e+01 2.433880e+00
    endloop
  endfacet
  facet normal 5.921176e-01 4.543478e-01 6.655560e-01
    outer loop
      vertex   -8.518390e+00 1.031334e+01 2.433880e+00
      vertex   -8.336146e+00 1.027101e+01 2.300642e+00
      vertex   -8.414606e+00 1.037326e+01 2.300642e+00
    endloop
  endfacet
  facet normal 6.895355e-01 2.856150e-01 6.655560e-01
    outer loop
      vertex   -8.518390e+00 1.031334e+01 2.433880e+00
      vertex   -8.414606e+00 1.037326e+01 2.300642e+00
      vertex   -8.579684e+00 1.046131e+01 2.433880e+00
    endloop
  endfacet
  facet normal 6.895355e-01 2.856150e-01 6.655560e-01
    outer loop
      vertex   -8.579684e+00 1.046131e+01 2.433880e+00
      vertex   -8.414606e+00 1.037326e+01 2.300642e+00
      vertex   -8.463928e+00 1.049233e+01 2.300642e+00
    endloop
  endfacet
  facet normal 7.399628e-01 9.741795e-02 6.655560e-01
    outer loop
      vertex   -8.579684e+00 1.046131e+01 2.433880e+00
      vertex   -8.463928e+00 1.049233e+01 2.300642e+00
      vertex   -8.600591e+00 1.062011e+01 2.433880e+00
    endloop
  endfacet
  facet normal 7.399628e-01 9.741795e-02 6.655560e-01
    outer loop
      vertex   -8.600591e+00 1.062011e+01 2.433880e+00
      vertex   -8.463928e+00 1.049233e+01 2.300642e+00
      vertex   -8.480750e+00 1.062011e+01 2.300642e+00
    endloop
  endfacet
  facet normal 5.620873e-01 -7.400020e-02 8.237608e-01
    outer loop
      vertex   -8.480750e+00 1.062011e+01 2.300642e+00
      vertex   -8.332723e+00 1.062011e+01 2.199637e+00
      vertex   -8.463928e+00 1.074789e+01 2.300642e+00
    endloop
  endfacet
  facet normal 5.620873e-01 -7.400020e-02 8.237608e-01
    outer loop
      vertex   -8.463928e+00 1.074789e+01 2.300642e+00
      vertex   -8.332723e+00 1.062011e+01 2.199637e+00
      vertex   -8.320944e+00 1.070958e+01 2.199637e+00
    endloop
  endfacet
  facet normal 5.237820e-01 -2.169576e-01 8.237608e-01
    outer loop
      vertex   -8.463928e+00 1.074789e+01 2.300642e+00
      vertex   -8.320944e+00 1.070958e+01 2.199637e+00
      vertex   -8.414606e+00 1.086697e+01 2.300642e+00
    endloop
  endfacet
  facet normal 5.237820e-01 -2.169576e-01 8.237608e-01
    outer loop
      vertex   -8.414606e+00 1.086697e+01 2.300642e+00
      vertex   -8.320944e+00 1.070958e+01 2.199637e+00
      vertex   -8.286410e+00 1.079295e+01 2.199637e+00
    endloop
  endfacet
  facet normal 4.497818e-01 -3.451297e-01 8.237608e-01
    outer loop
      vertex   -8.414606e+00 1.086697e+01 2.300642e+00
      vertex   -8.286410e+00 1.079295e+01 2.199637e+00
      vertex   -8.336146e+00 1.096922e+01 2.300642e+00
    endloop
  endfacet
  facet normal 4.497818e-01 -3.451297e-01 8.237608e-01
    outer loop
      vertex   -8.336146e+00 1.096922e+01 2.300642e+00
      vertex   -8.286410e+00 1.079295e+01 2.199637e+00
      vertex   -8.231475e+00 1.086455e+01 2.199637e+00
    endloop
  endfacet
  facet normal 3.451297e-01 -4.497818e-01 8.237608e-01
    outer loop
      vertex   -8.336146e+00 1.096922e+01 2.300642e+00
      vertex   -8.231475e+00 1.086455e+01 2.199637e+00
      vertex   -8.233895e+00 1.104768e+01 2.300642e+00
    endloop
  endfacet
  facet normal 3.451297e-01 -4.497818e-01 8.237608e-01
    outer loop
      vertex   -8.233895e+00 1.104768e+01 2.300642e+00
      vertex   -8.231475e+00 1.086455e+01 2.199637e+00
      vertex   -8.159882e+00 1.091948e+01 2.199637e+00
    endloop
  endfacet
  facet normal 2.169576e-01 -5.237820e-01 8.237608e-01
    outer loop
      vertex   -8.233895e+00 1.104768e+01 2.300642e+00
      vertex   -8.159882e+00 1.091948e+01 2.199637e+00
      vertex   -8.114822e+00 1.109700e+01 2.300642e+00
    endloop
  endfacet
  facet normal 2.169576e-01 -5.237820e-01 8.237608e-01
    outer loop
      vertex   -8.114822e+00 1.109700e+01 2.300642e+00
      vertex   -8.159882e+00 1.091948e+01 2.199637e+00
      vertex   -8.076509e+00 1.095402e+01 2.199637e+00
    endloop
  endfacet
  facet normal 7.400020e-02 -5.620873e-01 8.237608e-01
    outer loop
      vertex   -8.114822e+00 1.109700e+01 2.300642e+00
      vertex   -8.076509e+00 1.095402e+01 2.199637e+00
      vertex   -7.987040e+00 1.111382e+01 2.300642e+00
    endloop
  endfacet
  facet normal 7.400020e-02 -5.620873e-01 8.237608e-01
    outer loop
      vertex   -7.987040e+00 1.111382e+01 2.300642e+00
      vertex   -8.076509e+00 1.095402e+01 2.199637e+00
      vertex   -7.987040e+00 1.096580e+01 2.199637e+00
    endloop
  endfacet
  facet normal -7.400020e-02 -5.620873e-01 8.237608e-01
    outer loop
      vertex   -7.987040e+00 1.111382e+01 2.300642e+00
      vertex   -7.987040e+00 1.096580e+01 2.199637e+00
      vertex   -7.859258e+00 1.109700e+01 2.300642e+00
    endloop
  endfacet
  facet normal -7.400020e-02 -5.620873e-01 8.237608e-01
    outer loop
      vertex   -7.859258e+00 1.109700e+01 2.300642e+00
      vertex   -7.987040e+00 1.096580e+01 2.199637e+00
      vertex   -7.897570e+00 1.095402e+01 2.199637e+00
    endloop
  endfacet
  facet normal -2.169576e-01 -5.237820e-01 8.237608e-01
    outer loop
      vertex   -7.859258e+00 1.109700e+01 2.300642e+00
      vertex   -7.897570e+00 1.095402e+01 2.199637e+00
      vertex   -7.740185e+00 1.104768e+01 2.300642e+00
    endloop
  endfacet
  facet normal -2.169576e-01 -5.237820e-01 8.237608e-01
    outer loop
      vertex   -7.740185e+00 1.104768e+01 2.300642e+00
      vertex   -7.897570e+00 1.095402e+01 2.199637e+00
      vertex   -7.814198e+00 1.091948e+01 2.199637e+00
    endloop
  endfacet
  facet normal -3.451297e-01 -4.497818e-01 8.237608e-01
    outer loop
      vertex   -7.740185e+00 1.104768e+01 2.300642e+00
      vertex   -7.814198e+00 1.091948e+01 2.199637e+00
      vertex   -7.637934e+00 1.096922e+01 2.300642e+00
    endloop
  endfacet
  facet normal -3.451297e-01 -4.497818e-01 8.237608e-01
    outer loop
      vertex   -7.637934e+00 1.096922e+01 2.300642e+00
      vertex   -7.814198e+00 1.091948e+01 2.199637e+00
      vertex   -7.742605e+00 1.086455e+01 2.199637e+00
    endloop
  endfacet
  facet normal -4.497818e-01 -3.451297e-01 8.237608e-01
    outer loop
      vertex   -7.637934e+00 1.096922e+01 2.300642e+00
      vertex   -7.742605e+00 1.086455e+01 2.199637e+00
      vertex   -7.559474e+00 1.086697e+01 2.300642e+00
    endloop
  endfacet
  facet normal -4.497818e-01 -3.451297e-01 8.237608e-01
    outer loop
      vertex   -7.559474e+00 1.086697e+01 2.300642e+00
      vertex   -7.742605e+00 1.086455e+01 2.199637e+00
      vertex   -7.687669e+00 1.079295e+01 2.199637e+00
    endloop
  endfacet
  facet normal -5.237820e-01 -2.169576e-01 8.237608e-01
    outer loop
      vertex   -7.559474e+00 1.086697e+01 2.300642e+00
      vertex   -7.687669e+00 1.079295e+01 2.199637e+00
      vertex   -7.510152e+00 1.074789e+01 2.300642e+00
    endloop
  endfacet
  facet normal -5.237820e-01 -2.169576e-01 8.237608e-01
    outer loop
      vertex   -7.510152e+00 1.074789e+01 2.300642e+00
      vertex   -7.687669e+00 1.079295e+01 2.199637e+00
      vertex   -7.653135e+00 1.070958e+01 2.199637e+00
    endloop
  endfacet
  facet normal -5.620873e-01 -7.400020e-02 8.237608e-01
    outer loop
      vertex   -7.510152e+00 1.074789e+01 2.300642e+00
      vertex   -7.653135e+00 1.070958e+01 2.199637e+00
      vertex   -7.493329e+00 1.062011e+01 2.300642e+00
    endloop
  endfacet
  facet normal -5.620873e-01 -7.400020e-02 8.237608e-01
    outer loop
      vertex   -7.493329e+00 1.062011e+01 2.300642e+00
      vertex   -7.653135e+00 1.070958e+01 2.199637e+00
      vertex   -7.641357e+00 1.062011e+01 2.199637e+00
    endloop
  endfacet
  facet normal -5.620873e-01 7.400020e-02 8.237608e-01
    outer loop
      vertex   -7.493329e+00 1.062011e+01 2.300642e+00
      vertex   -7.641357e+00 1.062011e+01 2.199637e+00
      vertex   -7.510152e+00 1.049233e+01 2.300642e+00
    endloop
  endfacet
  facet normal -5.620873e-01 7.400020e-02 8.237608e-01
    outer loop
      vertex   -7.510152e+00 1.049233e+01 2.300642e+00
      vertex   -7.641357e+00 1.062011e+01 2.199637e+00
      vertex   -7.653135e+00 1.053064e+01 2.199637e+00
    endloop
  endfacet
  facet normal -5.237820e-01 2.169576e-01 8.237608e-01
    outer loop
      vertex   -7.510152e+00 1.049233e+01 2.300642e+00
      vertex   -7.653135e+00 1.053064e+01 2.199637e+00
      vertex   -7.559474e+00 1.037326e+01 2.300642e+00
    endloop
  endfacet
  facet normal -5.237820e-01 2.169576e-01 8.237608e-01
    outer loop
      vertex   -7.559474e+00 1.037326e+01 2.300642e+00
      vertex   -7.653135e+00 1.053064e+01 2.199637e+00
      vertex   -7.687669e+00 1.044727e+01 2.199637e+00
    endloop
  endfacet
  facet normal -4.497818e-01 3.451297e-01 8.237608e-01
    outer loop
      vertex   -7.559474e+00 1.037326e+01 2.300642e+00
      vertex   -7.687669e+00 1.044727e+01 2.199637e+00
      vertex   -7.637934e+00 1.027101e+01 2.300642e+00
    endloop
  endfacet
  facet normal -4.497818e-01 3.451297e-01 8.237608e-01
    outer loop
      vertex   -7.637934e+00 1.027101e+01 2.300642e+00
      vertex   -7.687669e+00 1.044727e+01 2.199637e+00
      vertex   -7.742605e+00 1.037568e+01 2.199637e+00
    endloop
  endfacet
  facet normal -3.451297e-01 4.497818e-01 8.237608e-01
    outer loop
      vertex   -7.637934e+00 1.027101e+01 2.300642e+00
      vertex   -7.742605e+00 1.037568e+01 2.199637e+00
      vertex   -7.740185e+00 1.019255e+01 2.300642e+00
    endloop
  endfacet
  facet normal -3.451297e-01 4.497818e-01 8.237608e-01
    outer loop
      vertex   -7.740185e+00 1.019255e+01 2.300642e+00
      vertex   -7.742605e+00 1.037568e+01 2.199637e+00
      vertex   -7.814198e+00 1.032074e+01 2.199637e+00
    endloop
  endfacet
  facet normal -2.169576e-01 5.237820e-01 8.237608e-01
    outer loop
      vertex   -7.740185e+00 1.019255e+01 2.300642e+00
      vertex   -7.814198e+00 1.032074e+01 2.199637e+00
      vertex   -7.859258e+00 1.014322e+01 2.300642e+00
    endloop
  endfacet
  facet normal -2.169576e-01 5.237820e-01 8.237608e-01
    outer loop
      vertex   -7.859258e+00 1.014322e+01 2.300642e+00
      vertex   -7.814198e+00 1.032074e+01 2.199637e+00
      vertex   -7.897570e+00 1.028621e+01 2.199637e+00
    endloop
  endfacet
  facet normal -7.400020e-02 5.620873e-01 8.237608e-01
    outer loop
      vertex   -7.859258e+00 1.014322e+01 2.300642e+00
      vertex   -7.897570e+00 1.028621e+01 2.199637e+00
      vertex   -7.987040e+00 1.012640e+01 2.300642e+00
    endloop
  endfacet
  facet normal -7.400020e-02 5.620873e-01 8.237608e-01
    outer loop
      vertex   -7.987040e+00 1.012640e+01 2.300642e+00
      vertex   -7.897570e+00 1.028621e+01 2.199637e+00
      vertex   -7.987040e+00 1.027443e+01 2.199637e+00
    endloop
  endfacet
  facet normal 7.400020e-02 5.620873e-01 8.237608e-01
    outer loop
      vertex   -7.987040e+00 1.012640e+01 2.300642e+00
      vertex   -7.987040e+00 1.027443e+01 2.199637e+00
      vertex   -8.114822e+00 1.014322e+01 2.300642e+00
    endloop
  endfacet
  facet normal 7.400020e-02 5.620873e-01 8.237608e-01
    outer loop
      vertex   -8.114822e+00 1.014322e+01 2.300642e+00
      vertex   -7.987040e+00 1.027443e+01 2.199637e+00
      vertex   -8.076509e+00 1.028621e+01 2.199637e+00
    endloop
  endfacet
  facet normal 2.169576e-01 5.237820e-01 8.237608e-01
    outer loop
      vertex   -8.114822e+00 1.014322e+01 2.300642e+00
      vertex   -8.076509e+00 1.028621e+01 2.199637e+00
      vertex   -8.233895e+00 1.019255e+01 2.300642e+00
    endloop
  endfacet
  facet normal 2.169576e-01 5.237820e-01 8.237608e-01
    outer loop
      vertex   -8.233895e+00 1.019255e+01 2.300642e+00
      vertex   -8.076509e+00 1.028621e+01 2.199637e+00
      vertex   -8.159882e+00 1.032074e+01 2.199637e+00
    endloop
  endfacet
  facet normal 3.451297e-01 4.497818e-01 8.237608e-01
    outer loop
      vertex   -8.233895e+00 1.019255e+01 2.300642e+00
      vertex   -8.159882e+00 1.032074e+01 2.199637e+00
      vertex   -8.336146e+00 1.027101e+01 2.300642e+00
    endloop
  endfacet
  facet normal 3.451297e-01 4.497818e-01 8.237608e-01
    outer loop
      vertex   -8.336146e+00 1.027101e+01 2.300642e+00
      vertex   -8.159882e+00 1.032074e+01 2.199637e+00
      vertex   -8.231475e+00 1.037568e+01 2.199637e+00
    endloop
  endfacet
  facet normal 4.497818e-01 3.451297e-01 8.237608e-01
    outer loop
      vertex   -8.336146e+00 1.027101e+01 2.300642e+00
      vertex   -8.231475e+00 1.037568e+01 2.199637e+00
      vertex   -8.414606e+00 1.037326e+01 2.300642e+00
    endloop
  endfacet
  facet normal 4.497818e-01 3.451297e-01 8.237608e-01
    outer loop
      vertex   -8.414606e+00 1.037326e+01 2.300642e+00
      vertex   -8.231475e+00 1.037568e+01 2.199637e+00
      vertex   -8.286410e+00 1.044727e+01 2.199637e+00
    endloop
  endfacet
  facet normal 5.237820e-01 2.169576e-01 8.237608e-01
    outer loop
      vertex   -8.414606e+00 1.037326e+01 2.300642e+00
      vertex   -8.286410e+00 1.044727e+01 2.199637e+00
      vertex   -8.463928e+00 1.049233e+01 2.300642e+00
    endloop
  endfacet
  facet normal 5.237820e-01 2.169576e-01 8.237608e-01
    outer loop
      vertex   -8.463928e+00 1.049233e+01 2.300642e+00
      vertex   -8.286410e+00 1.044727e+01 2.199637e+00
      vertex   -8.320944e+00 1.053064e+01 2.199637e+00
    endloop
  endfacet
  facet normal 5.620873e-01 7.400020e-02 8.237608e-01
    outer loop
      vertex   -8.463928e+00 1.049233e+01 2.300642e+00
      vertex   -8.320944e+00 1.053064e+01 2.199637e+00
      vertex   -8.480750e+00 1.062011e+01 2.300642e+00
    endloop
  endfacet
  facet normal 5.620873e-01 7.400020e-02 8.237608e-01
    outer loop
      vertex   -8.480750e+00 1.062011e+01 2.300642e+00
      vertex   -8.320944e+00 1.053064e+01 2.199637e+00
      vertex   -8.332723e+00 1.062011e+01 2.199637e+00
    endloop
  endfacet
  facet normal 3.512113e-01 -4.623785e-02 9.351538e-01
    outer loop
      vertex   -8.332723e+00 1.062011e+01 2.199637e+00
      vertex   -8.164960e+00 1.062011e+01 2.136631e+00
      vertex   -8.320944e+00 1.070958e+01 2.199637e+00
    endloop
  endfacet
  facet normal 3.512113e-01 -4.623785e-02 9.351538e-01
    outer loop
      vertex   -8.320944e+00 1.070958e+01 2.199637e+00
      vertex   -8.164960e+00 1.062011e+01 2.136631e+00
      vertex   -8.158898e+00 1.066616e+01 2.136631e+00
    endloop
  endfacet
  facet normal 3.272769e-01 -1.355625e-01 9.351538e-01
    outer loop
      vertex   -8.320944e+00 1.070958e+01 2.199637e+00
      vertex   -8.158898e+00 1.066616e+01 2.136631e+00
      vertex   -8.286410e+00 1.079295e+01 2.199637e+00
    endloop
  endfacet
  facet normal 3.272769e-01 -1.355625e-01 9.351538e-01
    outer loop
      vertex   -8.286410e+00 1.079295e+01 2.199637e+00
      vertex   -8.158898e+00 1.066616e+01 2.136631e+00
      vertex   -8.141124e+00 1.070907e+01 2.136631e+00
    endloop
  endfacet
  facet normal 2.810390e-01 -2.156488e-01 9.351538e-01
    outer loop
      vertex   -8.286410e+00 1.079295e+01 2.199637e+00
      vertex   -8.141124e+00 1.070907e+01 2.136631e+00
      vertex   -8.231475e+00 1.086455e+01 2.199637e+00
    endloop
  endfacet
  facet normal 2.810390e-01 -2.156488e-01 9.351538e-01
    outer loop
      vertex   -8.231475e+00 1.086455e+01 2.199637e+00
      vertex   -8.141124e+00 1.070907e+01 2.136631e+00
      vertex   -8.112849e+00 1.074592e+01 2.136631e+00
    endloop
  endfacet
  facet normal 2.156488e-01 -2.810390e-01 9.351538e-01
    outer loop
      vertex   -8.231475e+00 1.086455e+01 2.199637e+00
      vertex   -8.112849e+00 1.074592e+01 2.136631e+00
      vertex   -8.159882e+00 1.091948e+01 2.199637e+00
    endloop
  endfacet
  facet normal 2.156488e-01 -2.810390e-01 9.351538e-01
    outer loop
      vertex   -8.159882e+00 1.091948e+01 2.199637e+00
      vertex   -8.112849e+00 1.074592e+01 2.136631e+00
      vertex   -8.076000e+00 1.077420e+01 2.136631e+00
    endloop
  endfacet
  facet normal 1.355625e-01 -3.272769e-01 9.351538e-01
    outer loop
      vertex   -8.159882e+00 1.091948e+01 2.199637e+00
      vertex   -8.076000e+00 1.077420e+01 2.136631e+00
      vertex   -8.076509e+00 1.095402e+01 2.199637e+00
    endloop
  endfacet
  facet normal 1.355625e-01 -3.272769e-01 9.351538e-01
    outer loop
      vertex   -8.076509e+00 1.095402e+01 2.199637e+00
      vertex   -8.076000e+00 1.077420e+01 2.136631e+00
      vertex   -8.033089e+00 1.079197e+01 2.136631e+00
    endloop
  endfacet
  facet normal 4.623785e-02 -3.512113e-01 9.351538e-01
    outer loop
      vertex   -8.076509e+00 1.095402e+01 2.199637e+00
      vertex   -8.033089e+00 1.079197e+01 2.136631e+00
      vertex   -7.987040e+00 1.096580e+01 2.199637e+00
    endloop
  endfacet
  facet normal 4.623785e-02 -3.512113e-01 9.351538e-01
    outer loop
      vertex   -7.987040e+00 1.096580e+01 2.199637e+00
      vertex   -8.033089e+00 1.079197e+01 2.136631e+00
      vertex   -7.987040e+00 1.079803e+01 2.136631e+00
    endloop
  endfacet
  facet normal -4.623785e-02 -3.512113e-01 9.351538e-01
    outer loop
      vertex   -7.987040e+00 1.096580e+01 2.199637e+00
      vertex   -7.987040e+00 1.079803e+01 2.136631e+00
      vertex   -7.897570e+00 1.095402e+01 2.199637e+00
    endloop
  endfacet
  facet normal -4.623785e-02 -3.512113e-01 9.351538e-01
    outer loop
      vertex   -7.897570e+00 1.095402e+01 2.199637e+00
      vertex   -7.987040e+00 1.079803e+01 2.136631e+00
      vertex   -7.940991e+00 1.079197e+01 2.136631e+00
    endloop
  endfacet
  facet normal -1.355625e-01 -3.272769e-01 9.351538e-01
    outer loop
      vertex   -7.897570e+00 1.095402e+01 2.199637e+00
      vertex   -7.940991e+00 1.079197e+01 2.136631e+00
      vertex   -7.814198e+00 1.091948e+01 2.199637e+00
    endloop
  endfacet
  facet normal -1.355625e-01 -3.272769e-01 9.351538e-01
    outer loop
      vertex   -7.814198e+00 1.091948e+01 2.199637e+00
      vertex   -7.940991e+00 1.079197e+01 2.136631e+00
      vertex   -7.898080e+00 1.077420e+01 2.136631e+00
    endloop
  endfacet
  facet normal -2.156488e-01 -2.810390e-01 9.351538e-01
    outer loop
      vertex   -7.814198e+00 1.091948e+01 2.199637e+00
      vertex   -7.898080e+00 1.077420e+01 2.136631e+00
      vertex   -7.742605e+00 1.086455e+01 2.199637e+00
    endloop
  endfacet
  facet normal -2.156488e-01 -2.810390e-01 9.351538e-01
    outer loop
      vertex   -7.742605e+00 1.086455e+01 2.199637e+00
      vertex   -7.898080e+00 1.077420e+01 2.136631e+00
      vertex   -7.861231e+00 1.074592e+01 2.136631e+00
    endloop
  endfacet
  facet normal -2.810390e-01 -2.156488e-01 9.351538e-01
    outer loop
      vertex   -7.742605e+00 1.086455e+01 2.199637e+00
      vertex   -7.861231e+00 1.074592e+01 2.136631e+00
      vertex   -7.687669e+00 1.079295e+01 2.199637e+00
    endloop
  endfacet
  facet normal -2.810390e-01 -2.156488e-01 9.351538e-01
    outer loop
      vertex   -7.687669e+00 1.079295e+01 2.199637e+00
      vertex   -7.861231e+00 1.074592e+01 2.136631e+00
      vertex   -7.832956e+00 1.070907e+01 2.136631e+00
    endloop
  endfacet
  facet normal -3.272769e-01 -1.355625e-01 9.351538e-01
    outer loop
      vertex   -7.687669e+00 1.079295e+01 2.199637e+00
      vertex   -7.832956e+00 1.070907e+01 2.136631e+00
      vertex   -7.653135e+00 1.070958e+01 2.199637e+00
    endloop
  endfacet
  facet normal -3.272769e-01 -1.355625e-01 9.351538e-01
    outer loop
      vertex   -7.653135e+00 1.070958e+01 2.199637e+00
      vertex   -7.832956e+00 1.070907e+01 2.136631e+00
      vertex   -7.815182e+00 1.066616e+01 2.136631e+00
    endloop
  endfacet
  facet normal -3.512113e-01 -4.623785e-02 9.351538e-01
    outer loop
      vertex   -7.653135e+00 1.070958e+01 2.199637e+00
      vertex   -7.815182e+00 1.066616e+01 2.136631e+00
      vertex   -7.641357e+00 1.062011e+01 2.199637e+00
    endloop
  endfacet
  facet normal -3.512113e-01 -4.623785e-02 9.351538e-01
    outer loop
      vertex   -7.641357e+00 1.062011e+01 2.199637e+00
      vertex   -7.815182e+00 1.066616e+01 2.136631e+00
      vertex   -7.809119e+00 1.062011e+01 2.136631e+00
    endloop
  endfacet
  facet normal -3.512113e-01 4.623785e-02 9.351538e-01
    outer loop
      vertex   -7.641357e+00 1.062011e+01 2.199637e+00
      vertex   -7.809119e+00 1.062011e+01 2.136631e+00
      vertex   -7.653135e+00 1.053064e+01 2.199637e+00
    endloop
  endfacet
  facet normal -3.512113e-01 4.623785e-02 9.351538e-01
    outer loop
      vertex   -7.653135e+00 1.053064e+01 2.199637e+00
      vertex   -7.809119e+00 1.062011e+01 2.136631e+00
      vertex   -7.815182e+00 1.057406e+01 2.136631e+00
    endloop
  endfacet
  facet normal -3.272769e-01 1.355625e-01 9.351538e-01
    outer loop
      vertex   -7.653135e+00 1.053064e+01 2.199637e+00
      vertex   -7.815182e+00 1.057406e+01 2.136631e+00
      vertex   -7.687669e+00 1.044727e+01 2.199637e+00
    endloop
  endfacet
  facet normal -3.272769e-01 1.355625e-01 9.351538e-01
    outer loop
      vertex   -7.687669e+00 1.044727e+01 2.199637e+00
      vertex   -7.815182e+00 1.057406e+01 2.136631e+00
      vertex   -7.832956e+00 1.053115e+01 2.136631e+00
    endloop
  endfacet
  facet normal -2.810390e-01 2.156488e-01 9.351538e-01
    outer loop
      vertex   -7.687669e+00 1.044727e+01 2.199637e+00
      vertex   -7.832956e+00 1.053115e+01 2.136631e+00
      vertex   -7.742605e+00 1.037568e+01 2.199637e+00
    endloop
  endfacet
  facet normal -2.810390e-01 2.156488e-01 9.351538e-01
    outer loop
      vertex   -7.742605e+00 1.037568e+01 2.199637e+00
      vertex   -7.832956e+00 1.053115e+01 2.136631e+00
      vertex   -7.861231e+00 1.049430e+01 2.136631e+00
    endloop
  endfacet
  facet normal -2.156488e-01 2.810390e-01 9.351538e-01
    outer loop
      vertex   -7.742605e+00 1.037568e+01 2.199637e+00
      vertex   -7.861231e+00 1.049430e+01 2.136631e+00
      vertex   -7.814198e+00 1.032074e+01 2.199637e+00
    endloop
  endfacet
  facet normal -2.156488e-01 2.810390e-01 9.351538e-01
    outer loop
      vertex   -7.814198e+00 1.032074e+01 2.199637e+00
      vertex   -7.861231e+00 1.049430e+01 2.136631e+00
      vertex   -7.898080e+00 1.046603e+01 2.136631e+00
    endloop
  endfacet
  facet normal -1.355625e-01 3.272769e-01 9.351538e-01
    outer loop
      vertex   -7.814198e+00 1.032074e+01 2.199637e+00
      vertex   -7.898080e+00 1.046603e+01 2.136631e+00
      vertex   -7.897570e+00 1.028621e+01 2.199637e+00
    endloop
  endfacet
  facet normal -1.355625e-01 3.272769e-01 9.351538e-01
    outer loop
      vertex   -7.897570e+00 1.028621e+01 2.199637e+00
      vertex   -7.898080e+00 1.046603e+01 2.136631e+00
      vertex   -7.940991e+00 1.044825e+01 2.136631e+00
    endloop
  endfacet
  facet normal -4.623785e-02 3.512113e-01 9.351538e-01
    outer loop
      vertex   -7.897570e+00 1.028621e+01 2.199637e+00
      vertex   -7.940991e+00 1.044825e+01 2.136631e+00
      vertex   -7.987040e+00 1.027443e+01 2.199637e+00
    endloop
  endfacet
  facet normal -4.623785e-02 3.512113e-01 9.351538e-01
    outer loop
      vertex   -7.987040e+00 1.027443e+01 2.199637e+00
      vertex   -7.940991e+00 1.044825e+01 2.136631e+00
      vertex   -7.987040e+00 1.044219e+01 2.136631e+00
    endloop
  endfacet
  facet normal 4.623785e-02 3.512113e-01 9.351538e-01
    outer loop
      vertex   -7.987040e+00 1.027443e+01 2.199637e+00
      vertex   -7.987040e+00 1.044219e+01 2.136631e+00
      vertex   -8.076509e+00 1.028621e+01 2.199637e+00
    endloop
  endfacet
  facet normal 4.623785e-02 3.512113e-01 9.351538e-01
    outer loop
      vertex   -8.076509e+00 1.028621e+01 2.199637e+00
      vertex   -7.987040e+00 1.044219e+01 2.136631e+00
      vertex   -8.033089e+00 1.044825e+01 2.136631e+00
    endloop
  endfacet
  facet normal 1.355625e-01 3.272769e-01 9.351538e-01
    outer loop
      vertex   -8.076509e+00 1.028621e+01 2.199637e+00
      vertex   -8.033089e+00 1.044825e+01 2.136631e+00
      vertex   -8.159882e+00 1.032074e+01 2.199637e+00
    endloop
  endfacet
  facet normal 1.355625e-01 3.272769e-01 9.351538e-01
    outer loop
      vertex   -8.159882e+00 1.032074e+01 2.199637e+00
      vertex   -8.033089e+00 1.044825e+01 2.136631e+00
      vertex   -8.076000e+00 1.046603e+01 2.136631e+00
    endloop
  endfacet
  facet normal 2.156488e-01 2.810390e-01 9.351538e-01
    outer loop
      vertex   -8.159882e+00 1.032074e+01 2.199637e+00
      vertex   -8.076000e+00 1.046603e+01 2.136631e+00
      vertex   -8.231475e+00 1.037568e+01 2.199637e+00
    endloop
  endfacet
  facet normal 2.156488e-01 2.810390e-01 9.351538e-01
    outer loop
      vertex   -8.231475e+00 1.037568e+01 2.199637e+00
      vertex   -8.076000e+00 1.046603e+01 2.136631e+00
      vertex   -8.112849e+00 1.049430e+01 2.136631e+00
    endloop
  endfacet
  facet normal 2.810390e-01 2.156488e-01 9.351538e-01
    outer loop
      vertex   -8.231475e+00 1.037568e+01 2.199637e+00
      vertex   -8.112849e+00 1.049430e+01 2.136631e+00
      vertex   -8.286410e+00 1.044727e+01 2.199637e+00
    endloop
  endfacet
  facet normal 2.810390e-01 2.156488e-01 9.351538e-01
    outer loop
      vertex   -8.286410e+00 1.044727e+01 2.199637e+00
      vertex   -8.112849e+00 1.049430e+01 2.136631e+00
      vertex   -8.141124e+00 1.053115e+01 2.136631e+00
    endloop
  endfacet
  facet normal 3.272769e-01 1.355625e-01 9.351538e-01
    outer loop
      vertex   -8.286410e+00 1.044727e+01 2.199637e+00
      vertex   -8.141124e+00 1.053115e+01 2.136631e+00
      vertex   -8.320944e+00 1.053064e+01 2.199637e+00
    endloop
  endfacet
  facet normal 3.272769e-01 1.355625e-01 9.351538e-01
    outer loop
      vertex   -8.320944e+00 1.053064e+01 2.199637e+00
      vertex   -8.141124e+00 1.053115e+01 2.136631e+00
      vertex   -8.158898e+00 1.057406e+01 2.136631e+00
    endloop
  endfacet
  facet normal 3.512113e-01 4.623785e-02 9.351538e-01
    outer loop
      vertex   -8.320944e+00 1.053064e+01 2.199637e+00
      vertex   -8.158898e+00 1.057406e+01 2.136631e+00
      vertex   -8.332723e+00 1.062011e+01 2.199637e+00
    endloop
  endfacet
  facet normal 3.512113e-01 4.623785e-02 9.351538e-01
    outer loop
      vertex   -8.332723e+00 1.062011e+01 2.199637e+00
      vertex   -8.158898e+00 1.057406e+01 2.136631e+00
      vertex   -8.164960e+00 1.062011e+01 2.136631e+00
    endloop
  endfacet
  facet normal -4.610775e-02 1.113140e-01 9.927151e-01
    outer loop
      vertex   -7.898080e+00 1.046603e+01 2.136631e+00
      vertex   -7.987040e+00 1.062011e+01 2.115221e+00
      vertex   -7.940991e+00 1.044825e+01 2.136631e+00
    endloop
  endfacet
  facet normal -7.334683e-02 -9.558746e-02 9.927151e-01
    outer loop
      vertex   -7.898080e+00 1.077420e+01 2.136631e+00
      vertex   -7.987040e+00 1.062011e+01 2.115221e+00
      vertex   -7.861231e+00 1.074592e+01 2.136631e+00
    endloop
  endfacet
  facet normal -1.264228e-01 9.602767e-01 2.487689e-01
    outer loop
      vertex   8.232491e+00 9.902136e+00 2.765221e+00
      vertex   8.220859e+00 9.945546e+00 2.591744e+00
      vertex   8.040110e+00 9.876809e+00 2.765221e+00
    endloop
  endfacet
  facet normal -1.264228e-01 9.602767e-01 2.487689e-01
    outer loop
      vertex   8.040110e+00 9.876809e+00 2.765221e+00
      vertex   8.220859e+00 9.945546e+00 2.591744e+00
      vertex   8.040110e+00 9.921750e+00 2.591744e+00
    endloop
  endfacet
  facet normal 1.264228e-01 9.602767e-01 2.487689e-01
    outer loop
      vertex   8.040110e+00 9.876809e+00 2.765221e+00
      vertex   8.040110e+00 9.921750e+00 2.591744e+00
      vertex   7.847729e+00 9.902136e+00 2.765221e+00
    endloop
  endfacet
  facet normal 1.264228e-01 9.602767e-01 2.487689e-01
    outer loop
      vertex   7.847729e+00 9.902136e+00 2.765221e+00
      vertex   8.040110e+00 9.921750e+00 2.591744e+00
      vertex   7.859360e+00 9.945546e+00 2.591744e+00
    endloop
  endfacet
  facet normal 3.706530e-01 8.948354e-01 2.487689e-01
    outer loop
      vertex   7.847729e+00 9.902136e+00 2.765221e+00
      vertex   7.859360e+00 9.945546e+00 2.591744e+00
      vertex   7.668458e+00 9.976393e+00 2.765221e+00
    endloop
  endfacet
  facet normal 3.706530e-01 8.948354e-01 2.487689e-01
    outer loop
      vertex   7.668458e+00 9.976393e+00 2.765221e+00
      vertex   7.859360e+00 9.945546e+00 2.591744e+00
      vertex   7.690928e+00 1.001531e+01 2.591744e+00
    endloop
  endfacet
  facet normal 5.896237e-01 7.684126e-01 2.487689e-01
    outer loop
      vertex   7.668458e+00 9.976393e+00 2.765221e+00
      vertex   7.690928e+00 1.001531e+01 2.591744e+00
      vertex   7.514515e+00 1.009452e+01 2.765221e+00
    endloop
  endfacet
  facet normal 5.896237e-01 7.684126e-01 2.487689e-01
    outer loop
      vertex   7.514515e+00 1.009452e+01 2.765221e+00
      vertex   7.690928e+00 1.001531e+01 2.591744e+00
      vertex   7.546293e+00 1.012630e+01 2.591744e+00
    endloop
  endfacet
  facet normal 7.684126e-01 5.896237e-01 2.487689e-01
    outer loop
      vertex   7.514515e+00 1.009452e+01 2.765221e+00
      vertex   7.546293e+00 1.012630e+01 2.591744e+00
      vertex   7.396390e+00 1.024846e+01 2.765221e+00
    endloop
  endfacet
  facet normal 7.684126e-01 5.896237e-01 2.487689e-01
    outer loop
      vertex   7.396390e+00 1.024846e+01 2.765221e+00
      vertex   7.546293e+00 1.012630e+01 2.591744e+00
      vertex   7.435310e+00 1.027093e+01 2.591744e+00
    endloop
  endfacet
  facet normal 8.948354e-01 3.706530e-01 2.487689e-01
    outer loop
      vertex   7.396390e+00 1.024846e+01 2.765221e+00
      vertex   7.435310e+00 1.027093e+01 2.591744e+00
      vertex   7.322134e+00 1.042773e+01 2.765221e+00
    endloop
  endfacet
  facet normal 8.948354e-01 3.706530e-01 2.487689e-01
    outer loop
      vertex   7.322134e+00 1.042773e+01 2.765221e+00
      vertex   7.435310e+00 1.027093e+01 2.591744e+00
      vertex   7.365543e+00 1.043936e+01 2.591744e+00
    endloop
  endfacet
  facet normal 9.602767e-01 1.264228e-01 2.487689e-01
    outer loop
      vertex   7.322134e+00 1.042773e+01 2.765221e+00
      vertex   7.365543e+00 1.043936e+01 2.591744e+00
      vertex   7.296806e+00 1.062011e+01 2.765221e+00
    endloop
  endfacet
  facet normal 9.602767e-01 1.264228e-01 2.487689e-01
    outer loop
      vertex   7.296806e+00 1.062011e+01 2.765221e+00
      vertex   7.365543e+00 1.043936e+01 2.591744e+00
      vertex   7.341747e+00 1.062011e+01 2.591744e+00
    endloop
  endfacet
  facet normal 9.602767e-01 -1.264228e-01 2.487689e-01
    outer loop
      vertex   7.296806e+00 1.062011e+01 2.765221e+00
      vertex   7.341747e+00 1.062011e+01 2.591744e+00
      vertex   7.322134e+00 1.081249e+01 2.765221e+00
    endloop
  endfacet
  facet normal 9.602767e-01 -1.264228e-01 2.487689e-01
    outer loop
      vertex   7.322134e+00 1.081249e+01 2.765221e+00
      vertex   7.341747e+00 1.062011e+01 2.591744e+00
      vertex   7.365543e+00 1.080086e+01 2.591744e+00
    endloop
  endfacet
  facet normal 8.948354e-01 -3.706530e-01 2.487689e-01
    outer loop
      vertex   7.322134e+00 1.081249e+01 2.765221e+00
      vertex   7.365543e+00 1.080086e+01 2.591744e+00
      vertex   7.396390e+00 1.099176e+01 2.765221e+00
    endloop
  endfacet
  facet normal 8.948354e-01 -3.706530e-01 2.487689e-01
    outer loop
      vertex   7.396390e+00 1.099176e+01 2.765221e+00
      vertex   7.365543e+00 1.080086e+01 2.591744e+00
      vertex   7.435310e+00 1.096929e+01 2.591744e+00
    endloop
  endfacet
  facet normal 7.684126e-01 -5.896237e-01 2.487689e-01
    outer loop
      vertex   7.396390e+00 1.099176e+01 2.765221e+00
      vertex   7.435310e+00 1.096929e+01 2.591744e+00
      vertex   7.514515e+00 1.114571e+01 2.765221e+00
    endloop
  endfacet
  facet normal 7.684126e-01 -5.896237e-01 2.487689e-01
    outer loop
      vertex   7.514515e+00 1.114571e+01 2.765221e+00
      vertex   7.435310e+00 1.096929e+01 2.591744e+00
      vertex   7.546293e+00 1.111393e+01 2.591744e+00
    endloop
  endfacet
  facet normal 5.896237e-01 -7.684126e-01 2.487689e-01
    outer loop
      vertex   7.514515e+00 1.114571e+01 2.765221e+00
      vertex   7.546293e+00 1.111393e+01 2.591744e+00
      vertex   7.668458e+00 1.126383e+01 2.765221e+00
    endloop
  endfacet
  facet normal 5.896237e-01 -7.684126e-01 2.487689e-01
    outer loop
      vertex   7.668458e+00 1.126383e+01 2.765221e+00
      vertex   7.546293e+00 1.111393e+01 2.591744e+00
      vertex   7.690928e+00 1.122491e+01 2.591744e+00
    endloop
  endfacet
  facet normal 3.706530e-01 -8.948354e-01 2.487689e-01
    outer loop
      vertex   7.668458e+00 1.126383e+01 2.765221e+00
      vertex   7.690928e+00 1.122491e+01 2.591744e+00
      vertex   7.847729e+00 1.133809e+01 2.765221e+00
    endloop
  endfacet
  facet normal 3.706530e-01 -8.948354e-01 2.487689e-01
    outer loop
      vertex   7.847729e+00 1.133809e+01 2.765221e+00
      vertex   7.690928e+00 1.122491e+01 2.591744e+00
      vertex   7.859360e+00 1.129468e+01 2.591744e+00
    endloop
  endfacet
  facet normal 1.264228e-01 -9.602767e-01 2.487689e-01
    outer loop
      vertex   7.847729e+00 1.133809e+01 2.765221e+00
      vertex   7.859360e+00 1.129468e+01 2.591744e+00
      vertex   8.040110e+00 1.136342e+01 2.765221e+00
    endloop
  endfacet
  facet normal 1.264228e-01 -9.602767e-01 2.487689e-01
    outer loop
      vertex   8.040110e+00 1.136342e+01 2.765221e+00
      vertex   7.859360e+00 1.129468e+01 2.591744e+00
      vertex   8.040110e+00 1.131847e+01 2.591744e+00
    endloop
  endfacet
  facet normal -1.264228e-01 -9.602767e-01 2.487689e-01
    outer loop
      vertex   8.040110e+00 1.136342e+01 2.765221e+00
      vertex   8.040110e+00 1.131847e+01 2.591744e+00
      vertex   8.232491e+00 1.133809e+01 2.765221e+00
    endloop
  endfacet
  facet normal -1.264228e-01 -9.602767e-01 2.487689e-01
    outer loop
      vertex   8.232491e+00 1.133809e+01 2.765221e+00
      vertex   8.040110e+00 1.131847e+01 2.591744e+00
      vertex   8.220859e+00 1.129468e+01 2.591744e+00
    endloop
  endfacet
  facet normal -3.706530e-01 -8.948354e-01 2.487689e-01
    outer loop
      vertex   8.232491e+00 1.133809e+01 2.765221e+00
      vertex   8.220859e+00 1.129468e+01 2.591744e+00
      vertex   8.411761e+00 1.126383e+01 2.765221e+00
    endloop
  endfacet
  facet normal -3.706530e-01 -8.948354e-01 2.487689e-01
    outer loop
      vertex   8.411761e+00 1.126383e+01 2.765221e+00
      vertex   8.220859e+00 1.129468e+01 2.591744e+00
      vertex   8.389291e+00 1.122491e+01 2.591744e+00
    endloop
  endfacet
  facet normal -5.896237e-01 -7.684126e-01 2.487689e-01
    outer loop
      vertex   8.411761e+00 1.126383e+01 2.765221e+00
      vertex   8.389291e+00 1.122491e+01 2.591744e+00
      vertex   8.565705e+00 1.114571e+01 2.765221e+00
    endloop
  endfacet
  facet normal -5.896237e-01 -7.684126e-01 2.487689e-01
    outer loop
      vertex   8.565705e+00 1.114571e+01 2.765221e+00
      vertex   8.389291e+00 1.122491e+01 2.591744e+00
      vertex   8.533927e+00 1.111393e+01 2.591744e+00
    endloop
  endfacet
  facet normal -7.684126e-01 -5.896237e-01 2.487689e-01
    outer loop
      vertex   8.565705e+00 1.114571e+01 2.765221e+00
      vertex   8.533927e+00 1.111393e+01 2.591744e+00
      vertex   8.683829e+00 1.099176e+01 2.765221e+00
    endloop
  endfacet
  facet normal -7.684126e-01 -5.896237e-01 2.487689e-01
    outer loop
      vertex   8.683829e+00 1.099176e+01 2.765221e+00
      vertex   8.533927e+00 1.111393e+01 2.591744e+00
      vertex   8.644909e+00 1.096929e+01 2.591744e+00
    endloop
  endfacet
  facet normal -8.948354e-01 -3.706530e-01 2.487689e-01
    outer loop
      vertex   8.683829e+00 1.099176e+01 2.765221e+00
      vertex   8.644909e+00 1.096929e+01 2.591744e+00
      vertex   8.758086e+00 1.081249e+01 2.765221e+00
    endloop
  endfacet
  facet normal -8.948354e-01 -3.706530e-01 2.487689e-01
    outer loop
      vertex   8.758086e+00 1.081249e+01 2.765221e+00
      vertex   8.644909e+00 1.096929e+01 2.591744e+00
      vertex   8.714676e+00 1.080086e+01 2.591744e+00
    endloop
  endfacet
  facet normal -9.602767e-01 -1.264228e-01 2.487689e-01
    outer loop
      vertex   8.758086e+00 1.081249e+01 2.765221e+00
      vertex   8.714676e+00 1.080086e+01 2.591744e+00
      vertex   8.783413e+00 1.062011e+01 2.765221e+00
    endloop
  endfacet
  facet normal -9.602767e-01 -1.264228e-01 2.487689e-01
    outer loop
      vertex   8.783413e+00 1.062011e+01 2.765221e+00
      vertex   8.714676e+00 1.080086e+01 2.591744e+00
      vertex   8.738472e+00 1.062011e+01 2.591744e+00
    endloop
  endfacet
  facet normal -9.602767e-01 1.264228e-01 2.487689e-01
    outer loop
      vertex   8.783413e+00 1.062011e+01 2.765221e+00
      vertex   8.738472e+00 1.062011e+01 2.591744e+00
      vertex   8.758086e+00 1.042773e+01 2.765221e+00
    endloop
  endfacet
  facet normal -9.602767e-01 1.264228e-01 2.487689e-01
    outer loop
      vertex   8.758086e+00 1.042773e+01 2.765221e+00
      vertex   8.738472e+00 1.062011e+01 2.591744e+00
      vertex   8.714676e+00 1.043936e+01 2.591744e+00
    endloop
  endfacet
  facet normal -8.948354e-01 3.706530e-01 2.487689e-01
    outer loop
      vertex   8.758086e+00 1.042773e+01 2.765221e+00
      vertex   8.714676e+00 1.043936e+01 2.591744e+00
      vertex   8.683829e+00 1.024846e+01 2.765221e+00
    endloop
  endfacet
  facet normal -8.948354e-01 3.706530e-01 2.487689e-01
    outer loop
      vertex   8.683829e+00 1.024846e+01 2.765221e+00
      vertex   8.714676e+00 1.043936e+01 2.591744e+00
      vertex   8.644909e+00 1.027093e+01 2.591744e+00
    endloop
  endfacet
  facet normal -7.684126e-01 5.896237e-01 2.487689e-01
    outer loop
      vertex   8.683829e+00 1.024846e+01 2.765221e+00
      vertex   8.644909e+00 1.027093e+01 2.591744e+00
      vertex   8.565705e+00 1.009452e+01 2.765221e+00
    endloop
  endfacet
  facet normal -7.684126e-01 5.896237e-01 2.487689e-01
    outer loop
      vertex   8.565705e+00 1.009452e+01 2.765221e+00
      vertex   8.644909e+00 1.027093e+01 2.591744e+00
      vertex   8.533927e+00 1.012630e+01 2.591744e+00
    endloop
  endfacet
  facet normal -5.896237e-01 7.684126e-01 2.487689e-01
    outer loop
      vertex   8.565705e+00 1.009452e+01 2.765221e+00
      vertex   8.533927e+00 1.012630e+01 2.591744e+00
      vertex   8.411761e+00 9.976393e+00 2.765221e+00
    endloop
  endfacet
  facet normal -5.896237e-01 7.684126e-01 2.487689e-01
    outer loop
      vertex   8.411761e+00 9.976393e+00 2.765221e+00
      vertex   8.533927e+00 1.012630e+01 2.591744e+00
      vertex   8.389291e+00 1.001531e+01 2.591744e+00
    endloop
  endfacet
  facet normal -3.706530e-01 8.948354e-01 2.487689e-01
    outer loop
      vertex   8.411761e+00 9.976393e+00 2.765221e+00
      vertex   8.389291e+00 1.001531e+01 2.591744e+00
      vertex   8.232491e+00 9.902136e+00 2.765221e+00
    endloop
  endfacet
  facet normal -3.706530e-01 8.948354e-01 2.487689e-01
    outer loop
      vertex   8.232491e+00 9.902136e+00 2.765221e+00
      vertex   8.389291e+00 1.001531e+01 2.591744e+00
      vertex   8.220859e+00 9.945546e+00 2.591744e+00
    endloop
  endfacet
  facet normal 1.194546e-01 -1.572649e-02 9.927151e-01
    outer loop
      vertex   7.862189e+00 1.062011e+01 2.136631e+00
      vertex   8.040110e+00 1.062011e+01 2.115221e+00
      vertex   7.868252e+00 1.066616e+01 2.136631e+00
    endloop
  endfacet
  facet normal 1.113140e-01 -4.610775e-02 9.927151e-01
    outer loop
      vertex   7.868252e+00 1.066616e+01 2.136631e+00
      vertex   8.040110e+00 1.062011e+01 2.115221e+00
      vertex   7.886026e+00 1.070907e+01 2.136631e+00
    endloop
  endfacet
  facet normal 9.558746e-02 -7.334683e-02 9.927151e-01
    outer loop
      vertex   7.886026e+00 1.070907e+01 2.136631e+00
      vertex   8.040110e+00 1.062011e+01 2.115221e+00
      vertex   7.914301e+00 1.074592e+01 2.136631e+00
    endloop
  endfacet
  facet normal 7.334683e-02 -9.558746e-02 9.927151e-01
    outer loop
      vertex   7.914301e+00 1.074592e+01 2.136631e+00
      vertex   8.040110e+00 1.062011e+01 2.115221e+00
      vertex   7.951149e+00 1.077420e+01 2.136631e+00
    endloop
  endfacet
  facet normal 4.610775e-02 -1.113140e-01 9.927151e-01
    outer loop
      vertex   7.951149e+00 1.077420e+01 2.136631e+00
      vertex   8.040110e+00 1.062011e+01 2.115221e+00
      vertex   7.994060e+00 1.079197e+01 2.136631e+00
    endloop
  endfacet
  facet normal 1.572649e-02 -1.194546e-01 9.927151e-01
    outer loop
      vertex   7.994060e+00 1.079197e+01 2.136631e+00
      vertex   8.040110e+00 1.062011e+01 2.115221e+00
      vertex   8.040110e+00 1.079803e+01 2.136631e+00
    endloop
  endfacet
  facet normal -1.572649e-02 -1.194546e-01 9.927151e-01
    outer loop
      vertex   8.040110e+00 1.079803e+01 2.136631e+00
      vertex   8.040110e+00 1.062011e+01 2.115221e+00
      vertex   8.086159e+00 1.079197e+01 2.136631e+00
    endloop
  endfacet
  facet normal -4.610775e-02 -1.113140e-01 9.927151e-01
    outer loop
      vertex   8.086159e+00 1.079197e+01 2.136631e+00
      vertex   8.040110e+00 1.062011e+01 2.115221e+00
      vertex   8.129070e+00 1.077420e+01 2.136631e+00
    endloop
  endfacet
  facet normal -9.558746e-02 -7.334683e-02 9.927151e-01
    outer loop
      vertex   8.165919e+00 1.074592e+01 2.136631e+00
      vertex   8.040110e+00 1.062011e+01 2.115221e+00
      vertex   8.194193e+00 1.070907e+01 2.136631e+00
    endloop
  endfacet
  facet normal -1.113140e-01 -4.610775e-02 9.927151e-01
    outer loop
      vertex   8.194193e+00 1.070907e+01 2.136631e+00
      vertex   8.040110e+00 1.062011e+01 2.115221e+00
      vertex   8.211968e+00 1.066616e+01 2.136631e+00
    endloop
  endfacet
  facet normal -1.194546e-01 -1.572649e-02 9.927151e-01
    outer loop
      vertex   8.211968e+00 1.066616e+01 2.136631e+00
      vertex   8.040110e+00 1.062011e+01 2.115221e+00
      vertex   8.218030e+00 1.062011e+01 2.136631e+00
    endloop
  endfacet
  facet normal -1.194546e-01 1.572649e-02 9.927151e-01
    outer loop
      vertex   8.218030e+00 1.062011e+01 2.136631e+00
      vertex   8.040110e+00 1.062011e+01 2.115221e+00
      vertex   8.211968e+00 1.057406e+01 2.136631e+00
    endloop
  endfacet
  facet normal -1.113140e-01 4.610775e-02 9.927151e-01
    outer loop
      vertex   8.211968e+00 1.057406e+01 2.136631e+00
      vertex   8.040110e+00 1.062011e+01 2.115221e+00
      vertex   8.194193e+00 1.053115e+01 2.136631e+00
    endloop
  endfacet
  facet normal -9.558746e-02 7.334683e-02 9.927151e-01
    outer loop
      vertex   8.194193e+00 1.053115e+01 2.136631e+00
      vertex   8.040110e+00 1.062011e+01 2.115221e+00
      vertex   8.165919e+00 1.049430e+01 2.136631e+00
    endloop
  endfacet
  facet normal -7.334683e-02 9.558746e-02 9.927151e-01
    outer loop
      vertex   8.165919e+00 1.049430e+01 2.136631e+00
      vertex   8.040110e+00 1.062011e+01 2.115221e+00
      vertex   8.129070e+00 1.046603e+01 2.136631e+00
    endloop
  endfacet
  facet normal -1.572649e-02 1.194546e-01 9.927151e-01
    outer loop
      vertex   8.086159e+00 1.044825e+01 2.136631e+00
      vertex   8.040110e+00 1.062011e+01 2.115221e+00
      vertex   8.040110e+00 1.044219e+01 2.136631e+00
    endloop
  endfacet
  facet normal 1.572649e-02 1.194546e-01 9.927151e-01
    outer loop
      vertex   8.040110e+00 1.044219e+01 2.136631e+00
      vertex   8.040110e+00 1.062011e+01 2.115221e+00
      vertex   7.994060e+00 1.044825e+01 2.136631e+00
    endloop
  endfacet
  facet normal 4.610775e-02 1.113140e-01 9.927151e-01
    outer loop
      vertex   7.994060e+00 1.044825e+01 2.136631e+00
      vertex   8.040110e+00 1.062011e+01 2.115221e+00
      vertex   7.951149e+00 1.046603e+01 2.136631e+00
    endloop
  endfacet
  facet normal 7.334683e-02 9.558746e-02 9.927151e-01
    outer loop
      vertex   7.951149e+00 1.046603e+01 2.136631e+00
      vertex   8.040110e+00 1.062011e+01 2.115221e+00
      vertex   7.914301e+00 1.049430e+01 2.136631e+00
    endloop
  endfacet
  facet normal 9.558746e-02 7.334683e-02 9.927151e-01
    outer loop
      vertex   7.914301e+00 1.049430e+01 2.136631e+00
      vertex   8.040110e+00 1.062011e+01 2.115221e+00
      vertex   7.886026e+00 1.053115e+01 2.136631e+00
    endloop
  endfacet
  facet normal 1.113140e-01 4.610775e-02 9.927151e-01
    outer loop
      vertex   7.886026e+00 1.053115e+01 2.136631e+00
      vertex   8.040110e+00 1.062011e+01 2.115221e+00
      vertex   7.868252e+00 1.057406e+01 2.136631e+00
    endloop
  endfacet
  facet normal 1.194546e-01 1.572649e-02 9.927151e-01
    outer loop
      vertex   7.868252e+00 1.057406e+01 2.136631e+00
      vertex   8.040110e+00 1.062011e+01 2.115221e+00
      vertex   7.862189e+00 1.062011e+01 2.136631e+00
    endloop
  endfacet
  facet normal 8.750529e-01 -1.152029e-01 4.701178e-01
    outer loop
      vertex   7.341747e+00 1.062011e+01 2.591744e+00
      vertex   7.426559e+00 1.062011e+01 2.433880e+00
      vertex   7.365543e+00 1.080086e+01 2.591744e+00
    endloop
  endfacet
  facet normal 8.750529e-01 -1.152029e-01 4.701178e-01
    outer loop
      vertex   7.365543e+00 1.080086e+01 2.591744e+00
      vertex   7.426559e+00 1.062011e+01 2.433880e+00
      vertex   7.447465e+00 1.077891e+01 2.433880e+00
    endloop
  endfacet
  facet normal 8.154195e-01 -3.377578e-01 4.701178e-01
    outer loop
      vertex   7.365543e+00 1.080086e+01 2.591744e+00
      vertex   7.447465e+00 1.077891e+01 2.433880e+00
      vertex   7.435310e+00 1.096929e+01 2.591744e+00
    endloop
  endfacet
  facet normal 8.154195e-01 -3.377578e-01 4.701178e-01
    outer loop
      vertex   7.435310e+00 1.096929e+01 2.591744e+00
      vertex   7.447465e+00 1.077891e+01 2.433880e+00
      vertex   7.508759e+00 1.092689e+01 2.433880e+00
    endloop
  endfacet
  facet normal 7.002166e-01 -5.372951e-01 4.701178e-01
    outer loop
      vertex   7.435310e+00 1.096929e+01 2.591744e+00
      vertex   7.508759e+00 1.092689e+01 2.433880e+00
      vertex   7.546293e+00 1.111393e+01 2.591744e+00
    endloop
  endfacet
  facet normal 7.002166e-01 -5.372951e-01 4.701178e-01
    outer loop
      vertex   7.546293e+00 1.111393e+01 2.591744e+00
      vertex   7.508759e+00 1.092689e+01 2.433880e+00
      vertex   7.606264e+00 1.105396e+01 2.433880e+00
    endloop
  endfacet
  facet normal 5.372951e-01 -7.002166e-01 4.701178e-01
    outer loop
      vertex   7.546293e+00 1.111393e+01 2.591744e+00
      vertex   7.606264e+00 1.105396e+01 2.433880e+00
      vertex   7.690928e+00 1.122491e+01 2.591744e+00
    endloop
  endfacet
  facet normal 5.372951e-01 -7.002166e-01 4.701178e-01
    outer loop
      vertex   7.690928e+00 1.122491e+01 2.591744e+00
      vertex   7.606264e+00 1.105396e+01 2.433880e+00
      vertex   7.733334e+00 1.115146e+01 2.433880e+00
    endloop
  endfacet
  facet normal 3.377578e-01 -8.154195e-01 4.701178e-01
    outer loop
      vertex   7.690928e+00 1.122491e+01 2.591744e+00
      vertex   7.733334e+00 1.115146e+01 2.433880e+00
      vertex   7.859360e+00 1.129468e+01 2.591744e+00
    endloop
  endfacet
  facet normal 3.377578e-01 -8.154195e-01 4.701178e-01
    outer loop
      vertex   7.859360e+00 1.129468e+01 2.591744e+00
      vertex   7.733334e+00 1.115146e+01 2.433880e+00
      vertex   7.881311e+00 1.121276e+01 2.433880e+00
    endloop
  endfacet
  facet normal 1.152029e-01 -8.750529e-01 4.701178e-01
    outer loop
      vertex   7.859360e+00 1.129468e+01 2.591744e+00
      vertex   7.881311e+00 1.121276e+01 2.433880e+00
      vertex   8.040110e+00 1.131847e+01 2.591744e+00
    endloop
  endfacet
  facet normal 1.152029e-01 -8.750529e-01 4.701178e-01
    outer loop
      vertex   8.040110e+00 1.131847e+01 2.591744e+00
      vertex   7.881311e+00 1.121276e+01 2.433880e+00
      vertex   8.040110e+00 1.123366e+01 2.433880e+00
    endloop
  endfacet
  facet normal -1.152029e-01 -8.750529e-01 4.701178e-01
    outer loop
      vertex   8.040110e+00 1.131847e+01 2.591744e+00
      vertex   8.040110e+00 1.123366e+01 2.433880e+00
      vertex   8.220859e+00 1.129468e+01 2.591744e+00
    endloop
  endfacet
  facet normal -1.152029e-01 -8.750529e-01 4.701178e-01
    outer loop
      vertex   8.220859e+00 1.129468e+01 2.591744e+00
      vertex   8.040110e+00 1.123366e+01 2.433880e+00
      vertex   8.198908e+00 1.121276e+01 2.433880e+00
    endloop
  endfacet
  facet normal -3.377578e-01 -8.154195e-01 4.701178e-01
    outer loop
      vertex   8.220859e+00 1.129468e+01 2.591744e+00
      vertex   8.198908e+00 1.121276e+01 2.433880e+00
      vertex   8.389291e+00 1.122491e+01 2.591744e+00
    endloop
  endfacet
  facet normal -3.377578e-01 -8.154195e-01 4.701178e-01
    outer loop
      vertex   8.389291e+00 1.122491e+01 2.591744e+00
      vertex   8.198908e+00 1.121276e+01 2.433880e+00
      vertex   8.346885e+00 1.115146e+01 2.433880e+00
    endloop
  endfacet
  facet normal -5.372951e-01 -7.002166e-01 4.701178e-01
    outer loop
      vertex   8.389291e+00 1.122491e+01 2.591744e+00
      vertex   8.346885e+00 1.115146e+01 2.433880e+00
      vertex   8.533927e+00 1.111393e+01 2.591744e+00
    endloop
  endfacet
  facet normal -5.372951e-01 -7.002166e-01 4.701178e-01
    outer loop
      vertex   8.533927e+00 1.111393e+01 2.591744e+00
      vertex   8.346885e+00 1.115146e+01 2.433880e+00
      vertex   8.473956e+00 1.105396e+01 2.433880e+00
    endloop
  endfacet
  facet normal -7.002166e-01 -5.372951e-01 4.701178e-01
    outer loop
      vertex   8.533927e+00 1.111393e+01 2.591744e+00
      vertex   8.473956e+00 1.105396e+01 2.433880e+00
      vertex   8.644909e+00 1.096929e+01 2.591744e+00
    endloop
  endfacet
  facet normal -7.002166e-01 -5.372951e-01 4.701178e-01
    outer loop
      vertex   8.644909e+00 1.096929e+01 2.591744e+00
      vertex   8.473956e+00 1.105396e+01 2.433880e+00
      vertex   8.571460e+00 1.092689e+01 2.433880e+00
    endloop
  endfacet
  facet normal -8.154195e-01 -3.377578e-01 4.701178e-01
    outer loop
      vertex   8.644909e+00 1.096929e+01 2.591744e+00
      vertex   8.571460e+00 1.092689e+01 2.433880e+00
      vertex   8.714676e+00 1.080086e+01 2.591744e+00
    endloop
  endfacet
  facet normal -8.154195e-01 -3.377578e-01 4.701178e-01
    outer loop
      vertex   8.714676e+00 1.080086e+01 2.591744e+00
      vertex   8.571460e+00 1.092689e+01 2.433880e+00
      vertex   8.632754e+00 1.077891e+01 2.433880e+00
    endloop
  endfacet
  facet normal -8.750529e-01 -1.152029e-01 4.701178e-01
    outer loop
      vertex   8.714676e+00 1.080086e+01 2.591744e+00
      vertex   8.632754e+00 1.077891e+01 2.433880e+00
      vertex   8.738472e+00 1.062011e+01 2.591744e+00
    endloop
  endfacet
  facet normal -8.750529e-01 -1.152029e-01 4.701178e-01
    outer loop
      vertex   8.738472e+00 1.062011e+01 2.591744e+00
      vertex   8.632754e+00 1.077891e+01 2.433880e+00
      vertex   8.653660e+00 1.062011e+01 2.433880e+00
    endloop
  endfacet
  facet normal -8.750529e-01 1.152029e-01 4.701178e-01
    outer loop
      vertex   8.738472e+00 1.062011e+01 2.591744e+00
      vertex   8.653660e+00 1.062011e+01 2.433880e+00
      vertex   8.714676e+00 1.043936e+01 2.591744e+00
    endloop
  endfacet
  facet normal -8.750529e-01 1.152029e-01 4.701178e-01
    outer loop
      vertex   8.714676e+00 1.043936e+01 2.591744e+00
      vertex   8.653660e+00 1.062011e+01 2.433880e+00
      vertex   8.632754e+00 1.046131e+01 2.433880e+00
    endloop
  endfacet
  facet normal -8.154195e-01 3.377578e-01 4.701178e-01
    outer loop
      vertex   8.714676e+00 1.043936e+01 2.591744e+00
      vertex   8.632754e+00 1.046131e+01 2.433880e+00
      vertex   8.644909e+00 1.027093e+01 2.591744e+00
    endloop
  endfacet
  facet normal -8.154195e-01 3.377578e-01 4.701178e-01
    outer loop
      vertex   8.644909e+00 1.027093e+01 2.591744e+00
      vertex   8.632754e+00 1.046131e+01 2.433880e+00
      vertex   8.571460e+00 1.031334e+01 2.433880e+00
    endloop
  endfacet
  facet normal -7.002166e-01 5.372951e-01 4.701178e-01
    outer loop
      vertex   8.644909e+00 1.027093e+01 2.591744e+00
      vertex   8.571460e+00 1.031334e+01 2.433880e+00
      vertex   8.533927e+00 1.012630e+01 2.591744e+00
    endloop
  endfacet
  facet normal -7.002166e-01 5.372951e-01 4.701178e-01
    outer loop
      vertex   8.533927e+00 1.012630e+01 2.591744e+00
      vertex   8.571460e+00 1.031334e+01 2.433880e+00
      vertex   8.473956e+00 1.018627e+01 2.433880e+00
    endloop
  endfacet
  facet normal -5.372951e-01 7.002166e-01 4.701178e-01
    outer loop
      vertex   8.533927e+00 1.012630e+01 2.591744e+00
      vertex   8.473956e+00 1.018627e+01 2.433880e+00
      vertex   8.389291e+00 1.001531e+01 2.591744e+00
    endloop
  endfacet
  facet normal -5.372951e-01 7.002166e-01 4.701178e-01
    outer loop
      vertex   8.389291e+00 1.001531e+01 2.591744e+00
      vertex   8.473956e+00 1.018627e+01 2.433880e+00
      vertex   8.346885e+00 1.008876e+01 2.433880e+00
    endloop
  endfacet
  facet normal -3.377578e-01 8.154195e-01 4.701178e-01
    outer loop
      vertex   8.389291e+00 1.001531e+01 2.591744e+00
      vertex   8.346885e+00 1.008876e+01 2.433880e+00
      vertex   8.220859e+00 9.945546e+00 2.591744e+00
    endloop
  endfacet
  facet normal -3.377578e-01 8.154195e-01 4.701178e-01
    outer loop
      vertex   8.220859e+00 9.945546e+00 2.591744e+00
      vertex   8.346885e+00 1.008876e+01 2.433880e+00
      vertex   8.198908e+00 1.002747e+01 2.433880e+00
    endloop
  endfacet
  facet normal -1.152029e-01 8.750529e-01 4.701178e-01
    outer loop
      vertex   8.220859e+00 9.945546e+00 2.591744e+00
      vertex   8.198908e+00 1.002747e+01 2.433880e+00
      vertex   8.040110e+00 9.921750e+00 2.591744e+00
    endloop
  endfacet
  facet normal -1.152029e-01 8.750529e-01 4.701178e-01
    outer loop
      vertex   8.040110e+00 9.921750e+00 2.591744e+00
      vertex   8.198908e+00 1.002747e+01 2.433880e+00
      vertex   8.040110e+00 1.000656e+01 2.433880e+00
    endloop
  endfacet
  facet normal 1.152029e-01 8.750529e-01 4.701178e-01
    outer loop
      vertex   8.040110e+00 9.921750e+00 2.591744e+00
      vertex   8.040110e+00 1.000656e+01 2.433880e+00
      vertex   7.859360e+00 9.945546e+00 2.591744e+00
    endloop
  endfacet
  facet normal 1.152029e-01 8.750529e-01 4.701178e-01
    outer loop
      vertex   7.859360e+00 9.945546e+00 2.591744e+00
      vertex   8.040110e+00 1.000656e+01 2.433880e+00
      vertex   7.881311e+00 1.002747e+01 2.433880e+00
    endloop
  endfacet
  facet normal 3.377578e-01 8.154195e-01 4.701178e-01
    outer loop
      vertex   7.859360e+00 9.945546e+00 2.591744e+00
      vertex   7.881311e+00 1.002747e+01 2.433880e+00
      vertex   7.690928e+00 1.001531e+01 2.591744e+00
    endloop
  endfacet
  facet normal 3.377578e-01 8.154195e-01 4.701178e-01
    outer loop
      vertex   7.690928e+00 1.001531e+01 2.591744e+00
      vertex   7.881311e+00 1.002747e+01 2.433880e+00
      vertex   7.733334e+00 1.008876e+01 2.433880e+00
    endloop
  endfacet
  facet normal 5.372951e-01 7.002166e-01 4.701178e-01
    outer loop
      vertex   7.690928e+00 1.001531e+01 2.591744e+00
      vertex   7.733334e+00 1.008876e+01 2.433880e+00
      vertex   7.546293e+00 1.012630e+01 2.591744e+00
    endloop
  endfacet
  facet normal 5.372951e-01 7.002166e-01 4.701178e-01
    outer loop
      vertex   7.546293e+00 1.012630e+01 2.591744e+00
      vertex   7.733334e+00 1.008876e+01 2.433880e+00
      vertex   7.606264e+00 1.018627e+01 2.433880e+00
    endloop
  endfacet
  facet normal 7.002166e-01 5.372951e-01 4.701178e-01
    outer loop
      vertex   7.546293e+00 1.012630e+01 2.591744e+00
      vertex   7.606264e+00 1.018627e+01 2.433880e+00
      vertex   7.435310e+00 1.027093e+01 2.591744e+00
    endloop
  endfacet
  facet normal 7.002166e-01 5.372951e-01 4.701178e-01
    outer loop
      vertex   7.435310e+00 1.027093e+01 2.591744e+00
      vertex   7.606264e+00 1.018627e+01 2.433880e+00
      vertex   7.508759e+00 1.031334e+01 2.433880e+00
    endloop
  endfacet
  facet normal 8.154195e-01 3.377578e-01 4.701178e-01
    outer loop
      vertex   7.435310e+00 1.027093e+01 2.591744e+00
      vertex   7.508759e+00 1.031334e+01 2.433880e+00
      vertex   7.365543e+00 1.043936e+01 2.591744e+00
    endloop
  endfacet
  facet normal 8.154195e-01 3.377578e-01 4.701178e-01
    outer loop
      vertex   7.365543e+00 1.043936e+01 2.591744e+00
      vertex   7.508759e+00 1.031334e+01 2.433880e+00
      vertex   7.447465e+00 1.046131e+01 2.433880e+00
    endloop
  endfacet
  facet normal 8.750529e-01 1.152029e-01 4.701178e-01
    outer loop
      vertex   7.365543e+00 1.043936e+01 2.591744e+00
      vertex   7.447465e+00 1.046131e+01 2.433880e+00
      vertex   7.341747e+00 1.062011e+01 2.591744e+00
    endloop
  endfacet
  facet normal 8.750529e-01 1.152029e-01 4.701178e-01
    outer loop
      vertex   7.341747e+00 1.062011e+01 2.591744e+00
      vertex   7.447465e+00 1.046131e+01 2.433880e+00
      vertex   7.426559e+00 1.062011e+01 2.433880e+00
    endloop
  endfacet
  facet normal 7.399628e-01 -9.741795e-02 6.655560e-01
    outer loop
      vertex   7.426559e+00 1.062011e+01 2.433880e+00
      vertex   7.546399e+00 1.062011e+01 2.300642e+00
      vertex   7.447465e+00 1.077891e+01 2.433880e+00
    endloop
  endfacet
  facet normal 7.399628e-01 -9.741795e-02 6.655560e-01
    outer loop
      vertex   7.447465e+00 1.077891e+01 2.433880e+00
      vertex   7.546399e+00 1.062011e+01 2.300642e+00
      vertex   7.563222e+00 1.074789e+01 2.300642e+00
    endloop
  endfacet
  facet normal 6.895355e-01 -2.856150e-01 6.655560e-01
    outer loop
      vertex   7.447465e+00 1.077891e+01 2.433880e+00
      vertex   7.563222e+00 1.074789e+01 2.300642e+00
      vertex   7.508759e+00 1.092689e+01 2.433880e+00
    endloop
  endfacet
  facet normal 6.895355e-01 -2.856150e-01 6.655560e-01
    outer loop
      vertex   7.508759e+00 1.092689e+01 2.433880e+00
      vertex   7.563222e+00 1.074789e+01 2.300642e+00
      vertex   7.612544e+00 1.086697e+01 2.300642e+00
    endloop
  endfacet
  facet normal 5.921176e-01 -4.543478e-01 6.655560e-01
    outer loop
      vertex   7.508759e+00 1.092689e+01 2.433880e+00
      vertex   7.612544e+00 1.086697e+01 2.300642e+00
      vertex   7.606264e+00 1.105396e+01 2.433880e+00
    endloop
  endfacet
  facet normal 5.921176e-01 -4.543478e-01 6.655560e-01
    outer loop
      vertex   7.606264e+00 1.105396e+01 2.433880e+00
      vertex   7.612544e+00 1.086697e+01 2.300642e+00
      vertex   7.691004e+00 1.096922e+01 2.300642e+00
    endloop
  endfacet
  facet normal 4.543478e-01 -5.921176e-01 6.655560e-01
    outer loop
      vertex   7.606264e+00 1.105396e+01 2.433880e+00
      vertex   7.691004e+00 1.096922e+01 2.300642e+00
      vertex   7.733334e+00 1.115146e+01 2.433880e+00
    endloop
  endfacet
  facet normal 4.543478e-01 -5.921176e-01 6.655560e-01
    outer loop
      vertex   7.733334e+00 1.115146e+01 2.433880e+00
      vertex   7.691004e+00 1.096922e+01 2.300642e+00
      vertex   7.793254e+00 1.104768e+01 2.300642e+00
    endloop
  endfacet
  facet normal 2.856150e-01 -6.895355e-01 6.655560e-01
    outer loop
      vertex   7.733334e+00 1.115146e+01 2.433880e+00
      vertex   7.793254e+00 1.104768e+01 2.300642e+00
      vertex   7.881311e+00 1.121276e+01 2.433880e+00
    endloop
  endfacet
  facet normal 2.856150e-01 -6.895355e-01 6.655560e-01
    outer loop
      vertex   7.881311e+00 1.121276e+01 2.433880e+00
      vertex   7.793254e+00 1.104768e+01 2.300642e+00
      vertex   7.912328e+00 1.109700e+01 2.300642e+00
    endloop
  endfacet
  facet normal 9.741795e-02 -7.399628e-01 6.655560e-01
    outer loop
      vertex   7.881311e+00 1.121276e+01 2.433880e+00
      vertex   7.912328e+00 1.109700e+01 2.300642e+00
      vertex   8.040110e+00 1.123366e+01 2.433880e+00
    endloop
  endfacet
  facet normal 9.741795e-02 -7.399628e-01 6.655560e-01
    outer loop
      vertex   8.040110e+00 1.123366e+01 2.433880e+00
      vertex   7.912328e+00 1.109700e+01 2.300642e+00
      vertex   8.040110e+00 1.111382e+01 2.300642e+00
    endloop
  endfacet
  facet normal -9.741795e-02 -7.399628e-01 6.655560e-01
    outer loop
      vertex   8.040110e+00 1.123366e+01 2.433880e+00
      vertex   8.040110e+00 1.111382e+01 2.300642e+00
      vertex   8.198908e+00 1.121276e+01 2.433880e+00
    endloop
  endfacet
  facet normal -9.741795e-02 -7.399628e-01 6.655560e-01
    outer loop
      vertex   8.198908e+00 1.121276e+01 2.433880e+00
      vertex   8.040110e+00 1.111382e+01 2.300642e+00
      vertex   8.167891e+00 1.109700e+01 2.300642e+00
    endloop
  endfacet
  facet normal -2.856150e-01 -6.895355e-01 6.655560e-01
    outer loop
      vertex   8.198908e+00 1.121276e+01 2.433880e+00
      vertex   8.167891e+00 1.109700e+01 2.300642e+00
      vertex   8.346885e+00 1.115146e+01 2.433880e+00
    endloop
  endfacet
  facet normal -2.856150e-01 -6.895355e-01 6.655560e-01
    outer loop
      vertex   8.346885e+00 1.115146e+01 2.433880e+00
      vertex   8.167891e+00 1.109700e+01 2.300642e+00
      vertex   8.286965e+00 1.104768e+01 2.300642e+00
    endloop
  endfacet
  facet normal -4.543478e-01 -5.921176e-01 6.655560e-01
    outer loop
      vertex   8.346885e+00 1.115146e+01 2.433880e+00
      vertex   8.286965e+00 1.104768e+01 2.300642e+00
      vertex   8.473956e+00 1.105396e+01 2.433880e+00
    endloop
  endfacet
  facet normal -4.543478e-01 -5.921176e-01 6.655560e-01
    outer loop
      vertex   8.473956e+00 1.105396e+01 2.433880e+00
      vertex   8.286965e+00 1.104768e+01 2.300642e+00
      vertex   8.389216e+00 1.096922e+01 2.300642e+00
    endloop
  endfacet
  facet normal -5.921176e-01 -4.543478e-01 6.655560e-01
    outer loop
      vertex   8.473956e+00 1.105396e+01 2.433880e+00
      vertex   8.389216e+00 1.096922e+01 2.300642e+00
      vertex   8.571460e+00 1.092689e+01 2.433880e+00
    endloop
  endfacet
  facet normal -5.921176e-01 -4.543478e-01 6.655560e-01
    outer loop
      vertex   8.571460e+00 1.092689e+01 2.433880e+00
      vertex   8.389216e+00 1.096922e+01 2.300642e+00
      vertex   8.467675e+00 1.086697e+01 2.300642e+00
    endloop
  endfacet
  facet normal -6.895355e-01 -2.856150e-01 6.655560e-01
    outer loop
      vertex   8.571460e+00 1.092689e+01 2.433880e+00
      vertex   8.467675e+00 1.086697e+01 2.300642e+00
      vertex   8.632754e+00 1.077891e+01 2.433880e+00
    endloop
  endfacet
  facet normal -6.895355e-01 -2.856150e-01 6.655560e-01
    outer loop
      vertex   8.632754e+00 1.077891e+01 2.433880e+00
      vertex   8.467675e+00 1.086697e+01 2.300642e+00
      vertex   8.516997e+00 1.074789e+01 2.300642e+00
    endloop
  endfacet
  facet normal -7.399628e-01 -9.741795e-02 6.655560e-01
    outer loop
      vertex   8.632754e+00 1.077891e+01 2.433880e+00
      vertex   8.516997e+00 1.074789e+01 2.300642e+00
      vertex   8.653660e+00 1.062011e+01 2.433880e+00
    endloop
  endfacet
  facet normal -7.399628e-01 -9.741795e-02 6.655560e-01
    outer loop
      vertex   8.653660e+00 1.062011e+01 2.433880e+00
      vertex   8.516997e+00 1.074789e+01 2.300642e+00
      vertex   8.533820e+00 1.062011e+01 2.300642e+00
    endloop
  endfacet
  facet normal -7.399628e-01 9.741795e-02 6.655560e-01
    outer loop
      vertex   8.653660e+00 1.062011e+01 2.433880e+00
      vertex   8.533820e+00 1.062011e+01 2.300642e+00
      vertex   8.632754e+00 1.046131e+01 2.433880e+00
    endloop
  endfacet
  facet normal -7.399628e-01 9.741795e-02 6.655560e-01
    outer loop
      vertex   8.632754e+00 1.046131e+01 2.433880e+00
      vertex   8.533820e+00 1.062011e+01 2.300642e+00
      vertex   8.516997e+00 1.049233e+01 2.300642e+00
    endloop
  endfacet
  facet normal -6.895355e-01 2.856150e-01 6.655560e-01
    outer loop
      vertex   8.632754e+00 1.046131e+01 2.433880e+00
      vertex   8.516997e+00 1.049233e+01 2.300642e+00
      vertex   8.571460e+00 1.031334e+01 2.433880e+00
    endloop
  endfacet
  facet normal -6.895355e-01 2.856150e-01 6.655560e-01
    outer loop
      vertex   8.571460e+00 1.031334e+01 2.433880e+00
      vertex   8.516997e+00 1.049233e+01 2.300642e+00
      vertex   8.467675e+00 1.037326e+01 2.300642e+00
    endloop
  endfacet
  facet normal -5.921176e-01 4.543478e-01 6.655560e-01
    outer loop
      vertex   8.571460e+00 1.031334e+01 2.433880e+00
      vertex   8.467675e+00 1.037326e+01 2.300642e+00
      vertex   8.473956e+00 1.018627e+01 2.433880e+00
    endloop
  endfacet
  facet normal -5.921176e-01 4.543478e-01 6.655560e-01
    outer loop
      vertex   8.473956e+00 1.018627e+01 2.433880e+00
      vertex   8.467675e+00 1.037326e+01 2.300642e+00
      vertex   8.389216e+00 1.027101e+01 2.300642e+00
    endloop
  endfacet
  facet normal -4.543478e-01 5.921176e-01 6.655560e-01
    outer loop
      vertex   8.473956e+00 1.018627e+01 2.433880e+00
      vertex   8.389216e+00 1.027101e+01 2.300642e+00
      vertex   8.346885e+00 1.008876e+01 2.433880e+00
    endloop
  endfacet
  facet normal -4.543478e-01 5.921176e-01 6.655560e-01
    outer loop
      vertex   8.346885e+00 1.008876e+01 2.433880e+00
      vertex   8.389216e+00 1.027101e+01 2.300642e+00
      vertex   8.286965e+00 1.019255e+01 2.300642e+00
    endloop
  endfacet
  facet normal -2.856150e-01 6.895355e-01 6.655560e-01
    outer loop
      vertex   8.346885e+00 1.008876e+01 2.433880e+00
      vertex   8.286965e+00 1.019255e+01 2.300642e+00
      vertex   8.198908e+00 1.002747e+01 2.433880e+00
    endloop
  endfacet
  facet normal -2.856150e-01 6.895355e-01 6.655560e-01
    outer loop
      vertex   8.198908e+00 1.002747e+01 2.433880e+00
      vertex   8.286965e+00 1.019255e+01 2.300642e+00
      vertex   8.167891e+00 1.014322e+01 2.300642e+00
    endloop
  endfacet
  facet normal -9.741795e-02 7.399628e-01 6.655560e-01
    outer loop
      vertex   8.198908e+00 1.002747e+01 2.433880e+00
      vertex   8.167891e+00 1.014322e+01 2.300642e+00
      vertex   8.040110e+00 1.000656e+01 2.433880e+00
    endloop
  endfacet
  facet normal -9.741795e-02 7.399628e-01 6.655560e-01
    outer loop
      vertex   8.040110e+00 1.000656e+01 2.433880e+00
      vertex   8.167891e+00 1.014322e+01 2.300642e+00
      vertex   8.040110e+00 1.012640e+01 2.300642e+00
    endloop
  endfacet
  facet normal 9.741795e-02 7.399628e-01 6.655560e-01
    outer loop
      vertex   8.040110e+00 1.000656e+01 2.433880e+00
      vertex   8.040110e+00 1.012640e+01 2.300642e+00
      vertex   7.881311e+00 1.002747e+01 2.433880e+00
    endloop
  endfacet
  facet normal 9.741795e-02 7.399628e-01 6.655560e-01
    outer loop
      vertex   7.881311e+00 1.002747e+01 2.433880e+00
      vertex   8.040110e+00 1.012640e+01 2.300642e+00
      vertex   7.912328e+00 1.014322e+01 2.300642e+00
    endloop
  endfacet
  facet normal 2.856150e-01 6.895355e-01 6.655560e-01
    outer loop
      vertex   7.881311e+00 1.002747e+01 2.433880e+00
      vertex   7.912328e+00 1.014322e+01 2.300642e+00
      vertex   7.733334e+00 1.008876e+01 2.433880e+00
    endloop
  endfacet
  facet normal 2.856150e-01 6.895355e-01 6.655560e-01
    outer loop
      vertex   7.733334e+00 1.008876e+01 2.433880e+00
      vertex   7.912328e+00 1.014322e+01 2.300642e+00
      vertex   7.793254e+00 1.019255e+01 2.300642e+00
    endloop
  endfacet
  facet normal 4.543478e-01 5.921176e-01 6.655560e-01
    outer loop
      vertex   7.733334e+00 1.008876e+01 2.433880e+00
      vertex   7.793254e+00 1.019255e+01 2.300642e+00
      vertex   7.606264e+00 1.018627e+01 2.433880e+00
    endloop
  endfacet
  facet normal 4.543478e-01 5.921176e-01 6.655560e-01
    outer loop
      vertex   7.606264e+00 1.018627e+01 2.433880e+00
      vertex   7.793254e+00 1.019255e+01 2.300642e+00
      vertex   7.691004e+00 1.027101e+01 2.300642e+00
    endloop
  endfacet
  facet normal 5.921176e-01 4.543478e-01 6.655560e-01
    outer loop
      vertex   7.606264e+00 1.018627e+01 2.433880e+00
      vertex   7.691004e+00 1.027101e+01 2.300642e+00
      vertex   7.508759e+00 1.031334e+01 2.433880e+00
    endloop
  endfacet
  facet normal 5.921176e-01 4.543478e-01 6.655560e-01
    outer loop
      vertex   7.508759e+00 1.031334e+01 2.433880e+00
      vertex   7.691004e+00 1.027101e+01 2.300642e+00
      vertex   7.612544e+00 1.037326e+01 2.300642e+00
    endloop
  endfacet
  facet normal 6.895355e-01 2.856150e-01 6.655560e-01
    outer loop
      vertex   7.508759e+00 1.031334e+01 2.433880e+00
      vertex   7.612544e+00 1.037326e+01 2.300642e+00
      vertex   7.447465e+00 1.046131e+01 2.433880e+00
    endloop
  endfacet
  facet normal 6.895355e-01 2.856150e-01 6.655560e-01
    outer loop
      vertex   7.447465e+00 1.046131e+01 2.433880e+00
      vertex   7.612544e+00 1.037326e+01 2.300642e+00
      vertex   7.563222e+00 1.049233e+01 2.300642e+00
    endloop
  endfacet
  facet normal 7.399628e-01 9.741795e-02 6.655560e-01
    outer loop
      vertex   7.447465e+00 1.046131e+01 2.433880e+00
      vertex   7.563222e+00 1.049233e+01 2.300642e+00
      vertex   7.426559e+00 1.062011e+01 2.433880e+00
    endloop
  endfacet
  facet normal 7.399628e-01 9.741795e-02 6.655560e-01
    outer loop
      vertex   7.426559e+00 1.062011e+01 2.433880e+00
      vertex   7.563222e+00 1.049233e+01 2.300642e+00
      vertex   7.546399e+00 1.062011e+01 2.300642e+00
    endloop
  endfacet
  facet normal 5.620873e-01 -7.400020e-02 8.237608e-01
    outer loop
      vertex   7.546399e+00 1.062011e+01 2.300642e+00
      vertex   7.694426e+00 1.062011e+01 2.199637e+00
      vertex   7.563222e+00 1.074789e+01 2.300642e+00
    endloop
  endfacet
  facet normal 5.620873e-01 -7.400020e-02 8.237608e-01
    outer loop
      vertex   7.563222e+00 1.074789e+01 2.300642e+00
      vertex   7.694426e+00 1.062011e+01 2.199637e+00
      vertex   7.706205e+00 1.070958e+01 2.199637e+00
    endloop
  endfacet
  facet normal 5.237820e-01 -2.169576e-01 8.237608e-01
    outer loop
      vertex   7.563222e+00 1.074789e+01 2.300642e+00
      vertex   7.706205e+00 1.070958e+01 2.199637e+00
      vertex   7.612544e+00 1.086697e+01 2.300642e+00
    endloop
  endfacet
  facet normal 5.237820e-01 -2.169576e-01 8.237608e-01
    outer loop
      vertex   7.612544e+00 1.086697e+01 2.300642e+00
      vertex   7.706205e+00 1.070958e+01 2.199637e+00
      vertex   7.740739e+00 1.079295e+01 2.199637e+00
    endloop
  endfacet
  facet normal 4.497818e-01 -3.451297e-01 8.237608e-01
    outer loop
      vertex   7.612544e+00 1.086697e+01 2.300642e+00
      vertex   7.740739e+00 1.079295e+01 2.199637e+00
      vertex   7.691004e+00 1.096922e+01 2.300642e+00
    endloop
  endfacet
  facet normal 4.497818e-01 -3.451297e-01 8.237608e-01
    outer loop
      vertex   7.691004e+00 1.096922e+01 2.300642e+00
      vertex   7.740739e+00 1.079295e+01 2.199637e+00
      vertex   7.795675e+00 1.086455e+01 2.199637e+00
    endloop
  endfacet
  facet normal 3.451297e-01 -4.497818e-01 8.237608e-01
    outer loop
      vertex   7.691004e+00 1.096922e+01 2.300642e+00
      vertex   7.795675e+00 1.086455e+01 2.199637e+00
      vertex   7.793254e+00 1.104768e+01 2.300642e+00
    endloop
  endfacet
  facet normal 3.451297e-01 -4.497818e-01 8.237608e-01
    outer loop
      vertex   7.793254e+00 1.104768e+01 2.300642e+00
      vertex   7.795675e+00 1.086455e+01 2.199637e+00
      vertex   7.867268e+00 1.091948e+01 2.199637e+00
    endloop
  endfacet
  facet normal 2.169576e-01 -5.237820e-01 8.237608e-01
    outer loop
      vertex   7.793254e+00 1.104768e+01 2.300642e+00
      vertex   7.867268e+00 1.091948e+01 2.199637e+00
      vertex   7.912328e+00 1.109700e+01 2.300642e+00
    endloop
  endfacet
  facet normal 2.169576e-01 -5.237820e-01 8.237608e-01
    outer loop
      vertex   7.912328e+00 1.109700e+01 2.300642e+00
      vertex   7.867268e+00 1.091948e+01 2.199637e+00
      vertex   7.950640e+00 1.095402e+01 2.199637e+00
    endloop
  endfacet
  facet normal 7.400020e-02 -5.620873e-01 8.237608e-01
    outer loop
      vertex   7.912328e+00 1.109700e+01 2.300642e+00
      vertex   7.950640e+00 1.095402e+01 2.199637e+00
      vertex   8.040110e+00 1.111382e+01 2.300642e+00
    endloop
  endfacet
  facet normal 7.400020e-02 -5.620873e-01 8.237608e-01
    outer loop
      vertex   8.040110e+00 1.111382e+01 2.300642e+00
      vertex   7.950640e+00 1.095402e+01 2.199637e+00
      vertex   8.040110e+00 1.096580e+01 2.199637e+00
    endloop
  endfacet
  facet normal -7.400020e-02 -5.620873e-01 8.237608e-01
    outer loop
      vertex   8.040110e+00 1.111382e+01 2.300642e+00
      vertex   8.040110e+00 1.096580e+01 2.199637e+00
      vertex   8.167891e+00 1.109700e+01 2.300642e+00
    endloop
  endfacet
  facet normal -7.400020e-02 -5.620873e-01 8.237608e-01
    outer loop
      vertex   8.167891e+00 1.109700e+01 2.300642e+00
      vertex   8.040110e+00 1.096580e+01 2.199637e+00
      vertex   8.129579e+00 1.095402e+01 2.199637e+00
    endloop
  endfacet
  facet normal -2.169576e-01 -5.237820e-01 8.237608e-01
    outer loop
      vertex   8.167891e+00 1.109700e+01 2.300642e+00
      vertex   8.129579e+00 1.095402e+01 2.199637e+00
      vertex   8.286965e+00 1.104768e+01 2.300642e+00
    endloop
  endfacet
  facet normal -2.169576e-01 -5.237820e-01 8.237608e-01
    outer loop
      vertex   8.286965e+00 1.104768e+01 2.300642e+00
      vertex   8.129579e+00 1.095402e+01 2.199637e+00
      vertex   8.212951e+00 1.091948e+01 2.199637e+00
    endloop
  endfacet
  facet normal -3.451297e-01 -4.497818e-01 8.237608e-01
    outer loop
      vertex   8.286965e+00 1.104768e+01 2.300642e+00
      vertex   8.212951e+00 1.091948e+01 2.199637e+00
      vertex   8.389216e+00 1.096922e+01 2.300642e+00
    endloop
  endfacet
  facet normal -3.451297e-01 -4.497818e-01 8.237608e-01
    outer loop
      vertex   8.389216e+00 1.096922e+01 2.300642e+00
      vertex   8.212951e+00 1.091948e+01 2.199637e+00
      vertex   8.284545e+00 1.086455e+01 2.199637e+00
    endloop
  endfacet
  facet normal -4.497818e-01 -3.451297e-01 8.237608e-01
    outer loop
      vertex   8.389216e+00 1.096922e+01 2.300642e+00
      vertex   8.284545e+00 1.086455e+01 2.199637e+00
      vertex   8.467675e+00 1.086697e+01 2.300642e+00
    endloop
  endfacet
  facet normal -4.497818e-01 -3.451297e-01 8.237608e-01
    outer loop
      vertex   8.467675e+00 1.086697e+01 2.300642e+00
      vertex   8.284545e+00 1.086455e+01 2.199637e+00
      vertex   8.339480e+00 1.079295e+01 2.199637e+00
    endloop
  endfacet
  facet normal -5.237820e-01 -2.169576e-01 8.237608e-01
    outer loop
      vertex   8.467675e+00 1.086697e+01 2.300642e+00
      vertex   8.339480e+00 1.079295e+01 2.199637e+00
      vertex   8.516997e+00 1.074789e+01 2.300642e+00
    endloop
  endfacet
  facet normal -5.237820e-01 -2.169576e-01 8.237608e-01
    outer loop
      vertex   8.516997e+00 1.074789e+01 2.300642e+00
      vertex   8.339480e+00 1.079295e+01 2.199637e+00
      vertex   8.374014e+00 1.070958e+01 2.199637e+00
    endloop
  endfacet
  facet normal -5.620873e-01 -7.400020e-02 8.237608e-01
    outer loop
      vertex   8.516997e+00 1.074789e+01 2.300642e+00
      vertex   8.374014e+00 1.070958e+01 2.199637e+00
      vertex   8.533820e+00 1.062011e+01 2.300642e+00
    endloop
  endfacet
  facet normal -5.620873e-01 -7.400020e-02 8.237608e-01
    outer loop
      vertex   8.533820e+00 1.062011e+01 2.300642e+00
      vertex   8.374014e+00 1.070958e+01 2.199637e+00
      vertex   8.385793e+00 1.062011e+01 2.199637e+00
    endloop
  endfacet
  facet normal -5.620873e-01 7.400020e-02 8.237608e-01
    outer loop
      vertex   8.533820e+00 1.062011e+01 2.300642e+00
      vertex   8.385793e+00 1.062011e+01 2.199637e+00
      vertex   8.516997e+00 1.049233e+01 2.300642e+00
    endloop
  endfacet
  facet normal -5.620873e-01 7.400020e-02 8.237608e-01
    outer loop
      vertex   8.516997e+00 1.049233e+01 2.300642e+00
      vertex   8.385793e+00 1.062011e+01 2.199637e+00
      vertex   8.374014e+00 1.053064e+01 2.199637e+00
    endloop
  endfacet
  facet normal -5.237820e-01 2.169576e-01 8.237608e-01
    outer loop
      vertex   8.516997e+00 1.049233e+01 2.300642e+00
      vertex   8.374014e+00 1.053064e+01 2.199637e+00
      vertex   8.467675e+00 1.037326e+01 2.300642e+00
    endloop
  endfacet
  facet normal -5.237820e-01 2.169576e-01 8.237608e-01
    outer loop
      vertex   8.467675e+00 1.037326e+01 2.300642e+00
      vertex   8.374014e+00 1.053064e+01 2.199637e+00
      vertex   8.339480e+00 1.044727e+01 2.199637e+00
    endloop
  endfacet
  facet normal -4.497818e-01 3.451297e-01 8.237608e-01
    outer loop
      vertex   8.467675e+00 1.037326e+01 2.300642e+00
      vertex   8.339480e+00 1.044727e+01 2.199637e+00
      vertex   8.389216e+00 1.027101e+01 2.300642e+00
    endloop
  endfacet
  facet normal -4.497818e-01 3.451297e-01 8.237608e-01
    outer loop
      vertex   8.389216e+00 1.027101e+01 2.300642e+00
      vertex   8.339480e+00 1.044727e+01 2.199637e+00
      vertex   8.284545e+00 1.037568e+01 2.199637e+00
    endloop
  endfacet
  facet normal -3.451297e-01 4.497818e-01 8.237608e-01
    outer loop
      vertex   8.389216e+00 1.027101e+01 2.300642e+00
      vertex   8.284545e+00 1.037568e+01 2.199637e+00
      vertex   8.286965e+00 1.019255e+01 2.300642e+00
    endloop
  endfacet
  facet normal -3.451297e-01 4.497818e-01 8.237608e-01
    outer loop
      vertex   8.286965e+00 1.019255e+01 2.300642e+00
      vertex   8.284545e+00 1.037568e+01 2.199637e+00
      vertex   8.212951e+00 1.032074e+01 2.199637e+00
    endloop
  endfacet
  facet normal -2.169576e-01 5.237820e-01 8.237608e-01
    outer loop
      vertex   8.286965e+00 1.019255e+01 2.300642e+00
      vertex   8.212951e+00 1.032074e+01 2.199637e+00
      vertex   8.167891e+00 1.014322e+01 2.300642e+00
    endloop
  endfacet
  facet normal -2.169576e-01 5.237820e-01 8.237608e-01
    outer loop
      vertex   8.167891e+00 1.014322e+01 2.300642e+00
      vertex   8.212951e+00 1.032074e+01 2.199637e+00
      vertex   8.129579e+00 1.028621e+01 2.199637e+00
    endloop
  endfacet
  facet normal -7.400020e-02 5.620873e-01 8.237608e-01
    outer loop
      vertex   8.167891e+00 1.014322e+01 2.300642e+00
      vertex   8.129579e+00 1.028621e+01 2.199637e+00
      vertex   8.040110e+00 1.012640e+01 2.300642e+00
    endloop
  endfacet
  facet normal -7.400020e-02 5.620873e-01 8.237608e-01
    outer loop
      vertex   8.040110e+00 1.012640e+01 2.300642e+00
      vertex   8.129579e+00 1.028621e+01 2.199637e+00
      vertex   8.040110e+00 1.027443e+01 2.199637e+00
    endloop
  endfacet
  facet normal 7.400020e-02 5.620873e-01 8.237608e-01
    outer loop
      vertex   8.040110e+00 1.012640e+01 2.300642e+00
      vertex   8.040110e+00 1.027443e+01 2.199637e+00
      vertex   7.912328e+00 1.014322e+01 2.300642e+00
    endloop
  endfacet
  facet normal 7.400020e-02 5.620873e-01 8.237608e-01
    outer loop
      vertex   7.912328e+00 1.014322e+01 2.300642e+00
      vertex   8.040110e+00 1.027443e+01 2.199637e+00
      vertex   7.950640e+00 1.028621e+01 2.199637e+00
    endloop
  endfacet
  facet normal 2.169576e-01 5.237820e-01 8.237608e-01
    outer loop
      vertex   7.912328e+00 1.014322e+01 2.300642e+00
      vertex   7.950640e+00 1.028621e+01 2.199637e+00
      vertex   7.793254e+00 1.019255e+01 2.300642e+00
    endloop
  endfacet
  facet normal 2.169576e-01 5.237820e-01 8.237608e-01
    outer loop
      vertex   7.793254e+00 1.019255e+01 2.300642e+00
      vertex   7.950640e+00 1.028621e+01 2.199637e+00
      vertex   7.867268e+00 1.032074e+01 2.199637e+00
    endloop
  endfacet
  facet normal 3.451297e-01 4.497818e-01 8.237608e-01
    outer loop
      vertex   7.793254e+00 1.019255e+01 2.300642e+00
      vertex   7.867268e+00 1.032074e+01 2.199637e+00
      vertex   7.691004e+00 1.027101e+01 2.300642e+00
    endloop
  endfacet
  facet normal 3.451297e-01 4.497818e-01 8.237608e-01
    outer loop
      vertex   7.691004e+00 1.027101e+01 2.300642e+00
      vertex   7.867268e+00 1.032074e+01 2.199637e+00
      vertex   7.795675e+00 1.037568e+01 2.199637e+00
    endloop
  endfacet
  facet normal 4.497818e-01 3.451297e-01 8.237608e-01
    outer loop
      vertex   7.691004e+00 1.027101e+01 2.300642e+00
      vertex   7.795675e+00 1.037568e+01 2.199637e+00
      vertex   7.612544e+00 1.037326e+01 2.300642e+00
    endloop
  endfacet
  facet normal 4.497818e-01 3.451297e-01 8.237608e-01
    outer loop
      vertex   7.612544e+00 1.037326e+01 2.300642e+00
      vertex   7.795675e+00 1.037568e+01 2.199637e+00
      vertex   7.740739e+00 1.044727e+01 2.199637e+00
    endloop
  endfacet
  facet normal 5.237820e-01 2.169576e-01 8.237608e-01
    outer loop
      vertex   7.612544e+00 1.037326e+01 2.300642e+00
      vertex   7.740739e+00 1.044727e+01 2.199637e+00
      vertex   7.563222e+00 1.049233e+01 2.300642e+00
    endloop
  endfacet
  facet normal 5.237820e-01 2.169576e-01 8.237608e-01
    outer loop
      vertex   7.563222e+00 1.049233e+01 2.300642e+00
      vertex   7.740739e+00 1.044727e+01 2.199637e+00
      vertex   7.706205e+00 1.053064e+01 2.199637e+00
    endloop
  endfacet
  facet normal 5.620873e-01 7.400020e-02 8.237608e-01
    outer loop
      vertex   7.563222e+00 1.049233e+01 2.300642e+00
      vertex   7.706205e+00 1.053064e+01 2.199637e+00
      vertex   7.546399e+00 1.062011e+01 2.300642e+00
    endloop
  endfacet
  facet normal 5.620873e-01 7.400020e-02 8.237608e-01
    outer loop
      vertex   7.546399e+00 1.062011e+01 2.300642e+00
      vertex   7.706205e+00 1.053064e+01 2.199637e+00
      vertex   7.694426e+00 1.062011e+01 2.199637e+00
    endloop
  endfacet
  facet normal 3.512113e-01 -4.623785e-02 9.351538e-01
    outer loop
      vertex   7.694426e+00 1.062011e+01 2.199637e+00
      vertex   7.862189e+00 1.062011e+01 2.136631e+00
      vertex   7.706205e+00 1.070958e+01 2.199637e+00
    endloop
  endfacet
  facet normal 3.512113e-01 -4.623785e-02 9.351538e-01
    outer loop
      vertex   7.706205e+00 1.070958e+01 2.199637e+00
      vertex   7.862189e+00 1.062011e+01 2.136631e+00
      vertex   7.868252e+00 1.066616e+01 2.136631e+00
    endloop
  endfacet
  facet normal 3.272769e-01 -1.355625e-01 9.351538e-01
    outer loop
      vertex   7.706205e+00 1.070958e+01 2.199637e+00
      vertex   7.868252e+00 1.066616e+01 2.136631e+00
      vertex   7.740739e+00 1.079295e+01 2.199637e+00
    endloop
  endfacet
  facet normal 3.272769e-01 -1.355625e-01 9.351538e-01
    outer loop
      vertex   7.740739e+00 1.079295e+01 2.199637e+00
      vertex   7.868252e+00 1.066616e+01 2.136631e+00
      vertex   7.886026e+00 1.070907e+01 2.136631e+00
    endloop
  endfacet
  facet normal 2.810390e-01 -2.156488e-01 9.351538e-01
    outer loop
      vertex   7.740739e+00 1.079295e+01 2.199637e+00
      vertex   7.886026e+00 1.070907e+01 2.136631e+00
      vertex   7.795675e+00 1.086455e+01 2.199637e+00
    endloop
  endfacet
  facet normal 2.810390e-01 -2.156488e-01 9.351538e-01
    outer loop
      vertex   7.795675e+00 1.086455e+01 2.199637e+00
      vertex   7.886026e+00 1.070907e+01 2.136631e+00
      vertex   7.914301e+00 1.074592e+01 2.136631e+00
    endloop
  endfacet
  facet normal 2.156488e-01 -2.810390e-01 9.351538e-01
    outer loop
      vertex   7.795675e+00 1.086455e+01 2.199637e+00
      vertex   7.914301e+00 1.074592e+01 2.136631e+00
      vertex   7.867268e+00 1.091948e+01 2.199637e+00
    endloop
  endfacet
  facet normal 2.156488e-01 -2.810390e-01 9.351538e-01
    outer loop
      vertex   7.867268e+00 1.091948e+01 2.199637e+00
      vertex   7.914301e+00 1.074592e+01 2.136631e+00
      vertex   7.951149e+00 1.077420e+01 2.136631e+00
    endloop
  endfacet
  facet normal 1.355625e-01 -3.272769e-01 9.351538e-01
    outer loop
      vertex   7.867268e+00 1.091948e+01 2.199637e+00
      vertex   7.951149e+00 1.077420e+01 2.136631e+00
      vertex   7.950640e+00 1.095402e+01 2.199637e+00
    endloop
  endfacet
  facet normal 1.355625e-01 -3.272769e-01 9.351538e-01
    outer loop
      vertex   7.950640e+00 1.095402e+01 2.199637e+00
      vertex   7.951149e+00 1.077420e+01 2.136631e+00
      vertex   7.994060e+00 1.079197e+01 2.136631e+00
    endloop
  endfacet
  facet normal 4.623785e-02 -3.512113e-01 9.351538e-01
    outer loop
      vertex   7.950640e+00 1.095402e+01 2.199637e+00
      vertex   7.994060e+00 1.079197e+01 2.136631e+00
      vertex   8.040110e+00 1.096580e+01 2.199637e+00
    endloop
  endfacet
  facet normal 4.623785e-02 -3.512113e-01 9.351538e-01
    outer loop
      vertex   8.040110e+00 1.096580e+01 2.199637e+00
      vertex   7.994060e+00 1.079197e+01 2.136631e+00
      vertex   8.040110e+00 1.079803e+01 2.136631e+00
    endloop
  endfacet
  facet normal -4.623785e-02 -3.512113e-01 9.351538e-01
    outer loop
      vertex   8.040110e+00 1.096580e+01 2.199637e+00
      vertex   8.040110e+00 1.079803e+01 2.136631e+00
      vertex   8.129579e+00 1.095402e+01 2.199637e+00
    endloop
  endfacet
  facet normal -4.623785e-02 -3.512113e-01 9.351538e-01
    outer loop
      vertex   8.129579e+00 1.095402e+01 2.199637e+00
      vertex   8.040110e+00 1.079803e+01 2.136631e+00
      vertex   8.086159e+00 1.079197e+01 2.136631e+00
    endloop
  endfacet
  facet normal -1.355625e-01 -3.272769e-01 9.351538e-01
    outer loop
      vertex   8.129579e+00 1.095402e+01 2.199637e+00
      vertex   8.086159e+00 1.079197e+01 2.136631e+00
      vertex   8.212951e+00 1.091948e+01 2.199637e+00
    endloop
  endfacet
  facet normal -1.355625e-01 -3.272769e-01 9.351538e-01
    outer loop
      vertex   8.212951e+00 1.091948e+01 2.199637e+00
      vertex   8.086159e+00 1.079197e+01 2.136631e+00
      vertex   8.129070e+00 1.077420e+01 2.136631e+00
    endloop
  endfacet
  facet normal -2.156488e-01 -2.810390e-01 9.351538e-01
    outer loop
      vertex   8.212951e+00 1.091948e+01 2.199637e+00
      vertex   8.129070e+00 1.077420e+01 2.136631e+00
      vertex   8.284545e+00 1.086455e+01 2.199637e+00
    endloop
  endfacet
  facet normal -2.156488e-01 -2.810390e-01 9.351538e-01
    outer loop
      vertex   8.284545e+00 1.086455e+01 2.199637e+00
      vertex   8.129070e+00 1.077420e+01 2.136631e+00
      vertex   8.165919e+00 1.074592e+01 2.136631e+00
    endloop
  endfacet
  facet normal -2.810390e-01 -2.156488e-01 9.351538e-01
    outer loop
      vertex   8.284545e+00 1.086455e+01 2.199637e+00
      vertex   8.165919e+00 1.074592e+01 2.136631e+00
      vertex   8.339480e+00 1.079295e+01 2.199637e+00
    endloop
  endfacet
  facet normal -2.810390e-01 -2.156488e-01 9.351538e-01
    outer loop
      vertex   8.339480e+00 1.079295e+01 2.199637e+00
      vertex   8.165919e+00 1.074592e+01 2.136631e+00
      vertex   8.194193e+00 1.070907e+01 2.136631e+00
    endloop
  endfacet
  facet normal -3.272769e-01 -1.355625e-01 9.351538e-01
    outer loop
      vertex   8.339480e+00 1.079295e+01 2.199637e+00
      vertex   8.194193e+00 1.070907e+01 2.136631e+00
      vertex   8.374014e+00 1.070958e+01 2.199637e+00
    endloop
  endfacet
  facet normal -3.272769e-01 -1.355625e-01 9.351538e-01
    outer loop
      vertex   8.374014e+00 1.070958e+01 2.199637e+00
      vertex   8.194193e+00 1.070907e+01 2.136631e+00
      vertex   8.211968e+00 1.066616e+01 2.136631e+00
    endloop
  endfacet
  facet normal -3.512113e-01 -4.623785e-02 9.351538e-01
    outer loop
      vertex   8.374014e+00 1.070958e+01 2.199637e+00
      vertex   8.211968e+00 1.066616e+01 2.136631e+00
      vertex   8.385793e+00 1.062011e+01 2.199637e+00
    endloop
  endfacet
  facet normal -3.512113e-01 -4.623785e-02 9.351538e-01
    outer loop
      vertex   8.385793e+00 1.062011e+01 2.199637e+00
      vertex   8.211968e+00 1.066616e+01 2.136631e+00
      vertex   8.218030e+00 1.062011e+01 2.136631e+00
    endloop
  endfacet
  facet normal -3.512113e-01 4.623785e-02 9.351538e-01
    outer loop
      vertex   8.385793e+00 1.062011e+01 2.199637e+00
      vertex   8.218030e+00 1.062011e+01 2.136631e+00
      vertex   8.374014e+00 1.053064e+01 2.199637e+00
    endloop
  endfacet
  facet normal -3.512113e-01 4.623785e-02 9.351538e-01
    outer loop
      vertex   8.374014e+00 1.053064e+01 2.199637e+00
      vertex   8.218030e+00 1.062011e+01 2.136631e+00
      vertex   8.211968e+00 1.057406e+01 2.136631e+00
    endloop
  endfacet
  facet normal -3.272769e-01 1.355625e-01 9.351538e-01
    outer loop
      vertex   8.374014e+00 1.053064e+01 2.199637e+00
      vertex   8.211968e+00 1.057406e+01 2.136631e+00
      vertex   8.339480e+00 1.044727e+01 2.199637e+00
    endloop
  endfacet
  facet normal -3.272769e-01 1.355625e-01 9.351538e-01
    outer loop
      vertex   8.339480e+00 1.044727e+01 2.199637e+00
      vertex   8.211968e+00 1.057406e+01 2.136631e+00
      vertex   8.194193e+00 1.053115e+01 2.136631e+00
    endloop
  endfacet
  facet normal -2.810390e-01 2.156488e-01 9.351538e-01
    outer loop
      vertex   8.339480e+00 1.044727e+01 2.199637e+00
      vertex   8.194193e+00 1.053115e+01 2.136631e+00
      vertex   8.284545e+00 1.037568e+01 2.199637e+00
    endloop
  endfacet
  facet normal -2.810390e-01 2.156488e-01 9.351538e-01
    outer loop
      vertex   8.284545e+00 1.037568e+01 2.199637e+00
      vertex   8.194193e+00 1.053115e+01 2.136631e+00
      vertex   8.165919e+00 1.049430e+01 2.136631e+00
    endloop
  endfacet
  facet normal -2.156488e-01 2.810390e-01 9.351538e-01
    outer loop
      vertex   8.284545e+00 1.037568e+01 2.199637e+00
      vertex   8.165919e+00 1.049430e+01 2.136631e+00
      vertex   8.212951e+00 1.032074e+01 2.199637e+00
    endloop
  endfacet
  facet normal -2.156488e-01 2.810390e-01 9.351538e-01
    outer loop
      vertex   8.212951e+00 1.032074e+01 2.199637e+00
      vertex   8.165919e+00 1.049430e+01 2.136631e+00
      vertex   8.129070e+00 1.046603e+01 2.136631e+00
    endloop
  endfacet
  facet normal -1.355625e-01 3.272769e-01 9.351538e-01
    outer loop
      vertex   8.212951e+00 1.032074e+01 2.199637e+00
      vertex   8.129070e+00 1.046603e+01 2.136631e+00
      vertex   8.129579e+00 1.028621e+01 2.199637e+00
    endloop
  endfacet
  facet normal -1.355625e-01 3.272769e-01 9.351538e-01
    outer loop
      vertex   8.129579e+00 1.028621e+01 2.199637e+00
      vertex   8.129070e+00 1.046603e+01 2.136631e+00
      vertex   8.086159e+00 1.044825e+01 2.136631e+00
    endloop
  endfacet
  facet normal -4.623785e-02 3.512113e-01 9.351538e-01
    outer loop
      vertex   8.129579e+00 1.028621e+01 2.199637e+00
      vertex   8.086159e+00 1.044825e+01 2.136631e+00
      vertex   8.040110e+00 1.027443e+01 2.199637e+00
    endloop
  endfacet
  facet normal -4.623785e-02 3.512113e-01 9.351538e-01
    outer loop
      vertex   8.040110e+00 1.027443e+01 2.199637e+00
      vertex   8.086159e+00 1.044825e+01 2.136631e+00
      vertex   8.040110e+00 1.044219e+01 2.136631e+00
    endloop
  endfacet
  facet normal 4.623785e-02 3.512113e-01 9.351538e-01
    outer loop
      vertex   8.040110e+00 1.027443e+01 2.199637e+00
      vertex   8.040110e+00 1.044219e+01 2.136631e+00
      vertex   7.950640e+00 1.028621e+01 2.199637e+00
    endloop
  endfacet
  facet normal 4.623785e-02 3.512113e-01 9.351538e-01
    outer loop
      vertex   7.950640e+00 1.028621e+01 2.199637e+00
      vertex   8.040110e+00 1.044219e+01 2.136631e+00
      vertex   7.994060e+00 1.044825e+01 2.136631e+00
    endloop
  endfacet
  facet normal 1.355625e-01 3.272769e-01 9.351538e-01
    outer loop
      vertex   7.950640e+00 1.028621e+01 2.199637e+00
      vertex   7.994060e+00 1.044825e+01 2.136631e+00
      vertex   7.867268e+00 1.032074e+01 2.199637e+00
    endloop
  endfacet
  facet normal 1.355625e-01 3.272769e-01 9.351538e-01
    outer loop
      vertex   7.867268e+00 1.032074e+01 2.199637e+00
      vertex   7.994060e+00 1.044825e+01 2.136631e+00
      vertex   7.951149e+00 1.046603e+01 2.136631e+00
    endloop
  endfacet
  facet normal 2.156488e-01 2.810390e-01 9.351538e-01
    outer loop
      vertex   7.867268e+00 1.032074e+01 2.199637e+00
      vertex   7.951149e+00 1.046603e+01 2.136631e+00
      vertex   7.795675e+00 1.037568e+01 2.199637e+00
    endloop
  endfacet
  facet normal 2.156488e-01 2.810390e-01 9.351538e-01
    outer loop
      vertex   7.795675e+00 1.037568e+01 2.199637e+00
      vertex   7.951149e+00 1.046603e+01 2.136631e+00
      vertex   7.914301e+00 1.049430e+01 2.136631e+00
    endloop
  endfacet
  facet normal 2.810390e-01 2.156488e-01 9.351538e-01
    outer loop
      vertex   7.795675e+00 1.037568e+01 2.199637e+00
      vertex   7.914301e+00 1.049430e+01 2.136631e+00
      vertex   7.740739e+00 1.044727e+01 2.199637e+00
    endloop
  endfacet
  facet normal 2.810390e-01 2.156488e-01 9.351538e-01
    outer loop
      vertex   7.740739e+00 1.044727e+01 2.199637e+00
      vertex   7.914301e+00 1.049430e+01 2.136631e+00
      vertex   7.886026e+00 1.053115e+01 2.136631e+00
    endloop
  endfacet
  facet normal 3.272769e-01 1.355625e-01 9.351538e-01
    outer loop
      vertex   7.740739e+00 1.044727e+01 2.199637e+00
      vertex   7.886026e+00 1.053115e+01 2.136631e+00
      vertex   7.706205e+00 1.053064e+01 2.199637e+00
    endloop
  endfacet
  facet normal 3.272769e-01 1.355625e-01 9.351538e-01
    outer loop
      vertex   7.706205e+00 1.053064e+01 2.199637e+00
      vertex   7.886026e+00 1.053115e+01 2.136631e+00
      vertex   7.868252e+00 1.057406e+01 2.136631e+00
    endloop
  endfacet
  facet normal 3.512113e-01 4.623785e-02 9.351538e-01
    outer loop
      vertex   7.706205e+00 1.053064e+01 2.199637e+00
      vertex   7.868252e+00 1.057406e+01 2.136631e+00
      vertex   7.694426e+00 1.062011e+01 2.199637e+00
    endloop
  endfacet
  facet normal 3.512113e-01 4.623785e-02 9.351538e-01
    outer loop
      vertex   7.694426e+00 1.062011e+01 2.199637e+00
      vertex   7.868252e+00 1.057406e+01 2.136631e+00
      vertex   7.862189e+00 1.062011e+01 2.136631e+00
    endloop
  endfacet
  facet normal -4.610775e-02 1.113140e-01 9.927151e-01
    outer loop
      vertex   8.129070e+00 1.046603e+01 2.136631e+00
      vertex   8.040110e+00 1.062011e+01 2.115221e+00
      vertex   8.086159e+00 1.044825e+01 2.136631e+00
    endloop
  endfacet
  facet normal -7.334683e-02 -9.558746e-02 9.927151e-01
    outer loop
      vertex   8.129070e+00 1.077420e+01 2.136631e+00
      vertex   8.040110e+00 1.062011e+01 2.115221e+00
      vertex   8.165919e+00 1.074592e+01 2.136631e+00
    endloop
  endfacet
  facet normal 7.071068e-01 0.000000e+00 -7.071068e-01
    outer loop
      vertex   -1.055000e+01 1.157011e+01 3.983792e+00
      vertex   -1.055000e+01 -5.433489e+01 3.983792e+00
      vertex   -1.122715e+01 1.089296e+01 3.306643e+00
    endloop
  endfacet
  facet normal 7.071068e-01 0.000000e+00 -7.071068e-01
    outer loop
      vertex   -1.122715e+01 1.089296e+01 3.306643e+00
      vertex   -1.055000e+01 -5.433489e+01 3.983792e+00
      vertex   -1.122715e+01 -5.433489e+01 3.306643e+00
    endloop
  endfacet
  facet normal 1.000000e+00 0.000000e+00 3.280914e-15
    outer loop
      vertex   -1.122715e+01 1.089296e+01 2.765221e+00
      vertex   -1.122715e+01 1.089296e+01 3.306643e+00
      vertex   -1.122715e+01 -5.433489e+01 2.765221e+00
    endloop
  endfacet
  facet normal 1.000000e+00 0.000000e+00 3.280914e-15
    outer loop
      vertex   -1.122715e+01 -5.433489e+01 2.765221e+00
      vertex   -1.122715e+01 1.089296e+01 3.306643e+00
      vertex   -1.122715e+01 -5.433489e+01 3.306643e+00
    endloop
  endfacet
  facet normal 1.000000e+00 0.000000e+00 -0.000000e+00
    outer loop
      vertex   -1.055000e+01 1.157011e+01 3.983792e+00
      vertex   -1.055000e+01 1.157011e+01 4.342371e+00
      vertex   -1.055000e+01 -5.433489e+01 3.983792e+00
    endloop
  endfacet
  facet normal 1.000000e+00 0.000000e+00 0.000000e+00
    outer loop
      vertex   -1.055000e+01 -5.433489e+01 3.983792e+00
      vertex   -1.055000e+01 1.157011e+01 4.342371e+00
      vertex   -1.055000e+01 -5.433489e+01 4.342371e+00
    endloop
  endfacet
  facet normal 5.542233e-12 1.000000e+00 0.000000e+00
    outer loop
      vertex   -1.055000e+01 -5.433489e+01 4.342371e+00
      vertex   -1.050000e+01 -5.433489e+01 4.342371e+00
      vertex   -1.055000e+01 -5.433489e+01 3.983792e+00
    endloop
  endfacet
  facet normal 4.282159e-12 1.000000e+00 1.757041e-13
    outer loop
      vertex   -1.055000e+01 -5.433489e+01 3.983792e+00
      vertex   -1.050000e+01 -5.433489e+01 4.342371e+00
      vertex   -1.050000e+01 -5.433489e+01 2.765221e+00
    endloop
  endfacet
  facet normal 0.000000e+00 1.000000e+00 0.000000e+00
    outer loop
      vertex   -1.055000e+01 -5.433489e+01 3.983792e+00
      vertex   -1.050000e+01 -5.433489e+01 2.765221e+00
      vertex   -1.122715e+01 -5.433489e+01 3.306643e+00
    endloop
  endfacet
  facet normal 0.000000e+00 1.000000e+00 0.000000e+00
    outer loop
      vertex   -1.122715e+01 -5.433489e+01 3.306643e+00
      vertex   -1.050000e+01 -5.433489e+01 2.765221e+00
      vertex   -1.122715e+01 -5.433489e+01 2.765221e+00
    endloop
  endfacet
  facet normal -7.071068e-01 -0.000000e+00 -7.071068e-01
    outer loop
      vertex   1.055000e+01 1.157011e+01 3.983792e+00
      vertex   1.122715e+01 1.089296e+01 3.306643e+00
      vertex   1.055000e+01 -5.433489e+01 3.983792e+00
    endloop
  endfacet
  facet normal -7.071068e-01 0.000000e+00 -7.071068e-01
    outer loop
      vertex   1.055000e+01 -5.433489e+01 3.983792e+00
      vertex   1.122715e+01 1.089296e+01 3.306643e+00
      vertex   1.122715e+01 -5.433489e+01 3.306643e+00
    endloop
  endfacet
  facet normal -1.000000e+00 -0.000000e+00 -0.000000e+00
    outer loop
      vertex   1.055000e+01 1.157011e+01 4.342371e+00
      vertex   1.055000e+01 1.157011e+01 3.983792e+00
      vertex   1.055000e+01 -5.433489e+01 4.342371e+00
    endloop
  endfacet
  facet normal -1.000000e+00 0.000000e+00 0.000000e+00
    outer loop
      vertex   1.055000e+01 -5.433489e+01 4.342371e+00
      vertex   1.055000e+01 1.157011e+01 3.983792e+00
      vertex   1.055000e+01 -5.433489e+01 3.983792e+00
    endloop
  endfacet
  facet normal -1.000000e+00 0.000000e+00 3.280914e-15
    outer loop
      vertex   1.122715e+01 1.089296e+01 3.306643e+00
      vertex   1.122715e+01 1.089296e+01 2.765221e+00
      vertex   1.122715e+01 -5.433489e+01 3.306643e+00
    endloop
  endfacet
  facet normal -1.000000e+00 0.000000e+00 3.280914e-15
    outer loop
      vertex   1.122715e+01 -5.433489e+01 3.306643e+00
      vertex   1.122715e+01 1.089296e+01 2.765221e+00
      vertex   1.122715e+01 -5.433489e+01 2.765221e+00
    endloop
  endfacet
  facet normal -4.282159e-12 1.000000e+00 1.757041e-13
    outer loop
      vertex   1.050000e+01 -5.433489e+01 4.342371e+00
      vertex   1.055000e+01 -5.433489e+01 3.983792e+00
      vertex   1.050000e+01 -5.433489e+01 2.765221e+00
    endloop
  endfacet
  facet normal 0.000000e+00 1.000000e+00 0.000000e+00
    outer loop
      vertex   1.050000e+01 -5.433489e+01 2.765221e+00
      vertex   1.055000e+01 -5.433489e+01 3.983792e+00
      vertex   1.122715e+01 -5.433489e+01 3.306643e+00
    endloop
  endfacet
  facet normal -0.000000e+00 1.000000e+00 0.000000e+00
    outer loop
      vertex   1.050000e+01 -5.433489e+01 2.765221e+00
      vertex   1.122715e+01 -5.433489e+01 3.306643e+00
      vertex   1.122715e+01 -5.433489e+01 2.765221e+00
    endloop
  endfacet
  facet normal -5.542233e-12 1.000000e+00 0.000000e+00
    outer loop
      vertex   1.050000e+01 -5.433489e+01 4.342371e+00
      vertex   1.055000e+01 -5.433489e+01 4.342371e+00
      vertex   1.055000e+01 -5.433489e+01 3.983792e+00
    endloop
  endfacet
  facet normal -7.071068e-01 7.071068e-01 0.000000e+00
    outer loop
      vertex   -1.055000e+01 1.157011e+01 3.983792e+00
      vertex   -1.122715e+01 1.089296e+01 3.306643e+00
      vertex   -1.055000e+01 1.157011e+01 4.342371e+00
    endloop
  endfacet
  facet normal -7.071068e-01 7.071068e-01 -1.632541e-15
    outer loop
      vertex   -1.055000e+01 1.157011e+01 4.342371e+00
      vertex   -1.122715e+01 1.089296e+01 3.306643e+00
      vertex   -1.250000e+01 9.620112e+00 4.342371e+00
    endloop
  endfacet
  facet normal -7.071068e-01 7.071068e-01 2.278308e-15
    outer loop
      vertex   -1.250000e+01 9.620112e+00 4.342371e+00
      vertex   -1.122715e+01 1.089296e+01 3.306643e+00
      vertex   -1.122715e+01 1.089296e+01 2.765221e+00
    endloop
  endfacet
  facet normal -7.071068e-01 7.071068e-01 -2.462890e-16
    outer loop
      vertex   -1.250000e+01 9.620112e+00 4.342371e+00
      vertex   -1.122715e+01 1.089296e+01 2.765221e+00
      vertex   -1.250000e+01 9.620112e+00 -5.857629e+00
    endloop
  endfacet
  facet normal -7.071068e-01 7.071068e-01 -1.456681e-16
    outer loop
      vertex   -1.250000e+01 9.620112e+00 -5.857629e+00
      vertex   -1.122715e+01 1.089296e+01 2.765221e+00
      vertex   -1.050000e+01 1.162011e+01 -5.857629e+00
    endloop
  endfacet
  facet normal -7.071068e-01 7.071068e-01 0.000000e+00
    outer loop
      vertex   -1.050000e+01 1.162011e+01 -5.857629e+00
      vertex   -1.122715e+01 1.089296e+01 2.765221e+00
      vertex   -1.050000e+01 1.162011e+01 2.765221e+00
    endloop
  endfacet
  facet normal 0.000000e+00 0.000000e+00 1.000000e+00
    outer loop
      vertex   8.232491e+00 9.902136e+00 2.765221e+00
      vertex   8.040110e+00 9.876809e+00 2.765221e+00
      vertex   8.500000e+00 9.620112e+00 2.765221e+00
    endloop
  endfacet
  facet normal 0.000000e+00 0.000000e+00 1.000000e+00
    outer loop
      vertex   8.500000e+00 9.620112e+00 2.765221e+00
      vertex   8.040110e+00 9.876809e+00 2.765221e+00
      vertex   7.847729e+00 9.902136e+00 2.765221e+00
    endloop
  endfacet
  facet normal 0.000000e+00 0.000000e+00 1.000000e+00
    outer loop
      vertex   8.500000e+00 9.620112e+00 2.765221e+00
      vertex   7.847729e+00 9.902136e+00 2.765221e+00
      vertex   -7.794659e+00 9.902136e+00 2.765221e+00
    endloop
  endfacet
  facet normal 0.000000e+00 0.000000e+00 1.000000e+00
    outer loop
      vertex   -7.794659e+00 9.902136e+00 2.765221e+00
      vertex   7.847729e+00 9.902136e+00 2.765221e+00
      vertex   -7.615388e+00 9.976393e+00 2.765221e+00
    endloop
  endfacet
  facet normal -0.000000e+00 0.000000e+00 1.000000e+00
    outer loop
      vertex   -7.615388e+00 9.976393e+00 2.765221e+00
      vertex   7.847729e+00 9.902136e+00 2.765221e+00
      vertex   7.668458e+00 9.976393e+00 2.765221e+00
    endloop
  endfacet
  facet normal 0.000000e+00 0.000000e+00 1.000000e+00
    outer loop
      vertex   -7.615388e+00 9.976393e+00 2.765221e+00
      vertex   7.668458e+00 9.976393e+00 2.765221e+00
      vertex   -7.461445e+00 1.009452e+01 2.765221e+00
    endloop
  endfacet
  facet normal -0.000000e+00 0.000000e+00 1.000000e+00
    outer loop
      vertex   -7.461445e+00 1.009452e+01 2.765221e+00
      vertex   7.668458e+00 9.976393e+00 2.765221e+00
      vertex   7.514515e+00 1.009452e+01 2.765221e+00
    endloop
  endfacet
  facet normal 0.000000e+00 0.000000e+00 1.000000e+00
    outer loop
      vertex   -7.461445e+00 1.009452e+01 2.765221e+00
      vertex   7.514515e+00 1.009452e+01 2.765221e+00
      vertex   -7.343320e+00 1.024846e+01 2.765221e+00
    endloop
  endfacet
  facet normal -0.000000e+00 0.000000e+00 1.000000e+00
    outer loop
      vertex   -7.343320e+00 1.024846e+01 2.765221e+00
      vertex   7.514515e+00 1.009452e+01 2.765221e+00
      vertex   7.396390e+00 1.024846e+01 2.765221e+00
    endloop
  endfacet
  facet normal 0.000000e+00 0.000000e+00 1.000000e+00
    outer loop
      vertex   -7.343320e+00 1.024846e+01 2.765221e+00
      vertex   7.396390e+00 1.024846e+01 2.765221e+00
      vertex   -7.269064e+00 1.042773e+01 2.765221e+00
    endloop
  endfacet
  facet normal -0.000000e+00 0.000000e+00 1.000000e+00
    outer loop
      vertex   -7.269064e+00 1.042773e+01 2.765221e+00
      vertex   7.396390e+00 1.024846e+01 2.765221e+00
      vertex   7.322134e+00 1.042773e+01 2.765221e+00
    endloop
  endfacet
  facet normal 0.000000e+00 0.000000e+00 1.000000e+00
    outer loop
      vertex   -7.269064e+00 1.042773e+01 2.765221e+00
      vertex   7.322134e+00 1.042773e+01 2.765221e+00
      vertex   -7.243736e+00 1.062011e+01 2.765221e+00
    endloop
  endfacet
  facet normal -0.000000e+00 0.000000e+00 1.000000e+00
    outer loop
      vertex   -7.243736e+00 1.062011e+01 2.765221e+00
      vertex   7.322134e+00 1.042773e+01 2.765221e+00
      vertex   7.296806e+00 1.062011e+01 2.765221e+00
    endloop
  endfacet
  facet normal 0.000000e+00 -0.000000e+00 1.000000e+00
    outer loop
      vertex   -7.243736e+00 1.062011e+01 2.765221e+00
      vertex   7.296806e+00 1.062011e+01 2.765221e+00
      vertex   -7.269064e+00 1.081249e+01 2.765221e+00
    endloop
  endfacet
  facet normal -0.000000e+00 0.000000e+00 1.000000e+00
    outer loop
      vertex   -7.269064e+00 1.081249e+01 2.765221e+00
      vertex   7.296806e+00 1.062011e+01 2.765221e+00
      vertex   7.322134e+00 1.081249e+01 2.765221e+00
    endloop
  endfacet
  facet normal 0.000000e+00 -0.000000e+00 1.000000e+00
    outer loop
      vertex   -7.269064e+00 1.081249e+01 2.765221e+00
      vertex   7.322134e+00 1.081249e+01 2.765221e+00
      vertex   -7.343320e+00 1.099176e+01 2.765221e+00
    endloop
  endfacet
  facet normal 0.000000e+00 0.000000e+00 1.000000e+00
    outer loop
      vertex   -7.343320e+00 1.099176e+01 2.765221e+00
      vertex   7.322134e+00 1.081249e+01 2.765221e+00
      vertex   7.396390e+00 1.099176e+01 2.765221e+00
    endloop
  endfacet
  facet normal -0.000000e+00 -0.000000e+00 1.000000e+00
    outer loop
      vertex   -7.343320e+00 1.099176e+01 2.765221e+00
      vertex   7.396390e+00 1.099176e+01 2.765221e+00
      vertex   -7.461445e+00 1.114571e+01 2.765221e+00
    endloop
  endfacet
  facet normal -0.000000e+00 0.000000e+00 1.000000e+00
    outer loop
      vertex   -7.461445e+00 1.114571e+01 2.765221e+00
      vertex   7.396390e+00 1.099176e+01 2.765221e+00
      vertex   7.514515e+00 1.114571e+01 2.765221e+00
    endloop
  endfacet
  facet normal 0.000000e+00 -0.000000e+00 1.000000e+00
    outer loop
      vertex   -7.461445e+00 1.114571e+01 2.765221e+00
      vertex   7.514515e+00 1.114571e+01 2.765221e+00
      vertex   -7.615388e+00 1.126383e+01 2.765221e+00
    endloop
  endfacet
  facet normal -0.000000e+00 0.000000e+00 1.000000e+00
    outer loop
      vertex   -7.615388e+00 1.126383e+01 2.765221e+00
      vertex   7.514515e+00 1.114571e+01 2.765221e+00
      vertex   7.668458e+00 1.126383e+01 2.765221e+00
    endloop
  endfacet
  facet normal 0.000000e+00 -0.000000e+00 1.000000e+00
    outer loop
      vertex   -7.615388e+00 1.126383e+01 2.765221e+00
      vertex   7.668458e+00 1.126383e+01 2.765221e+00
      vertex   -7.794659e+00 1.133809e+01 2.765221e+00
    endloop
  endfacet
  facet normal -0.000000e+00 0.000000e+00 1.000000e+00
    outer loop
      vertex   -7.794659e+00 1.133809e+01 2.765221e+00
      vertex   7.668458e+00 1.126383e+01 2.765221e+00
      vertex   7.847729e+00 1.133809e+01 2.765221e+00
    endloop
  endfacet
  facet normal 0.000000e+00 -0.000000e+00 1.000000e+00
    outer loop
      vertex   -7.794659e+00 1.133809e+01 2.765221e+00
      vertex   7.847729e+00 1.133809e+01 2.765221e+00
      vertex   -7.987040e+00 1.136342e+01 2.765221e+00
    endloop
  endfacet
  facet normal -0.000000e+00 0.000000e+00 1.000000e+00
    outer loop
      vertex   -7.987040e+00 1.136342e+01 2.765221e+00
      vertex   7.847729e+00 1.133809e+01 2.765221e+00
      vertex   8.040110e+00 1.136342e+01 2.765221e+00
    endloop
  endfacet
  facet normal 0.000000e+00 0.000000e+00 1.000000e+00
    outer loop
      vertex   -7.987040e+00 1.136342e+01 2.765221e+00
      vertex   8.040110e+00 1.136342e+01 2.765221e+00
      vertex   1.050000e+01 1.162011e+01 2.765221e+00
    endloop
  endfacet
  facet normal 0.000000e+00 0.000000e+00 1.000000e+00
    outer loop
      vertex   1.050000e+01 1.162011e+01 2.765221e+00
      vertex   8.040110e+00 1.136342e+01 2.765221e+00
      vertex   8.232491e+00 1.133809e+01 2.765221e+00
    endloop
  endfacet
  facet normal 0.000000e+00 0.000000e+00 1.000000e+00
    outer loop
      vertex   1.050000e+01 1.162011e+01 2.765221e+00
      vertex   8.232491e+00 1.133809e+01 2.765221e+00
      vertex   8.411761e+00 1.126383e+01 2.765221e+00
    endloop
  endfacet
  facet normal -0.000000e+00 0.000000e+00 1.000000e+00
    outer loop
      vertex   8.411761e+00 1.126383e+01 2.765221e+00
      vertex   8.565705e+00 1.114571e+01 2.765221e+00
      vertex   1.050000e+01 1.162011e+01 2.765221e+00
    endloop
  endfacet
  facet normal 0.000000e+00 0.000000e+00 1.000000e+00
    outer loop
      vertex   1.050000e+01 1.162011e+01 2.765221e+00
      vertex   8.565705e+00 1.114571e+01 2.765221e+00
      vertex   8.683829e+00 1.099176e+01 2.765221e+00
    endloop
  endfacet
  facet normal 0.000000e+00 0.000000e+00 1.000000e+00
    outer loop
      vertex   1.050000e+01 1.162011e+01 2.765221e+00
      vertex   8.683829e+00 1.099176e+01 2.765221e+00
      vertex   8.758086e+00 1.081249e+01 2.765221e+00
    endloop
  endfacet
  facet normal -0.000000e+00 0.000000e+00 1.000000e+00
    outer loop
      vertex   8.758086e+00 1.081249e+01 2.765221e+00
      vertex   8.783413e+00 1.062011e+01 2.765221e+00
      vertex   1.050000e+01 1.162011e+01 2.765221e+00
    endloop
  endfacet
  facet normal 0.000000e+00 0.000000e+00 1.000000e+00
    outer loop
      vertex   1.050000e+01 1.162011e+01 2.765221e+00
      vertex   8.783413e+00 1.062011e+01 2.765221e+00
      vertex   1.050000e+01 7.620112e+00 2.765221e+00
    endloop
  endfacet
  facet normal 6.517058e-11 0.000000e+00 1.000000e+00
    outer loop
      vertex   1.050000e+01 1.162011e+01 2.765221e+00
      vertex   1.050000e+01 7.620112e+00 2.765221e+00
      vertex   1.122715e+01 1.089296e+01 2.765221e+00
    endloop
  endfacet
  facet normal 6.517058e-11 0.000000e+00 1.000000e+00
    outer loop
      vertex   1.122715e+01 1.089296e+01 2.765221e+00
      vertex   1.050000e+01 7.620112e+00 2.765221e+00
      vertex   1.122715e+01 -5.433489e+01 2.765221e+00
    endloop
  endfacet
  facet normal 6.107260e-16 -7.648828e-13 1.000000e+00
    outer loop
      vertex   1.122715e+01 -5.433489e+01 2.765221e+00
      vertex   1.050000e+01 7.620112e+00 2.765221e+00
      vertex   1.050000e+01 -5.433489e+01 2.765221e+00
    endloop
  endfacet
  facet normal 0.000000e+00 0.000000e+00 1.000000e+00
    outer loop
      vertex   8.783413e+00 1.062011e+01 2.765221e+00
      vertex   8.758086e+00 1.042773e+01 2.765221e+00
      vertex   1.050000e+01 7.620112e+00 2.765221e+00
    endloop
  endfacet
  facet normal 0.000000e+00 0.000000e+00 1.000000e+00
    outer loop
      vertex   1.050000e+01 7.620112e+00 2.765221e+00
      vertex   8.758086e+00 1.042773e+01 2.765221e+00
      vertex   8.683829e+00 1.024846e+01 2.765221e+00
    endloop
  endfacet
  facet normal 0.000000e+00 0.000000e+00 1.000000e+00
    outer loop
      vertex   1.050000e+01 7.620112e+00 2.765221e+00
      vertex   8.683829e+00 1.024846e+01 2.765221e+00
      vertex   8.500000e+00 9.620112e+00 2.765221e+00
    endloop
  endfacet
  facet normal 0.000000e+00 0.000000e+00 1.000000e+00
    outer loop
      vertex   8.500000e+00 9.620112e+00 2.765221e+00
      vertex   8.683829e+00 1.024846e+01 2.765221e+00
      vertex   8.565705e+00 1.009452e+01 2.765221e+00
    endloop
  endfacet
  facet normal 0.000000e+00 -0.000000e+00 1.000000e+00
    outer loop
      vertex   8.500000e+00 9.620112e+00 2.765221e+00
      vertex   8.565705e+00 1.009452e+01 2.765221e+00
      vertex   8.411761e+00 9.976393e+00 2.765221e+00
    endloop
  endfacet
  facet normal 0.000000e+00 0.000000e+00 1.000000e+00
    outer loop
      vertex   8.411761e+00 9.976393e+00 2.765221e+00
      vertex   8.232491e+00 9.902136e+00 2.765221e+00
      vertex   8.500000e+00 9.620112e+00 2.765221e+00
    endloop
  endfacet
  facet normal 0.000000e+00 0.000000e+00 1.000000e+00
    outer loop
      vertex   -7.794659e+00 9.902136e+00 2.765221e+00
      vertex   -7.987040e+00 9.876809e+00 2.765221e+00
      vertex   -8.500000e+00 9.620112e+00 2.765221e+00
    endloop
  endfacet
  facet normal 0.000000e+00 0.000000e+00 1.000000e+00
    outer loop
      vertex   -8.500000e+00 9.620112e+00 2.765221e+00
      vertex   -7.987040e+00 9.876809e+00 2.765221e+00
      vertex   -8.179421e+00 9.902136e+00 2.765221e+00
    endloop
  endfacet
  facet normal 0.000000e+00 0.000000e+00 1.000000e+00
    outer loop
      vertex   -8.500000e+00 9.620112e+00 2.765221e+00
      vertex   -8.179421e+00 9.902136e+00 2.765221e+00
      vertex   -8.358692e+00 9.976393e+00 2.765221e+00
    endloop
  endfacet
  facet normal 0.000000e+00 0.000000e+00 1.000000e+00
    outer loop
      vertex   -8.358692e+00 9.976393e+00 2.765221e+00
      vertex   -8.512635e+00 1.009452e+01 2.765221e+00
      vertex   -8.500000e+00 9.620112e+00 2.765221e+00
    endloop
  endfacet
  facet normal 0.000000e+00 0.000000e+00 1.000000e+00
    outer loop
      vertex   -8.500000e+00 9.620112e+00 2.765221e+00
      vertex   -8.512635e+00 1.009452e+01 2.765221e+00
      vertex   -8.630760e+00 1.024846e+01 2.765221e+00
    endloop
  endfacet
  facet normal 0.000000e+00 0.000000e+00 1.000000e+00
    outer loop
      vertex   -8.500000e+00 9.620112e+00 2.765221e+00
      vertex   -8.630760e+00 1.024846e+01 2.765221e+00
      vertex   -8.705016e+00 1.042773e+01 2.765221e+00
    endloop
  endfacet
  facet normal 0.000000e+00 0.000000e+00 1.000000e+00
    outer loop
      vertex   -8.500000e+00 9.620112e+00 2.765221e+00
      vertex   -8.705016e+00 1.042773e+01 2.765221e+00
      vertex   -1.050000e+01 7.620112e+00 2.765221e+00
    endloop
  endfacet
  facet normal 0.000000e+00 0.000000e+00 1.000000e+00
    outer loop
      vertex   -1.050000e+01 7.620112e+00 2.765221e+00
      vertex   -8.705016e+00 1.042773e+01 2.765221e+00
      vertex   -8.730343e+00 1.062011e+01 2.765221e+00
    endloop
  endfacet
  facet normal 0.000000e+00 -0.000000e+00 1.000000e+00
    outer loop
      vertex   -1.050000e+01 7.620112e+00 2.765221e+00
      vertex   -8.730343e+00 1.062011e+01 2.765221e+00
      vertex   -1.050000e+01 1.162011e+01 2.765221e+00
    endloop
  endfacet
  facet normal 0.000000e+00 0.000000e+00 1.000000e+00
    outer loop
      vertex   -1.050000e+01 1.162011e+01 2.765221e+00
      vertex   -8.730343e+00 1.062011e+01 2.765221e+00
      vertex   -8.705016e+00 1.081249e+01 2.765221e+00
    endloop
  endfacet
  facet normal 0.000000e+00 0.000000e+00 1.000000e+00
    outer loop
      vertex   -1.050000e+01 1.162011e+01 2.765221e+00
      vertex   -8.705016e+00 1.081249e+01 2.765221e+00
      vertex   -8.630760e+00 1.099176e+01 2.765221e+00
    endloop
  endfacet
  facet normal 0.000000e+00 -0.000000e+00 1.000000e+00
    outer loop
      vertex   -8.630760e+00 1.099176e+01 2.765221e+00
      vertex   -8.512635e+00 1.114571e+01 2.765221e+00
      vertex   -1.050000e+01 1.162011e+01 2.765221e+00
    endloop
  endfacet
  facet normal 0.000000e+00 0.000000e+00 1.000000e+00
    outer loop
      vertex   -1.050000e+01 1.162011e+01 2.765221e+00
      vertex   -8.512635e+00 1.114571e+01 2.765221e+00
      vertex   -8.358692e+00 1.126383e+01 2.765221e+00
    endloop
  endfacet
  facet normal 0.000000e+00 0.000000e+00 1.000000e+00
    outer loop
      vertex   -1.050000e+01 1.162011e+01 2.765221e+00
      vertex   -8.358692e+00 1.126383e+01 2.765221e+00
      vertex   -8.179421e+00 1.133809e+01 2.765221e+00
    endloop
  endfacet
  facet normal 0.000000e+00 -0.000000e+00 1.000000e+00
    outer loop
      vertex   -8.179421e+00 1.133809e+01 2.765221e+00
      vertex   -7.987040e+00 1.136342e+01 2.765221e+00
      vertex   -1.050000e+01 1.162011e+01 2.765221e+00
    endloop
  endfacet
  facet normal -0.000000e+00 0.000000e+00 1.000000e+00
    outer loop
      vertex   -1.050000e+01 1.162011e+01 2.765221e+00
      vertex   -7.987040e+00 1.136342e+01 2.765221e+00
      vertex   1.050000e+01 1.162011e+01 2.765221e+00
    endloop
  endfacet
  facet normal 0.000000e+00 0.000000e+00 1.000000e+00
    outer loop
      vertex   8.500000e+00 9.620112e+00 2.765221e+00
      vertex   -7.794659e+00 9.902136e+00 2.765221e+00
      vertex   -8.500000e+00 9.620112e+00 2.765221e+00
    endloop
  endfacet
  facet normal -6.517058e-11 -2.894155e-26 1.000000e+00
    outer loop
      vertex   -1.050000e+01 1.162011e+01 2.765221e+00
      vertex   -1.122715e+01 1.089296e+01 2.765221e+00
      vertex   -1.050000e+01 7.620112e+00 2.765221e+00
    endloop
  endfacet
  facet normal -6.517058e-11 0.000000e+00 1.000000e+00
    outer loop
      vertex   -1.050000e+01 7.620112e+00 2.765221e+00
      vertex   -1.122715e+01 1.089296e+01 2.765221e+00
      vertex   -1.122715e+01 -5.433489e+01 2.765221e+00
    endloop
  endfacet
  facet normal -6.107260e-16 -7.648828e-13 1.000000e+00
    outer loop
      vertex   -1.050000e+01 7.620112e+00 2.765221e+00
      vertex   -1.122715e+01 -5.433489e+01 2.765221e+00
      vertex   -1.050000e+01 -5.433489e+01 2.765221e+00
    endloop
  endfacet
  facet normal -4.306911e-01 -9.024994e-01 3.825306e-15
    outer loop
      vertex   -1.349506e+00 -1.783489e+01 -5.257629e+00
      vertex   -1.349506e+00 -1.783489e+01 -5.657629e+00
      vertex   -9.241123e-01 -1.803789e+01 -5.257629e+00
    endloop
  endfacet
  facet normal -4.306911e-01 -9.024994e-01 -5.624989e-15
    outer loop
      vertex   -9.241123e-01 -1.803789e+01 -5.257629e+00
      vertex   -1.349506e+00 -1.783489e+01 -5.657629e+00
      vertex   -9.241123e-01 -1.803789e+01 -5.657629e+00
    endloop
  endfacet
  facet normal -2.639885e-01 -9.645258e-01 -7.101280e-15
    outer loop
      vertex   -9.241123e-01 -1.803789e+01 -5.257629e+00
      vertex   -9.241123e-01 -1.803789e+01 -5.657629e+00
      vertex   -4.694827e-01 -1.816233e+01 -5.257629e+00
    endloop
  endfacet
  facet normal -2.639885e-01 -9.645258e-01 7.693510e-16
    outer loop
      vertex   -4.694827e-01 -1.816233e+01 -5.257629e+00
      vertex   -9.241123e-01 -1.803789e+01 -5.657629e+00
      vertex   -4.694827e-01 -1.816233e+01 -5.657629e+00
    endloop
  endfacet
  facet normal -8.893403e-02 -9.960375e-01 2.591836e-16
    outer loop
      vertex   -4.694827e-01 -1.816233e+01 -5.257629e+00
      vertex   -4.694827e-01 -1.816233e+01 -5.657629e+00
      vertex   -3.928458e-16 -1.820424e+01 -5.257629e+00
    endloop
  endfacet
  facet normal -8.893403e-02 -9.960375e-01 -0.000000e+00
    outer loop
      vertex   -3.928458e-16 -1.820424e+01 -5.257629e+00
      vertex   -4.694827e-01 -1.816233e+01 -5.657629e+00
      vertex   -3.928458e-16 -1.820424e+01 -5.657629e+00
    endloop
  endfacet
  facet normal 8.893403e-02 -9.960375e-01 0.000000e+00
    outer loop
      vertex   -3.928458e-16 -1.820424e+01 -5.257629e+00
      vertex   -3.928458e-16 -1.820424e+01 -5.657629e+00
      vertex   4.694827e-01 -1.816233e+01 -5.257629e+00
    endloop
  endfacet
  facet normal 8.893403e-02 -9.960375e-01 1.357628e-16
    outer loop
      vertex   4.694827e-01 -1.816233e+01 -5.257629e+00
      vertex   -3.928458e-16 -1.820424e+01 -5.657629e+00
      vertex   4.694827e-01 -1.816233e+01 -5.657629e+00
    endloop
  endfacet
  facet normal 2.639885e-01 -9.645258e-01 4.029934e-16
    outer loop
      vertex   4.694827e-01 -1.816233e+01 -5.257629e+00
      vertex   4.694827e-01 -1.816233e+01 -5.657629e+00
      vertex   9.241123e-01 -1.803789e+01 -5.257629e+00
    endloop
  endfacet
  facet normal 2.639885e-01 -9.645258e-01 -7.467637e-15
    outer loop
      vertex   9.241123e-01 -1.803789e+01 -5.257629e+00
      vertex   4.694827e-01 -1.816233e+01 -5.657629e+00
      vertex   9.241123e-01 -1.803789e+01 -5.657629e+00
    endloop
  endfacet
  facet normal 4.306911e-01 -9.024994e-01 -6.222693e-15
    outer loop
      vertex   9.241123e-01 -1.803789e+01 -5.257629e+00
      vertex   9.241123e-01 -1.803789e+01 -5.657629e+00
      vertex   1.349506e+00 -1.783489e+01 -5.257629e+00
    endloop
  endfacet
  facet normal 4.306911e-01 -9.024994e-01 3.825306e-15
    outer loop
      vertex   1.349506e+00 -1.783489e+01 -5.257629e+00
      vertex   9.241123e-01 -1.803789e+01 -5.657629e+00
      vertex   1.349506e+00 -1.783489e+01 -5.657629e+00
    endloop
  endfacet
  facet normal 0.000000e+00 0.000000e+00 1.000000e+00
    outer loop
      vertex   1.349506e+00 -1.783489e+01 -5.257629e+00
      vertex   -1.349506e+00 -1.783489e+01 -5.257629e+00
      vertex   9.241123e-01 -1.803789e+01 -5.257629e+00
    endloop
  endfacet
  facet normal 0.000000e+00 0.000000e+00 1.000000e+00
    outer loop
      vertex   9.241123e-01 -1.803789e+01 -5.257629e+00
      vertex   -1.349506e+00 -1.783489e+01 -5.257629e+00
      vertex   -9.241123e-01 -1.803789e+01 -5.257629e+00
    endloop
  endfacet
  facet normal 0.000000e+00 0.000000e+00 1.000000e+00
    outer loop
      vertex   9.241123e-01 -1.803789e+01 -5.257629e+00
      vertex   -9.241123e-01 -1.803789e+01 -5.257629e+00
      vertex   4.694827e-01 -1.816233e+01 -5.257629e+00
    endloop
  endfacet
  facet normal 0.000000e+00 0.000000e+00 1.000000e+00
    outer loop
      vertex   4.694827e-01 -1.816233e+01 -5.257629e+00
      vertex   -9.241123e-01 -1.803789e+01 -5.257629e+00
      vertex   -4.694827e-01 -1.816233e+01 -5.257629e+00
    endloop
  endfacet
  facet normal 0.000000e+00 0.000000e+00 1.000000e+00
    outer loop
      vertex   4.694827e-01 -1.816233e+01 -5.257629e+00
      vertex   -4.694827e-01 -1.816233e+01 -5.257629e+00
      vertex   -3.928458e-16 -1.820424e+01 -5.257629e+00
    endloop
  endfacet
  facet normal 0.000000e+00 -1.000000e+00 0.000000e+00
    outer loop
      vertex   -1.349506e+00 -1.783489e+01 -5.657629e+00
      vertex   -1.349506e+00 -1.783489e+01 -5.257629e+00
      vertex   -3.286132e+00 -1.783489e+01 -5.657629e+00
    endloop
  endfacet
  facet normal 0.000000e+00 -1.000000e+00 0.000000e+00
    outer loop
      vertex   -3.286132e+00 -1.783489e+01 -5.657629e+00
      vertex   -1.349506e+00 -1.783489e+01 -5.257629e+00
      vertex   -3.286132e+00 -1.783489e+01 -4.657629e+00
    endloop
  endfacet
  facet normal 0.000000e+00 -1.000000e+00 0.000000e+00
    outer loop
      vertex   -3.286132e+00 -1.783489e+01 -4.657629e+00
      vertex   -1.349506e+00 -1.783489e+01 -5.257629e+00
      vertex   1.349506e+00 -1.783489e+01 -5.257629e+00
    endloop
  endfacet
  facet normal 0.000000e+00 -1.000000e+00 0.000000e+00
    outer loop
      vertex   -3.286132e+00 -1.783489e+01 -4.657629e+00
      vertex   1.349506e+00 -1.783489e+01 -5.257629e+00
      vertex   3.286132e+00 -1.783489e+01 -4.657629e+00
    endloop
  endfacet
  facet normal 0.000000e+00 -1.000000e+00 -0.000000e+00
    outer loop
      vertex   3.286132e+00 -1.783489e+01 -4.657629e+00
      vertex   1.349506e+00 -1.783489e+01 -5.257629e+00
      vertex   3.286132e+00 -1.783489e+01 -5.657629e+00
    endloop
  endfacet
  facet normal 0.000000e+00 -1.000000e+00 0.000000e+00
    outer loop
      vertex   3.286132e+00 -1.783489e+01 -5.657629e+00
      vertex   1.349506e+00 -1.783489e+01 -5.257629e+00
      vertex   1.349506e+00 -1.783489e+01 -5.657629e+00
    endloop
  endfacet
  facet normal 0.000000e+00 -7.071068e-01 -7.071068e-01
    outer loop
      vertex   -1.033431e+01 -5.793489e+01 -6.257629e+00
      vertex   1.033431e+01 -5.793489e+01 -6.257629e+00
      vertex   -1.050000e+01 -5.833489e+01 -5.857629e+00
    endloop
  endfacet
  facet normal 0.000000e+00 -7.071068e-01 -7.071068e-01
    outer loop
      vertex   -1.050000e+01 -5.833489e+01 -5.857629e+00
      vertex   1.033431e+01 -5.793489e+01 -6.257629e+00
      vertex   1.050000e+01 -5.833489e+01 -5.857629e+00
    endloop
  endfacet
  facet normal 5.000000e-01 -5.000000e-01 -7.071068e-01
    outer loop
      vertex   1.033431e+01 -5.793489e+01 -6.257629e+00
      vertex   1.210000e+01 -5.616920e+01 -6.257629e+00
      vertex   1.050000e+01 -5.833489e+01 -5.857629e+00
    endloop
  endfacet
  facet normal 5.000000e-01 -5.000000e-01 -7.071068e-01
    outer loop
      vertex   1.050000e+01 -5.833489e+01 -5.857629e+00
      vertex   1.210000e+01 -5.616920e+01 -6.257629e+00
      vertex   1.250000e+01 -5.633489e+01 -5.857629e+00
    endloop
  endfacet
  facet normal 7.071068e-01 1.914057e-17 -7.071068e-01
    outer loop
      vertex   1.210000e+01 -5.616920e+01 -6.257629e+00
      vertex   1.210000e+01 9.454427e+00 -6.257629e+00
      vertex   1.250000e+01 -5.633489e+01 -5.857629e+00
    endloop
  endfacet
  facet normal 7.071068e-01 0.000000e+00 -7.071068e-01
    outer loop
      vertex   1.250000e+01 -5.633489e+01 -5.857629e+00
      vertex   1.210000e+01 9.454427e+00 -6.257629e+00
      vertex   1.250000e+01 9.620112e+00 -5.857629e+00
    endloop
  endfacet
  facet normal 5.000000e-01 5.000000e-01 -7.071068e-01
    outer loop
      vertex   1.250000e+01 9.620112e+00 -5.857629e+00
      vertex   1.210000e+01 9.454427e+00 -6.257629e+00
      vertex   1.050000e+01 1.162011e+01 -5.857629e+00
    endloop
  endfacet
  facet normal 5.000000e-01 5.000000e-01 -7.071068e-01
    outer loop
      vertex   1.050000e+01 1.162011e+01 -5.857629e+00
      vertex   1.210000e+01 9.454427e+00 -6.257629e+00
      vertex   1.033431e+01 1.122011e+01 -6.257629e+00
    endloop
  endfacet
  facet normal 0.000000e+00 7.071068e-01 -7.071068e-01
    outer loop
      vertex   -1.050000e+01 1.162011e+01 -5.857629e+00
      vertex   1.050000e+01 1.162011e+01 -5.857629e+00
      vertex   -1.033431e+01 1.122011e+01 -6.257629e+00
    endloop
  endfacet
  facet normal 0.000000e+00 7.071068e-01 -7.071068e-01
    outer loop
      vertex   -1.033431e+01 1.122011e+01 -6.257629e+00
      vertex   1.050000e+01 1.162011e+01 -5.857629e+00
      vertex   1.033431e+01 1.122011e+01 -6.257629e+00
    endloop
  endfacet
  facet normal -5.000000e-01 5.000000e-01 -7.071068e-01
    outer loop
      vertex   -1.250000e+01 9.620112e+00 -5.857629e+00
      vertex   -1.050000e+01 1.162011e+01 -5.857629e+00
      vertex   -1.210000e+01 9.454427e+00 -6.257629e+00
    endloop
  endfacet
  facet normal -5.000000e-01 5.000000e-01 -7.071068e-01
    outer loop
      vertex   -1.210000e+01 9.454427e+00 -6.257629e+00
      vertex   -1.050000e+01 1.162011e+01 -5.857629e+00
      vertex   -1.033431e+01 1.122011e+01 -6.257629e+00
    endloop
  endfacet
  facet normal -7.071068e-01 3.808882e-17 -7.071068e-01
    outer loop
      vertex   -1.250000e+01 9.620112e+00 -5.857629e+00
      vertex   -1.210000e+01 9.454427e+00 -6.257629e+00
      vertex   -1.250000e+01 -5.633489e+01 -5.857629e+00
    endloop
  endfacet
  facet normal -7.071068e-01 1.943965e-17 -7.071068e-01
    outer loop
      vertex   -1.250000e+01 -5.633489e+01 -5.857629e+00
      vertex   -1.210000e+01 9.454427e+00 -6.257629e+00
      vertex   -1.210000e+01 -5.616920e+01 -6.257629e+00
    endloop
  endfacet
  facet normal -5.000000e-01 -5.000000e-01 -7.071068e-01
    outer loop
      vertex   -1.250000e+01 -5.633489e+01 -5.857629e+00
      vertex   -1.210000e+01 -5.616920e+01 -6.257629e+00
      vertex   -1.050000e+01 -5.833489e+01 -5.857629e+00
    endloop
  endfacet
  facet normal -5.000000e-01 -5.000000e-01 -7.071068e-01
    outer loop
      vertex   -1.050000e+01 -5.833489e+01 -5.857629e+00
      vertex   -1.210000e+01 -5.616920e+01 -6.257629e+00
      vertex   -1.033431e+01 -5.793489e+01 -6.257629e+00
    endloop
  endfacet
  facet normal -1.000000e+00 5.386572e-17 -1.876171e-32
    outer loop
      vertex   -1.250000e+01 9.620112e+00 -5.857629e+00
      vertex   -1.250000e+01 -5.633489e+01 -5.857629e+00
      vertex   -1.250000e+01 9.620112e+00 4.342371e+00
    endloop
  endfacet
  facet normal -1.000000e+00 5.386572e-17 0.000000e+00
    outer loop
      vertex   -1.250000e+01 9.620112e+00 4.342371e+00
      vertex   -1.250000e+01 -5.633489e+01 -5.857629e+00
      vertex   -1.250000e+01 -5.633489e+01 4.342371e+00
    endloop
  endfacet
  facet normal -7.071068e-01 -7.071068e-01 0.000000e+00
    outer loop
      vertex   -1.050000e+01 -5.833489e+01 -5.857629e+00
      vertex   -1.050000e+01 -5.833489e+01 4.342371e+00
      vertex   -1.250000e+01 -5.633489e+01 -5.857629e+00
    endloop
  endfacet
  facet normal -7.071068e-01 -7.071068e-01 0.000000e+00
    outer loop
      vertex   -1.250000e+01 -5.633489e+01 -5.857629e+00
      vertex   -1.050000e+01 -5.833489e+01 4.342371e+00
      vertex   -1.250000e+01 -5.633489e+01 4.342371e+00
    endloop
  endfacet
  facet normal 0.000000e+00 -1.000000e+00 0.000000e+00
    outer loop
      vertex   -1.050000e+01 -5.833489e+01 -5.857629e+00
      vertex   1.050000e+01 -5.833489e+01 -5.857629e+00
      vertex   -1.050000e+01 -5.833489e+01 4.342371e+00
    endloop
  endfacet
  facet normal 0.000000e+00 -1.000000e+00 0.000000e+00
    outer loop
      vertex   -1.050000e+01 -5.833489e+01 4.342371e+00
      vertex   1.050000e+01 -5.833489e+01 -5.857629e+00
      vertex   1.050000e+01 -5.833489e+01 4.342371e+00
    endloop
  endfacet
  facet normal -7.071068e-01 -7.071068e-01 -3.669672e-16
    outer loop
      vertex   8.500000e+00 9.620112e+00 2.765221e+00
      vertex   8.500000e+00 9.620112e+00 -6.576289e-01
      vertex   1.050000e+01 7.620112e+00 2.765221e+00
    endloop
  endfacet
  facet normal -7.071068e-01 -7.071068e-01 9.174181e-16
    outer loop
      vertex   1.050000e+01 7.620112e+00 2.765221e+00
      vertex   8.500000e+00 9.620112e+00 -6.576289e-01
      vertex   1.050000e+01 7.620112e+00 -6.576289e-01
    endloop
  endfacet
  facet normal 7.071068e-01 -7.071068e-01 7.339345e-16
    outer loop
      vertex   -1.050000e+01 7.620112e+00 2.765221e+00
      vertex   -1.050000e+01 7.620112e+00 -6.576289e-01
      vertex   -8.500000e+00 9.620112e+00 2.765221e+00
    endloop
  endfacet
  facet normal 7.071068e-01 -7.071068e-01 3.669672e-16
    outer loop
      vertex   -8.500000e+00 9.620112e+00 2.765221e+00
      vertex   -1.050000e+01 7.620112e+00 -6.576289e-01
      vertex   -8.500000e+00 9.620112e+00 -6.576289e-01
    endloop
  endfacet
  facet normal 0.000000e+00 1.000000e+00 -0.000000e+00
    outer loop
      vertex   -4.856403e+00 1.162011e+01 -4.580479e+00
      vertex   -1.050000e+01 1.162011e+01 -5.857629e+00
      vertex   -4.856403e+00 1.162011e+01 -2.939771e+00
    endloop
  endfacet
  facet normal 0.000000e+00 1.000000e+00 0.000000e+00
    outer loop
      vertex   -4.856403e+00 1.162011e+01 -2.939771e+00
      vertex   -1.050000e+01 1.162011e+01 -5.857629e+00
      vertex   -1.050000e+01 1.162011e+01 2.765221e+00
    endloop
  endfacet
  facet normal 0.000000e+00 1.000000e+00 -0.000000e+00
    outer loop
      vertex   -4.856403e+00 1.162011e+01 -2.939771e+00
      vertex   -1.050000e+01 1.162011e+01 2.765221e+00
      vertex   -3.856403e+00 1.162011e+01 -1.939771e+00
    endloop
  endfacet
  facet normal 0.000000e+00 1.000000e+00 -0.000000e+00
    outer loop
      vertex   -3.856403e+00 1.162011e+01 -1.939771e+00
      vertex   -1.050000e+01 1.162011e+01 2.765221e+00
      vertex   3.743597e+00 1.162011e+01 -1.939771e+00
    endloop
  endfacet
  facet normal 0.000000e+00 1.000000e+00 -0.000000e+00
    outer loop
      vertex   3.743597e+00 1.162011e+01 -1.939771e+00
      vertex   -1.050000e+01 1.162011e+01 2.765221e+00
      vertex   1.050000e+01 1.162011e+01 2.765221e+00
    endloop
  endfacet
  facet normal -0.000000e+00 1.000000e+00 0.000000e+00
    outer loop
      vertex   3.743597e+00 1.162011e+01 -1.939771e+00
      vertex   1.050000e+01 1.162011e+01 2.765221e+00
      vertex   4.743597e+00 1.162011e+01 -2.939771e+00
    endloop
  endfacet
  facet normal -0.000000e+00 1.000000e+00 0.000000e+00
    outer loop
      vertex   4.743597e+00 1.162011e+01 -2.939771e+00
      vertex   1.050000e+01 1.162011e+01 2.765221e+00
      vertex   1.050000e+01 1.162011e+01 -5.857629e+00
    endloop
  endfacet
  facet normal 0.000000e+00 1.000000e+00 0.000000e+00
    outer loop
      vertex   4.743597e+00 1.162011e+01 -2.939771e+00
      vertex   1.050000e+01 1.162011e+01 -5.857629e+00
      vertex   4.743597e+00 1.162011e+01 -4.580479e+00
    endloop
  endfacet
  facet normal 0.000000e+00 1.000000e+00 0.000000e+00
    outer loop
      vertex   4.743597e+00 1.162011e+01 -4.580479e+00
      vertex   1.050000e+01 1.162011e+01 -5.857629e+00
      vertex   3.743597e+00 1.162011e+01 -5.580479e+00
    endloop
  endfacet
  facet normal 0.000000e+00 1.000000e+00 0.000000e+00
    outer loop
      vertex   3.743597e+00 1.162011e+01 -5.580479e+00
      vertex   1.050000e+01 1.162011e+01 -5.857629e+00
      vertex   -1.050000e+01 1.162011e+01 -5.857629e+00
    endloop
  endfacet
  facet normal 0.000000e+00 1.000000e+00 0.000000e+00
    outer loop
      vertex   3.743597e+00 1.162011e+01 -5.580479e+00
      vertex   -1.050000e+01 1.162011e+01 -5.857629e+00
      vertex   -3.856403e+00 1.162011e+01 -5.580479e+00
    endloop
  endfacet
  facet normal 0.000000e+00 1.000000e+00 0.000000e+00
    outer loop
      vertex   -3.856403e+00 1.162011e+01 -5.580479e+00
      vertex   -1.050000e+01 1.162011e+01 -5.857629e+00
      vertex   -4.856403e+00 1.162011e+01 -4.580479e+00
    endloop
  endfacet
  facet normal 9.954761e-01 9.501211e-02 -0.000000e+00
    outer loop
      vertex   -9.091667e+00 -9.929888e+00 -2.157629e+00
      vertex   -9.091667e+00 -9.929888e+00 -6.576289e-01
      vertex   -9.053662e+00 -1.032808e+01 -2.157629e+00
    endloop
  endfacet
  facet normal 9.951843e-01 9.801777e-02 -8.052703e-04
    outer loop
      vertex   -9.053662e+00 -1.032808e+01 -2.157629e+00
      vertex   -9.091667e+00 -9.929888e+00 -6.576289e-01
      vertex   -9.051219e+00 -1.034055e+01 -6.576289e-01
    endloop
  endfacet
  facet normal 9.595304e-01 2.816040e-01 7.797883e-04
    outer loop
      vertex   -9.053662e+00 -1.032808e+01 -2.157629e+00
      vertex   -9.051219e+00 -1.034055e+01 -6.576289e-01
      vertex   -8.941021e+00 -1.071189e+01 -2.157629e+00
    endloop
  endfacet
  facet normal 9.569390e-01 2.902848e-01 -1.559568e-03
    outer loop
      vertex   -8.941021e+00 -1.071189e+01 -2.157629e+00
      vertex   -9.051219e+00 -1.034055e+01 -6.576289e-01
      vertex   -8.931433e+00 -1.073544e+01 -6.576289e-01
    endloop
  endfacet
  facet normal 8.889369e-01 4.580272e-01 1.508590e-03
    outer loop
      vertex   -8.941021e+00 -1.071189e+01 -2.157629e+00
      vertex   -8.931433e+00 -1.073544e+01 -6.576289e-01
      vertex   -8.757811e+00 -1.106746e+01 -2.157629e+00
    endloop
  endfacet
  facet normal 8.819189e-01 4.713958e-01 -2.262865e-03
    outer loop
      vertex   -8.757811e+00 -1.106746e+01 -2.157629e+00
      vertex   -8.931433e+00 -1.073544e+01 -6.576289e-01
      vertex   -8.736910e+00 -1.109936e+01 -6.576289e-01
    endloop
  endfacet
  facet normal 7.862449e-01 6.179111e-01 2.186378e-03
    outer loop
      vertex   -8.757811e+00 -1.106746e+01 -2.157629e+00
      vertex   -8.736910e+00 -1.109936e+01 -6.576289e-01
      vertex   -8.510647e+00 -1.138196e+01 -2.157629e+00
    endloop
  endfacet
  facet normal 7.730071e-01 6.343907e-01 -2.915134e-03
    outer loop
      vertex   -8.510647e+00 -1.138196e+01 -2.157629e+00
      vertex   -8.736910e+00 -1.109936e+01 -6.576289e-01
      vertex   -8.475126e+00 -1.141835e+01 -6.576289e-01
    endloop
  endfacet
  facet normal 6.551628e-01 7.554825e-01 2.813127e-03
    outer loop
      vertex   -8.510647e+00 -1.138196e+01 -2.157629e+00
      vertex   -8.475126e+00 -1.141835e+01 -6.576289e-01
      vertex   -8.208454e+00 -1.164402e+01 -2.157629e+00
    endloop
  endfacet
  facet normal 6.343894e-01 7.730056e-01 -3.516353e-03
    outer loop
      vertex   -8.208454e+00 -1.164402e+01 -2.157629e+00
      vertex   -8.475126e+00 -1.141835e+01 -6.576289e-01
      vertex   -8.156142e+00 -1.168013e+01 -6.576289e-01
    endloop
  endfacet
  facet normal 5.004240e-01 8.657739e-01 3.388814e-03
    outer loop
      vertex   -8.208454e+00 -1.164402e+01 -2.157629e+00
      vertex   -8.156142e+00 -1.168013e+01 -6.576289e-01
      vertex   -7.862144e+00 -1.184419e+01 -2.157629e+00
    endloop
  endfacet
  facet normal 4.713930e-01 8.819139e-01 -4.066499e-03
    outer loop
      vertex   -7.862144e+00 -1.184419e+01 -2.157629e+00
      vertex   -8.156142e+00 -1.168013e+01 -6.576289e-01
      vertex   -7.792215e+00 -1.187465e+01 -6.576289e-01
    endloop
  endfacet
  facet normal 3.276160e-01 9.448028e-01 3.913418e-03
    outer loop
      vertex   -7.862144e+00 -1.184419e+01 -2.157629e+00
      vertex   -7.792215e+00 -1.187465e+01 -6.576289e-01
      vertex   -7.484222e+00 -1.197524e+01 -2.157629e+00
    endloop
  endfacet
  facet normal 2.902820e-01 9.569302e-01 -4.565552e-03
    outer loop
      vertex   -7.484222e+00 -1.197524e+01 -2.157629e+00
      vertex   -7.792215e+00 -1.187465e+01 -6.576289e-01
      vertex   -7.397332e+00 -1.199444e+01 -6.576289e-01
    endloop
  endfacet
  facet normal 1.429790e-01 9.897160e-01 4.386922e-03
    outer loop
      vertex   -7.484222e+00 -1.197524e+01 -2.157629e+00
      vertex   -7.397332e+00 -1.199444e+01 -6.576289e-01
      vertex   -7.088333e+00 -1.203243e+01 -2.157629e+00
    endloop
  endfacet
  facet normal 9.801649e-02 9.951722e-01 -5.013496e-03
    outer loop
      vertex   -7.088333e+00 -1.203243e+01 -2.157629e+00
      vertex   -7.397332e+00 -1.199444e+01 -6.576289e-01
      vertex   -6.986667e+00 -1.203489e+01 -6.576289e-01
    endloop
  endfacet
  facet normal 2.415660e-02 9.997082e-01 -3.551231e-16
    outer loop
      vertex   -7.088333e+00 -1.203243e+01 -2.157629e+00
      vertex   -6.986667e+00 -1.203489e+01 -6.576289e-01
      vertex   -6.986667e+00 -1.203489e+01 -5.657629e+00
    endloop
  endfacet
  facet normal 8.053346e-03 9.999675e-01 -4.679437e-04
    outer loop
      vertex   -6.986667e+00 -1.203489e+01 -5.657629e+00
      vertex   -7.020567e+00 -1.203461e+01 -5.657629e+00
      vertex   -7.088333e+00 -1.203243e+01 -2.157629e+00
    endloop
  endfacet
  facet normal 2.415660e-02 9.997082e-01 -1.559947e-04
    outer loop
      vertex   -7.088333e+00 -1.203243e+01 -2.157629e+00
      vertex   -7.020567e+00 -1.203461e+01 -5.657629e+00
      vertex   -7.054459e+00 -1.203380e+01 -5.657629e+00
    endloop
  endfacet
  facet normal 4.025358e-02 9.991895e-01 0.000000e+00
    outer loop
      vertex   -7.088333e+00 -1.203243e+01 -2.157629e+00
      vertex   -7.054459e+00 -1.203380e+01 -5.657629e+00
      vertex   -7.088333e+00 -1.203243e+01 -5.657629e+00
    endloop
  endfacet
  facet normal -1.792288e-14 1.000000e+00 -3.552714e-16
    outer loop
      vertex   -6.986667e+00 -1.203489e+01 -6.576289e-01
      vertex   -5.500000e+00 -1.203489e+01 -6.576289e-01
      vertex   -6.986667e+00 -1.203489e+01 -5.657629e+00
    endloop
  endfacet
  facet normal -2.150746e-14 1.000000e+00 7.105427e-16
    outer loop
      vertex   -6.986667e+00 -1.203489e+01 -5.657629e+00
      vertex   -5.500000e+00 -1.203489e+01 -6.576289e-01
      vertex   -5.500000e+00 -1.203489e+01 -5.657629e+00
    endloop
  endfacet
  facet normal 9.801779e-02 -9.951847e-01 0.000000e+00
    outer loop
      vertex   -6.986667e+00 9.320112e+00 -5.657629e+00
      vertex   -6.986667e+00 9.320112e+00 -6.576289e-01
      vertex   -7.397332e+00 9.279665e+00 -5.657629e+00
    endloop
  endfacet
  facet normal 9.801780e-02 -9.951847e-01 -3.672916e-10
    outer loop
      vertex   -7.397332e+00 9.279665e+00 -5.657629e+00
      vertex   -6.986667e+00 9.320112e+00 -6.576289e-01
      vertex   -7.397332e+00 9.279665e+00 -6.576289e-01
    endloop
  endfacet
  facet normal 2.902851e-01 -9.569402e-01 3.672906e-10
    outer loop
      vertex   -7.397332e+00 9.279665e+00 -5.657629e+00
      vertex   -7.397332e+00 9.279665e+00 -6.576289e-01
      vertex   -7.792215e+00 9.159878e+00 -5.657629e+00
    endloop
  endfacet
  facet normal 2.902851e-01 -9.569402e-01 -7.345823e-10
    outer loop
      vertex   -7.792215e+00 9.159878e+00 -5.657629e+00
      vertex   -7.397332e+00 9.279665e+00 -6.576289e-01
      vertex   -7.792215e+00 9.159878e+00 -6.576289e-01
    endloop
  endfacet
  facet normal 4.713970e-01 -8.819211e-01 7.345822e-10
    outer loop
      vertex   -7.792215e+00 9.159878e+00 -5.657629e+00
      vertex   -7.792215e+00 9.159878e+00 -6.576289e-01
      vertex   -8.156142e+00 8.965355e+00 -5.657629e+00
    endloop
  endfacet
  facet normal 4.713970e-01 -8.819211e-01 -1.101873e-09
    outer loop
      vertex   -8.156142e+00 8.965355e+00 -5.657629e+00
      vertex   -7.792215e+00 9.159878e+00 -6.576289e-01
      vertex   -8.156142e+00 8.965355e+00 -6.576289e-01
    endloop
  endfacet
  facet normal 6.343934e-01 -7.730104e-01 1.101873e-09
    outer loop
      vertex   -8.156142e+00 8.965355e+00 -5.657629e+00
      vertex   -8.156142e+00 8.965355e+00 -6.576289e-01
      vertex   -8.475126e+00 8.703572e+00 -5.657629e+00
    endloop
  endfacet
  facet normal 6.343934e-01 -7.730104e-01 -1.469164e-09
    outer loop
      vertex   -8.475126e+00 8.703572e+00 -5.657629e+00
      vertex   -8.156142e+00 8.965355e+00 -6.576289e-01
      vertex   -8.475126e+00 8.703572e+00 -6.576289e-01
    endloop
  endfacet
  facet normal 7.730104e-01 -6.343934e-01 1.469164e-09
    outer loop
      vertex   -8.475126e+00 8.703572e+00 -5.657629e+00
      vertex   -8.475126e+00 8.703572e+00 -6.576289e-01
      vertex   -8.736910e+00 8.384587e+00 -5.657629e+00
    endloop
  endfacet
  facet normal 7.730104e-01 -6.343933e-01 -1.836455e-09
    outer loop
      vertex   -8.736910e+00 8.384587e+00 -5.657629e+00
      vertex   -8.475126e+00 8.703572e+00 -6.576289e-01
      vertex   -8.736910e+00 8.384587e+00 -6.576289e-01
    endloop
  endfacet
  facet normal 8.819211e-01 -4.713970e-01 1.836456e-09
    outer loop
      vertex   -8.736910e+00 8.384587e+00 -5.657629e+00
      vertex   -8.736910e+00 8.384587e+00 -6.576289e-01
      vertex   -8.931433e+00 8.020661e+00 -5.657629e+00
    endloop
  endfacet
  facet normal 8.819212e-01 -4.713969e-01 -2.203746e-09
    outer loop
      vertex   -8.931433e+00 8.020661e+00 -5.657629e+00
      vertex   -8.736910e+00 8.384587e+00 -6.576289e-01
      vertex   -8.931433e+00 8.020661e+00 -6.576289e-01
    endloop
  endfacet
  facet normal 9.569402e-01 -2.902851e-01 2.203746e-09
    outer loop
      vertex   -8.931433e+00 8.020661e+00 -5.657629e+00
      vertex   -8.931433e+00 8.020661e+00 -6.576289e-01
      vertex   -9.051219e+00 7.625777e+00 -5.657629e+00
    endloop
  endfacet
  facet normal 9.569402e-01 -2.902851e-01 -2.571037e-09
    outer loop
      vertex   -9.051219e+00 7.625777e+00 -5.657629e+00
      vertex   -8.931433e+00 8.020661e+00 -6.576289e-01
      vertex   -9.051219e+00 7.625777e+00 -6.576289e-01
    endloop
  endfacet
  facet normal 9.951847e-01 -9.801774e-02 2.571039e-09
    outer loop
      vertex   -9.051219e+00 7.625777e+00 -5.657629e+00
      vertex   -9.051219e+00 7.625777e+00 -6.576289e-01
      vertex   -9.091667e+00 7.215112e+00 -2.157629e+00
    endloop
  endfacet
  facet normal 9.951847e-01 -9.801773e-02 0.000000e+00
    outer loop
      vertex   -9.091667e+00 7.215112e+00 -2.157629e+00
      vertex   -9.051219e+00 7.625777e+00 -6.576289e-01
      vertex   -9.091667e+00 7.215112e+00 -6.576289e-01
    endloop
  endfacet
  facet normal 9.951847e-01 -9.801779e-02 -4.197644e-09
    outer loop
      vertex   -9.091667e+00 7.215112e+00 -2.157629e+00
      vertex   -9.091667e+00 7.215112e+00 -5.657629e+00
      vertex   -9.051219e+00 7.625777e+00 -5.657629e+00
    endloop
  endfacet
  facet normal 0.000000e+00 -1.000000e+00 7.105427e-16
    outer loop
      vertex   1.050000e+01 -1.327360e+01 -6.576289e-01
      vertex   5.500000e+00 -1.327360e+01 -6.576289e-01
      vertex   1.050000e+01 -1.327360e+01 -5.657629e+00
    endloop
  endfacet
  facet normal 0.000000e+00 -1.000000e+00 7.105427e-16
    outer loop
      vertex   1.050000e+01 -1.327360e+01 -5.657629e+00
      vertex   5.500000e+00 -1.327360e+01 -6.576289e-01
      vertex   5.500000e+00 -1.327360e+01 -5.657629e+00
    endloop
  endfacet
  facet normal 8.619893e-01 -5.069265e-01 0.000000e+00
    outer loop
      vertex   3.286132e+00 -1.783489e+01 -4.657629e+00
      vertex   3.286132e+00 -1.783489e+01 -5.657629e+00
      vertex   3.590352e+00 -1.731759e+01 -4.657629e+00
    endloop
  endfacet
  facet normal 8.619893e-01 -5.069265e-01 -1.418165e-15
    outer loop
      vertex   3.590352e+00 -1.731759e+01 -4.657629e+00
      vertex   3.286132e+00 -1.783489e+01 -5.657629e+00
      vertex   3.590352e+00 -1.731759e+01 -5.657629e+00
    endloop
  endfacet
  facet normal 9.281283e-01 -3.722604e-01 -9.103627e-16
    outer loop
      vertex   3.590352e+00 -1.731759e+01 -4.657629e+00
      vertex   3.590352e+00 -1.731759e+01 -5.657629e+00
      vertex   3.813754e+00 -1.676059e+01 -4.657629e+00
    endloop
  endfacet
  facet normal 9.281283e-01 -3.722604e-01 -9.103627e-16
    outer loop
      vertex   3.813754e+00 -1.676059e+01 -4.657629e+00
      vertex   3.590352e+00 -1.731759e+01 -5.657629e+00
      vertex   3.813754e+00 -1.676059e+01 -5.657629e+00
    endloop
  endfacet
  facet normal 9.733759e-01 -2.292148e-01 -3.820689e-16
    outer loop
      vertex   3.813754e+00 -1.676059e+01 -4.657629e+00
      vertex   3.813754e+00 -1.676059e+01 -5.657629e+00
      vertex   3.951312e+00 -1.617645e+01 -4.657629e+00
    endloop
  endfacet
  facet normal 9.733759e-01 -2.292148e-01 0.000000e+00
    outer loop
      vertex   3.951312e+00 -1.617645e+01 -4.657629e+00
      vertex   3.813754e+00 -1.676059e+01 -5.657629e+00
      vertex   3.951312e+00 -1.617645e+01 -5.657629e+00
    endloop
  endfacet
  facet normal 9.967133e-01 -8.100981e-02 0.000000e+00
    outer loop
      vertex   3.951312e+00 -1.617645e+01 -4.657629e+00
      vertex   3.951312e+00 -1.617645e+01 -5.657629e+00
      vertex   3.999928e+00 -1.557829e+01 -4.657629e+00
    endloop
  endfacet
  facet normal 9.967133e-01 -8.100981e-02 0.000000e+00
    outer loop
      vertex   3.999928e+00 -1.557829e+01 -4.657629e+00
      vertex   3.951312e+00 -1.617645e+01 -5.657629e+00
      vertex   3.999928e+00 -1.557829e+01 -5.657629e+00
    endloop
  endfacet
  facet normal 9.976154e-01 6.901868e-02 0.000000e+00
    outer loop
      vertex   3.999928e+00 -1.557829e+01 -4.657629e+00
      vertex   3.999928e+00 -1.557829e+01 -5.657629e+00
      vertex   3.958508e+00 -1.497960e+01 -4.657629e+00
    endloop
  endfacet
  facet normal 9.976154e-01 6.901868e-02 3.678054e-16
    outer loop
      vertex   3.958508e+00 -1.497960e+01 -4.657629e+00
      vertex   3.999928e+00 -1.557829e+01 -5.657629e+00
      vertex   3.958508e+00 -1.497960e+01 -5.657629e+00
    endloop
  endfacet
  facet normal 9.760617e-01 2.174936e-01 1.159039e-15
    outer loop
      vertex   3.958508e+00 -1.497960e+01 -4.657629e+00
      vertex   3.958508e+00 -1.497960e+01 -5.657629e+00
      vertex   3.827985e+00 -1.439384e+01 -4.657629e+00
    endloop
  endfacet
  facet normal 9.760617e-01 2.174936e-01 -9.140292e-16
    outer loop
      vertex   3.827985e+00 -1.439384e+01 -4.657629e+00
      vertex   3.958508e+00 -1.497960e+01 -5.657629e+00
      vertex   3.827985e+00 -1.439384e+01 -5.657629e+00
    endloop
  endfacet
  facet normal 9.325376e-01 3.610729e-01 -6.009954e-16
    outer loop
      vertex   3.827985e+00 -1.439384e+01 -4.657629e+00
      vertex   3.827985e+00 -1.439384e+01 -5.657629e+00
      vertex   3.611296e+00 -1.383420e+01 -4.657629e+00
    endloop
  endfacet
  facet normal 9.325376e-01 3.610729e-01 -1.015125e-15
    outer loop
      vertex   3.611296e+00 -1.383420e+01 -4.657629e+00
      vertex   3.827985e+00 -1.439384e+01 -5.657629e+00
      vertex   3.611296e+00 -1.383420e+01 -5.657629e+00
    endloop
  endfacet
  facet normal 8.680226e-01 4.965246e-01 -6.599130e-16
    outer loop
      vertex   3.611296e+00 -1.383420e+01 -4.657629e+00
      vertex   3.611296e+00 -1.383420e+01 -5.657629e+00
      vertex   3.313319e+00 -1.331328e+01 -4.657629e+00
    endloop
  endfacet
  facet normal 8.680226e-01 4.965246e-01 -3.854795e-16
    outer loop
      vertex   3.313319e+00 -1.331328e+01 -4.657629e+00
      vertex   3.611296e+00 -1.383420e+01 -5.657629e+00
      vertex   3.313319e+00 -1.331328e+01 -5.657629e+00
    endloop
  endfacet
  facet normal 7.839690e-01 6.208000e-01 -3.481522e-16
    outer loop
      vertex   3.313319e+00 -1.331328e+01 -4.657629e+00
      vertex   3.313319e+00 -1.331328e+01 -5.657629e+00
      vertex   2.940762e+00 -1.284280e+01 -4.657629e+00
    endloop
  endfacet
  facet normal 7.839690e-01 6.208000e-01 -9.861508e-16
    outer loop
      vertex   2.940762e+00 -1.284280e+01 -4.657629e+00
      vertex   3.313319e+00 -1.331328e+01 -5.657629e+00
      vertex   2.940762e+00 -1.284280e+01 -5.657629e+00
    endloop
  endfacet
  facet normal 6.822688e-01 7.311015e-01 -5.192321e-16
    outer loop
      vertex   2.940762e+00 -1.284280e+01 -4.657629e+00
      vertex   2.940762e+00 -1.284280e+01 -5.657629e+00
      vertex   2.502009e+00 -1.243336e+01 -4.657629e+00
    endloop
  endfacet
  facet normal 6.822688e-01 7.311015e-01 -3.029882e-16
    outer loop
      vertex   2.502009e+00 -1.243336e+01 -4.657629e+00
      vertex   2.940762e+00 -1.284280e+01 -5.657629e+00
      vertex   2.502009e+00 -1.243336e+01 -5.657629e+00
    endloop
  endfacet
  facet normal 5.652111e-01 8.249463e-01 -2.510041e-16
    outer loop
      vertex   2.502009e+00 -1.243336e+01 -4.657629e+00
      vertex   2.502009e+00 -1.243336e+01 -5.657629e+00
      vertex   2.006939e+00 -1.209416e+01 -4.657629e+00
    endloop
  endfacet
  facet normal 5.652111e-01 8.249463e-01 -5.020083e-16
    outer loop
      vertex   2.006939e+00 -1.209416e+01 -4.657629e+00
      vertex   2.502009e+00 -1.243336e+01 -5.657629e+00
      vertex   2.006939e+00 -1.209416e+01 -5.657629e+00
    endloop
  endfacet
  facet normal 4.354308e-01 9.002222e-01 -3.867403e-16
    outer loop
      vertex   2.006939e+00 -1.209416e+01 -4.657629e+00
      vertex   2.006939e+00 -1.209416e+01 -5.657629e+00
      vertex   1.466693e+00 -1.183285e+01 -4.657629e+00
    endloop
  endfacet
  facet normal 4.354308e-01 9.002222e-01 4.388950e-16
    outer loop
      vertex   1.466693e+00 -1.183285e+01 -4.657629e+00
      vertex   2.006939e+00 -1.209416e+01 -5.657629e+00
      vertex   1.466693e+00 -1.183285e+01 -5.657629e+00
    endloop
  endfacet
  facet normal 2.958493e-01 9.552346e-01 9.085365e-16
    outer loop
      vertex   1.466693e+00 -1.183285e+01 -4.657629e+00
      vertex   1.466693e+00 -1.183285e+01 -5.657629e+00
      vertex   8.934330e-01 -1.165530e+01 -4.657629e+00
    endloop
  endfacet
  facet normal 2.958493e-01 9.552346e-01 -3.284588e-16
    outer loop
      vertex   8.934330e-01 -1.165530e+01 -4.657629e+00
      vertex   1.466693e+00 -1.183285e+01 -5.657629e+00
      vertex   8.934330e-01 -1.165530e+01 -5.657629e+00
    endloop
  endfacet
  facet normal 1.496085e-01 9.887453e-01 -1.660988e-16
    outer loop
      vertex   8.934330e-01 -1.165530e+01 -4.657629e+00
      vertex   8.934330e-01 -1.165530e+01 -5.657629e+00
      vertex   3.000624e-01 -1.156551e+01 -4.657629e+00
    endloop
  endfacet
  facet normal 1.496085e-01 9.887453e-01 -4.069420e-16
    outer loop
      vertex   3.000624e-01 -1.156551e+01 -4.657629e+00
      vertex   8.934330e-01 -1.165530e+01 -5.657629e+00
      vertex   3.000624e-01 -1.156551e+01 -5.657629e+00
    endloop
  endfacet
  facet normal 0.000000e+00 1.000000e+00 0.000000e+00
    outer loop
      vertex   3.000624e-01 -1.156551e+01 -4.657629e+00
      vertex   3.000624e-01 -1.156551e+01 -5.657629e+00
      vertex   -3.000624e-01 -1.156551e+01 -4.657629e+00
    endloop
  endfacet
  facet normal 0.000000e+00 1.000000e+00 0.000000e+00
    outer loop
      vertex   -3.000624e-01 -1.156551e+01 -4.657629e+00
      vertex   3.000624e-01 -1.156551e+01 -5.657629e+00
      vertex   -3.000624e-01 -1.156551e+01 -5.657629e+00
    endloop
  endfacet
  facet normal -1.496085e-01 9.887453e-01 1.411840e-16
    outer loop
      vertex   -3.000624e-01 -1.156551e+01 -4.657629e+00
      vertex   -3.000624e-01 -1.156551e+01 -5.657629e+00
      vertex   -8.934330e-01 -1.165530e+01 -4.657629e+00
    endloop
  endfacet
  facet normal -1.496085e-01 9.887453e-01 1.660988e-17
    outer loop
      vertex   -8.934330e-01 -1.165530e+01 -4.657629e+00
      vertex   -3.000624e-01 -1.156551e+01 -5.657629e+00
      vertex   -8.934330e-01 -1.165530e+01 -5.657629e+00
    endloop
  endfacet
  facet normal -2.958493e-01 9.552346e-01 3.284588e-17
    outer loop
      vertex   -8.934330e-01 -1.165530e+01 -4.657629e+00
      vertex   -8.934330e-01 -1.165530e+01 -5.657629e+00
      vertex   -1.466693e+00 -1.183285e+01 -4.657629e+00
    endloop
  endfacet
  facet normal -2.958493e-01 9.552346e-01 7.883010e-16
    outer loop
      vertex   -1.466693e+00 -1.183285e+01 -4.657629e+00
      vertex   -8.934330e-01 -1.165530e+01 -5.657629e+00
      vertex   -1.466693e+00 -1.183285e+01 -5.657629e+00
    endloop
  endfacet
  facet normal -4.354308e-01 9.002222e-01 1.160221e-15
    outer loop
      vertex   -1.466693e+00 -1.183285e+01 -4.657629e+00
      vertex   -1.466693e+00 -1.183285e+01 -5.657629e+00
      vertex   -2.006939e+00 -1.209416e+01 -4.657629e+00
    endloop
  endfacet
  facet normal -4.354308e-01 9.002222e-01 -5.215471e-17
    outer loop
      vertex   -2.006939e+00 -1.209416e+01 -4.657629e+00
      vertex   -1.466693e+00 -1.183285e+01 -5.657629e+00
      vertex   -2.006939e+00 -1.209416e+01 -5.657629e+00
    endloop
  endfacet
  facet normal -5.652111e-01 8.249463e-01 5.426341e-16
    outer loop
      vertex   -2.006939e+00 -1.209416e+01 -4.657629e+00
      vertex   -2.006939e+00 -1.209416e+01 -5.657629e+00
      vertex   -2.502009e+00 -1.243336e+01 -4.657629e+00
    endloop
  endfacet
  facet normal -5.652111e-01 8.249463e-01 -2.103784e-16
    outer loop
      vertex   -2.502009e+00 -1.243336e+01 -4.657629e+00
      vertex   -2.006939e+00 -1.209416e+01 -5.657629e+00
      vertex   -2.502009e+00 -1.243336e+01 -5.657629e+00
    endloop
  endfacet
  facet normal -6.822688e-01 7.311015e-01 2.162439e-16
    outer loop
      vertex   -2.502009e+00 -1.243336e+01 -4.657629e+00
      vertex   -2.502009e+00 -1.243336e+01 -5.657629e+00
      vertex   -2.940762e+00 -1.284280e+01 -4.657629e+00
    endloop
  endfacet
  facet normal -6.822688e-01 7.311015e-01 -6.927207e-16
    outer loop
      vertex   -2.940762e+00 -1.284280e+01 -4.657629e+00
      vertex   -2.502009e+00 -1.243336e+01 -5.657629e+00
      vertex   -2.940762e+00 -1.284280e+01 -5.657629e+00
    endloop
  endfacet
  facet normal -7.839690e-01 6.208000e-01 -4.064579e-16
    outer loop
      vertex   -2.940762e+00 -1.284280e+01 -4.657629e+00
      vertex   -2.940762e+00 -1.284280e+01 -5.657629e+00
      vertex   -3.313319e+00 -1.331328e+01 -4.657629e+00
    endloop
  endfacet
  facet normal -7.839690e-01 6.208000e-01 0.000000e+00
    outer loop
      vertex   -3.313319e+00 -1.331328e+01 -4.657629e+00
      vertex   -2.940762e+00 -1.284280e+01 -5.657629e+00
      vertex   -3.313319e+00 -1.331328e+01 -5.657629e+00
    endloop
  endfacet
  facet normal -8.680226e-01 4.965246e-01 0.000000e+00
    outer loop
      vertex   -3.313319e+00 -1.331328e+01 -4.657629e+00
      vertex   -3.313319e+00 -1.331328e+01 -5.657629e+00
      vertex   -3.611296e+00 -1.383420e+01 -4.657629e+00
    endloop
  endfacet
  facet normal -8.680226e-01 4.965246e-01 -1.110460e-16
    outer loop
      vertex   -3.611296e+00 -1.383420e+01 -4.657629e+00
      vertex   -3.313319e+00 -1.331328e+01 -5.657629e+00
      vertex   -3.611296e+00 -1.383420e+01 -5.657629e+00
    endloop
  endfacet
  facet normal -9.325376e-01 3.610729e-01 1.868655e-16
    outer loop
      vertex   -3.611296e+00 -1.383420e+01 -4.657629e+00
      vertex   -3.611296e+00 -1.383420e+01 -5.657629e+00
      vertex   -3.827985e+00 -1.439384e+01 -4.657629e+00
    endloop
  endfacet
  facet normal -9.325376e-01 3.610729e-01 -4.545288e-16
    outer loop
      vertex   -3.827985e+00 -1.439384e+01 -4.657629e+00
      vertex   -3.611296e+00 -1.383420e+01 -5.657629e+00
      vertex   -3.827985e+00 -1.439384e+01 -5.657629e+00
    endloop
  endfacet
  facet normal -9.760617e-01 2.174936e-01 9.422448e-17
    outer loop
      vertex   -3.827985e+00 -1.439384e+01 -4.657629e+00
      vertex   -3.827985e+00 -1.439384e+01 -5.657629e+00
      vertex   -3.958508e+00 -1.497960e+01 -4.657629e+00
    endloop
  endfacet
  facet normal -9.760617e-01 2.174936e-01 -7.726925e-16
    outer loop
      vertex   -3.958508e+00 -1.497960e+01 -4.657629e+00
      vertex   -3.827985e+00 -1.439384e+01 -5.657629e+00
      vertex   -3.958508e+00 -1.497960e+01 -5.657629e+00
    endloop
  endfacet
  facet normal -9.976154e-01 6.901868e-02 -2.452036e-16
    outer loop
      vertex   -3.958508e+00 -1.497960e+01 -4.657629e+00
      vertex   -3.958508e+00 -1.497960e+01 -5.657629e+00
      vertex   -3.999928e+00 -1.557829e+01 -4.657629e+00
    endloop
  endfacet
  facet normal -9.976154e-01 6.901868e-02 -1.226018e-16
    outer loop
      vertex   -3.999928e+00 -1.557829e+01 -4.657629e+00
      vertex   -3.958508e+00 -1.497960e+01 -5.657629e+00
      vertex   -3.999928e+00 -1.557829e+01 -5.657629e+00
    endloop
  endfacet
  facet normal -9.967133e-01 -8.100981e-02 1.439023e-16
    outer loop
      vertex   -3.999928e+00 -1.557829e+01 -4.657629e+00
      vertex   -3.999928e+00 -1.557829e+01 -5.657629e+00
      vertex   -3.951312e+00 -1.617645e+01 -4.657629e+00
    endloop
  endfacet
  facet normal -9.967133e-01 -8.100981e-02 -0.000000e+00
    outer loop
      vertex   -3.951312e+00 -1.617645e+01 -4.657629e+00
      vertex   -3.999928e+00 -1.557829e+01 -5.657629e+00
      vertex   -3.951312e+00 -1.617645e+01 -5.657629e+00
    endloop
  endfacet
  facet normal -9.733759e-01 -2.292148e-01 -0.000000e+00
    outer loop
      vertex   -3.951312e+00 -1.617645e+01 -4.657629e+00
      vertex   -3.951312e+00 -1.617645e+01 -5.657629e+00
      vertex   -3.813754e+00 -1.676059e+01 -4.657629e+00
    endloop
  endfacet
  facet normal -9.733759e-01 -2.292148e-01 3.820689e-16
    outer loop
      vertex   -3.813754e+00 -1.676059e+01 -4.657629e+00
      vertex   -3.951312e+00 -1.617645e+01 -5.657629e+00
      vertex   -3.813754e+00 -1.676059e+01 -5.657629e+00
    endloop
  endfacet
  facet normal -9.281283e-01 -3.722604e-01 9.103627e-16
    outer loop
      vertex   -3.813754e+00 -1.676059e+01 -4.657629e+00
      vertex   -3.813754e+00 -1.676059e+01 -5.657629e+00
      vertex   -3.590352e+00 -1.731759e+01 -4.657629e+00
    endloop
  endfacet
  facet normal -9.281283e-01 -3.722604e-01 -8.243436e-16
    outer loop
      vertex   -3.590352e+00 -1.731759e+01 -4.657629e+00
      vertex   -3.813754e+00 -1.676059e+01 -5.657629e+00
      vertex   -3.590352e+00 -1.731759e+01 -5.657629e+00
    endloop
  endfacet
  facet normal -8.619893e-01 -5.069265e-01 -7.656003e-16
    outer loop
      vertex   -3.590352e+00 -1.731759e+01 -4.657629e+00
      vertex   -3.590352e+00 -1.731759e+01 -5.657629e+00
      vertex   -3.286132e+00 -1.783489e+01 -4.657629e+00
    endloop
  endfacet
  facet normal -8.619893e-01 -5.069265e-01 -0.000000e+00
    outer loop
      vertex   -3.286132e+00 -1.783489e+01 -4.657629e+00
      vertex   -3.590352e+00 -1.731759e+01 -5.657629e+00
      vertex   -3.286132e+00 -1.783489e+01 -5.657629e+00
    endloop
  endfacet
  facet normal -8.789476e-16 9.559132e-17 1.000000e+00
    outer loop
      vertex   -1.953241e+00 -1.512430e+01 -4.657629e+00
      vertex   -3.958508e+00 -1.497960e+01 -4.657629e+00
      vertex   -2.000000e+00 -1.555424e+01 -4.657629e+00
    endloop
  endfacet
  facet normal -8.889501e-16 6.150082e-17 1.000000e+00
    outer loop
      vertex   -2.000000e+00 -1.555424e+01 -4.657629e+00
      vertex   -3.958508e+00 -1.497960e+01 -4.657629e+00
      vertex   -3.999928e+00 -1.557829e+01 -4.657629e+00
    endloop
  endfacet
  facet normal -8.873432e-16 -7.212055e-17 1.000000e+00
    outer loop
      vertex   -2.000000e+00 -1.555424e+01 -4.657629e+00
      vertex   -3.999928e+00 -1.557829e+01 -4.657629e+00
      vertex   -3.951312e+00 -1.617645e+01 -4.657629e+00
    endloop
  endfacet
  facet normal -8.718271e-16 1.942672e-16 1.000000e+00
    outer loop
      vertex   -3.958508e+00 -1.497960e+01 -4.657629e+00
      vertex   -1.953241e+00 -1.512430e+01 -4.657629e+00
      vertex   -3.827985e+00 -1.439384e+01 -4.657629e+00
    endloop
  endfacet
  facet normal -8.375626e-16 2.822077e-16 1.000000e+00
    outer loop
      vertex   -3.827985e+00 -1.439384e+01 -4.657629e+00
      vertex   -1.953241e+00 -1.512430e+01 -4.657629e+00
      vertex   -1.815151e+00 -1.471447e+01 -4.657629e+00
    endloop
  endfacet
  facet normal -8.312473e-16 3.218539e-16 1.000000e+00
    outer loop
      vertex   -3.827985e+00 -1.439384e+01 -4.657629e+00
      vertex   -1.815151e+00 -1.471447e+01 -4.657629e+00
      vertex   -3.611296e+00 -1.383420e+01 -4.657629e+00
    endloop
  endfacet
  facet normal -7.637676e-16 4.595437e-16 1.000000e+00
    outer loop
      vertex   -3.611296e+00 -1.383420e+01 -4.657629e+00
      vertex   -1.815151e+00 -1.471447e+01 -4.657629e+00
      vertex   -1.592186e+00 -1.434390e+01 -4.657629e+00
    endloop
  endfacet
  facet normal -7.687649e-16 4.397474e-16 1.000000e+00
    outer loop
      vertex   -3.611296e+00 -1.383420e+01 -4.657629e+00
      vertex   -1.592186e+00 -1.434390e+01 -4.657629e+00
      vertex   -3.313319e+00 -1.331328e+01 -4.657629e+00
    endloop
  endfacet
  facet normal -6.585482e-16 6.238100e-16 1.000000e+00
    outer loop
      vertex   -3.313319e+00 -1.331328e+01 -4.657629e+00
      vertex   -1.592186e+00 -1.434390e+01 -4.657629e+00
      vertex   -1.294773e+00 -1.402992e+01 -4.657629e+00
    endloop
  endfacet
  facet normal -6.869049e-16 5.439380e-16 1.000000e+00
    outer loop
      vertex   -3.313319e+00 -1.331328e+01 -4.657629e+00
      vertex   -1.294773e+00 -1.402992e+01 -4.657629e+00
      vertex   -2.940762e+00 -1.284280e+01 -4.657629e+00
    endloop
  endfacet
  facet normal -5.229412e-16 7.712805e-16 1.000000e+00
    outer loop
      vertex   -2.940762e+00 -1.284280e+01 -4.657629e+00
      vertex   -1.294773e+00 -1.402992e+01 -4.657629e+00
      vertex   -9.368169e-01 -1.378722e+01 -4.657629e+00
    endloop
  endfacet
  facet normal -5.889857e-16 6.311418e-16 1.000000e+00
    outer loop
      vertex   -2.940762e+00 -1.284280e+01 -4.657629e+00
      vertex   -9.368169e-01 -1.378722e+01 -4.657629e+00
      vertex   -2.502009e+00 -1.243336e+01 -4.657629e+00
    endloop
  endfacet
  facet normal -5.016245e-16 7.321394e-16 1.000000e+00
    outer loop
      vertex   -2.502009e+00 -1.243336e+01 -4.657629e+00
      vertex   -9.368169e-01 -1.378722e+01 -4.657629e+00
      vertex   -2.006939e+00 -1.209416e+01 -4.657629e+00
    endloop
  endfacet
  facet normal -3.339401e-16 8.381265e-16 1.000000e+00
    outer loop
      vertex   -2.006939e+00 -1.209416e+01 -4.657629e+00
      vertex   -9.368169e-01 -1.378722e+01 -4.657629e+00
      vertex   -5.350567e-01 -1.362714e+01 -4.657629e+00
    endloop
  endfacet
  facet normal -3.827347e-16 7.912768e-16 1.000000e+00
    outer loop
      vertex   -2.006939e+00 -1.209416e+01 -4.657629e+00
      vertex   -5.350567e-01 -1.362714e+01 -4.657629e+00
      vertex   -1.466693e+00 -1.183285e+01 -4.657629e+00
    endloop
  endfacet
  facet normal -2.641404e-16 8.528533e-16 1.000000e+00
    outer loop
      vertex   -1.466693e+00 -1.183285e+01 -4.657629e+00
      vertex   -5.350567e-01 -1.362714e+01 -4.657629e+00
      vertex   -8.934330e-01 -1.165530e+01 -4.657629e+00
    endloop
  endfacet
  facet normal -1.434153e-16 8.747947e-16 1.000000e+00
    outer loop
      vertex   -8.934330e-01 -1.165530e+01 -4.657629e+00
      vertex   -5.350567e-01 -1.362714e+01 -4.657629e+00
      vertex   -1.082778e-01 -1.355718e+01 -4.657629e+00
    endloop
  endfacet
  facet normal -1.330160e-16 8.790879e-16 1.000000e+00
    outer loop
      vertex   -8.934330e-01 -1.165530e+01 -4.657629e+00
      vertex   -1.082778e-01 -1.355718e+01 -4.657629e+00
      vertex   -3.000624e-01 -1.156551e+01 -4.657629e+00
    endloop
  endfacet
  facet normal -0.000000e+00 8.918965e-16 1.000000e+00
    outer loop
      vertex   -3.000624e-01 -1.156551e+01 -4.657629e+00
      vertex   -1.082778e-01 -1.355718e+01 -4.657629e+00
      vertex   3.000624e-01 -1.156551e+01 -4.657629e+00
    endloop
  endfacet
  facet normal 4.782559e-17 8.820910e-16 1.000000e+00
    outer loop
      vertex   3.000624e-01 -1.156551e+01 -4.657629e+00
      vertex   -1.082778e-01 -1.355718e+01 -4.657629e+00
      vertex   3.235640e-01 -1.358059e+01 -4.657629e+00
    endloop
  endfacet
  facet normal 1.336219e-16 8.830917e-16 1.000000e+00
    outer loop
      vertex   3.000624e-01 -1.156551e+01 -4.657629e+00
      vertex   3.235640e-01 -1.358059e+01 -4.657629e+00
      vertex   8.934330e-01 -1.165530e+01 -4.657629e+00
    endloop
  endfacet
  facet normal 2.617590e-16 8.451642e-16 1.000000e+00
    outer loop
      vertex   8.934330e-01 -1.165530e+01 -4.657629e+00
      vertex   3.235640e-01 -1.358059e+01 -4.657629e+00
      vertex   1.466693e+00 -1.183285e+01 -4.657629e+00
    endloop
  endfacet
  facet normal 2.388237e-16 8.601653e-16 1.000000e+00
    outer loop
      vertex   1.466693e+00 -1.183285e+01 -4.657629e+00
      vertex   3.235640e-01 -1.358059e+01 -4.657629e+00
      vertex   7.402763e-01 -1.369629e+01 -4.657629e+00
    endloop
  endfacet
  facet normal 3.879391e-16 8.020364e-16 1.000000e+00
    outer loop
      vertex   1.466693e+00 -1.183285e+01 -4.657629e+00
      vertex   7.402763e-01 -1.369629e+01 -4.657629e+00
      vertex   2.006939e+00 -1.209416e+01 -4.657629e+00
    endloop
  endfacet
  facet normal 4.927434e-16 7.191771e-16 1.000000e+00
    outer loop
      vertex   2.006939e+00 -1.209416e+01 -4.657629e+00
      vertex   7.402763e-01 -1.369629e+01 -4.657629e+00
      vertex   2.502009e+00 -1.243336e+01 -4.657629e+00
    endloop
  endfacet
  facet normal 4.286697e-16 8.085568e-16 1.000000e+00
    outer loop
      vertex   2.502009e+00 -1.243336e+01 -4.657629e+00
      vertex   7.402763e-01 -1.369629e+01 -4.657629e+00
      vertex   1.122374e+00 -1.389887e+01 -4.657629e+00
    endloop
  endfacet
  facet normal 6.021469e-16 6.452450e-16 1.000000e+00
    outer loop
      vertex   2.502009e+00 -1.243336e+01 -4.657629e+00
      vertex   1.122374e+00 -1.389887e+01 -4.657629e+00
      vertex   2.940762e+00 -1.284280e+01 -4.657629e+00
    endloop
  endfacet
  facet normal 5.801897e-16 6.830521e-16 1.000000e+00
    outer loop
      vertex   2.940762e+00 -1.284280e+01 -4.657629e+00
      vertex   1.122374e+00 -1.389887e+01 -4.657629e+00
      vertex   1.451991e+00 -1.417885e+01 -4.657629e+00
    endloop
  endfacet
  facet normal 6.975020e-16 5.523295e-16 1.000000e+00
    outer loop
      vertex   2.940762e+00 -1.284280e+01 -4.657629e+00
      vertex   1.451991e+00 -1.417885e+01 -4.657629e+00
      vertex   3.313319e+00 -1.331328e+01 -4.657629e+00
    endloop
  endfacet
  facet normal 7.538286e-16 4.312036e-16 1.000000e+00
    outer loop
      vertex   3.313319e+00 -1.331328e+01 -4.657629e+00
      vertex   1.451991e+00 -1.417885e+01 -4.657629e+00
      vertex   3.611296e+00 -1.383420e+01 -4.657629e+00
    endloop
  endfacet
  facet normal 7.336391e-16 5.576979e-16 1.000000e+00
    outer loop
      vertex   3.611296e+00 -1.383420e+01 -4.657629e+00
      vertex   1.451991e+00 -1.417885e+01 -4.657629e+00
      vertex   1.713714e+00 -1.452314e+01 -4.657629e+00
    endloop
  endfacet
  facet normal 8.207412e-16 3.177860e-16 1.000000e+00
    outer loop
      vertex   3.611296e+00 -1.383420e+01 -4.657629e+00
      vertex   1.713714e+00 -1.452314e+01 -4.657629e+00
      vertex   3.827985e+00 -1.439384e+01 -4.657629e+00
    endloop
  endfacet
  facet normal 8.170582e-16 3.780114e-16 1.000000e+00
    outer loop
      vertex   3.827985e+00 -1.439384e+01 -4.657629e+00
      vertex   1.713714e+00 -1.452314e+01 -4.657629e+00
      vertex   1.895306e+00 -1.491564e+01 -4.657629e+00
    endloop
  endfacet
  facet normal 8.669597e-16 1.931827e-16 1.000000e+00
    outer loop
      vertex   3.827985e+00 -1.439384e+01 -4.657629e+00
      vertex   1.895306e+00 -1.491564e+01 -4.657629e+00
      vertex   3.958508e+00 -1.497960e+01 -4.657629e+00
    endloop
  endfacet
  facet normal 8.668864e-16 1.908161e-16 1.000000e+00
    outer loop
      vertex   3.958508e+00 -1.497960e+01 -4.657629e+00
      vertex   1.895306e+00 -1.491564e+01 -4.657629e+00
      vertex   1.988276e+00 -1.533801e+01 -4.657629e+00
    endloop
  endfacet
  facet normal 8.903920e-16 6.160058e-17 1.000000e+00
    outer loop
      vertex   3.958508e+00 -1.497960e+01 -4.657629e+00
      vertex   1.988276e+00 -1.533801e+01 -4.657629e+00
      vertex   3.999928e+00 -1.557829e+01 -4.657629e+00
    endloop
  endfacet
  facet normal 8.830340e-16 0.000000e+00 1.000000e+00
    outer loop
      vertex   3.999928e+00 -1.557829e+01 -4.657629e+00
      vertex   1.988276e+00 -1.533801e+01 -4.657629e+00
      vertex   1.988276e+00 -1.577048e+01 -4.657629e+00
    endloop
  endfacet
  facet normal 8.899444e-16 -7.233196e-17 1.000000e+00
    outer loop
      vertex   3.999928e+00 -1.557829e+01 -4.657629e+00
      vertex   1.988276e+00 -1.577048e+01 -4.657629e+00
      vertex   3.951312e+00 -1.617645e+01 -4.657629e+00
    endloop
  endfacet
  facet normal 8.655042e-16 -1.905119e-16 1.000000e+00
    outer loop
      vertex   3.951312e+00 -1.617645e+01 -4.657629e+00
      vertex   1.988276e+00 -1.577048e+01 -4.657629e+00
      vertex   1.895306e+00 -1.619285e+01 -4.657629e+00
    endloop
  endfacet
  facet normal 8.656105e-16 -2.038378e-16 1.000000e+00
    outer loop
      vertex   3.951312e+00 -1.617645e+01 -4.657629e+00
      vertex   1.895306e+00 -1.619285e+01 -4.657629e+00
      vertex   3.813754e+00 -1.676059e+01 -4.657629e+00
    endloop
  endfacet
  facet normal 8.144259e-16 -3.767936e-16 1.000000e+00
    outer loop
      vertex   3.813754e+00 -1.676059e+01 -4.657629e+00
      vertex   1.895306e+00 -1.619285e+01 -4.657629e+00
      vertex   1.713714e+00 -1.658535e+01 -4.657629e+00
    endloop
  endfacet
  facet normal 8.184743e-16 -3.282795e-16 1.000000e+00
    outer loop
      vertex   3.813754e+00 -1.676059e+01 -4.657629e+00
      vertex   1.713714e+00 -1.658535e+01 -4.657629e+00
      vertex   3.590352e+00 -1.731759e+01 -4.657629e+00
    endloop
  endfacet
  facet normal 7.300294e-16 -5.549540e-16 1.000000e+00
    outer loop
      vertex   3.590352e+00 -1.731759e+01 -4.657629e+00
      vertex   1.713714e+00 -1.658535e+01 -4.657629e+00
      vertex   1.451991e+00 -1.692964e+01 -4.657629e+00
    endloop
  endfacet
  facet normal 4.691638e-16 -1.992857e-15 1.000000e+00
    outer loop
      vertex   3.590352e+00 -1.731759e+01 -4.657629e+00
      vertex   1.451991e+00 -1.692964e+01 -4.657629e+00
      vertex   3.286132e+00 -1.783489e+01 -4.657629e+00
    endloop
  endfacet
  facet normal 9.188441e-16 -1.081747e-15 1.000000e+00
    outer loop
      vertex   3.286132e+00 -1.783489e+01 -4.657629e+00
      vertex   1.451991e+00 -1.692964e+01 -4.657629e+00
      vertex   1.122374e+00 -1.720962e+01 -4.657629e+00
    endloop
  endfacet
  facet normal 7.970172e-16 -1.503334e-15 1.000000e+00
    outer loop
      vertex   3.286132e+00 -1.783489e+01 -4.657629e+00
      vertex   1.122374e+00 -1.720962e+01 -4.657629e+00
      vertex   7.402763e-01 -1.741220e+01 -4.657629e+00
    endloop
  endfacet
  facet normal 6.549590e-16 -2.358949e-15 1.000000e+00
    outer loop
      vertex   7.402763e-01 -1.741220e+01 -4.657629e+00
      vertex   3.235640e-01 -1.752790e+01 -4.657629e+00
      vertex   3.286132e+00 -1.783489e+01 -4.657629e+00
    endloop
  endfacet
  facet normal 3.089434e-16 -5.698125e-15 1.000000e+00
    outer loop
      vertex   3.286132e+00 -1.783489e+01 -4.657629e+00
      vertex   3.235640e-01 -1.752790e+01 -4.657629e+00
      vertex   -1.082778e-01 -1.755131e+01 -4.657629e+00
    endloop
  endfacet
  facet normal 1.351404e-16 -7.778546e-15 1.000000e+00
    outer loop
      vertex   3.286132e+00 -1.783489e+01 -4.657629e+00
      vertex   -1.082778e-01 -1.755131e+01 -4.657629e+00
      vertex   -3.286132e+00 -1.783489e+01 -4.657629e+00
    endloop
  endfacet
  facet normal -3.619608e-16 -2.207863e-15 1.000000e+00
    outer loop
      vertex   -3.286132e+00 -1.783489e+01 -4.657629e+00
      vertex   -1.082778e-01 -1.755131e+01 -4.657629e+00
      vertex   -5.350567e-01 -1.748134e+01 -4.657629e+00
    endloop
  endfacet
  facet normal -4.882244e-16 -1.225351e-15 1.000000e+00
    outer loop
      vertex   -3.286132e+00 -1.783489e+01 -4.657629e+00
      vertex   -5.350567e-01 -1.748134e+01 -4.657629e+00
      vertex   -9.368169e-01 -1.732127e+01 -4.657629e+00
    endloop
  endfacet
  facet normal -5.717554e-16 -8.432762e-16 1.000000e+00
    outer loop
      vertex   -9.368169e-01 -1.732127e+01 -4.657629e+00
      vertex   -1.294773e+00 -1.707857e+01 -4.657629e+00
      vertex   -3.286132e+00 -1.783489e+01 -4.657629e+00
    endloop
  endfacet
  facet normal -6.560188e-16 -6.214140e-16 1.000000e+00
    outer loop
      vertex   -3.286132e+00 -1.783489e+01 -4.657629e+00
      vertex   -1.294773e+00 -1.707857e+01 -4.657629e+00
      vertex   -1.592186e+00 -1.676459e+01 -4.657629e+00
    endloop
  endfacet
  facet normal -7.645588e-16 -4.496287e-16 1.000000e+00
    outer loop
      vertex   -3.286132e+00 -1.783489e+01 -4.657629e+00
      vertex   -1.592186e+00 -1.676459e+01 -4.657629e+00
      vertex   -3.590352e+00 -1.731759e+01 -4.657629e+00
    endloop
  endfacet
  facet normal -7.620936e-16 -4.585365e-16 1.000000e+00
    outer loop
      vertex   -3.590352e+00 -1.731759e+01 -4.657629e+00
      vertex   -1.592186e+00 -1.676459e+01 -4.657629e+00
      vertex   -1.815151e+00 -1.639402e+01 -4.657629e+00
    endloop
  endfacet
  facet normal -8.278951e-16 -3.320581e-16 1.000000e+00
    outer loop
      vertex   -3.590352e+00 -1.731759e+01 -4.657629e+00
      vertex   -1.815151e+00 -1.639402e+01 -4.657629e+00
      vertex   -3.813754e+00 -1.676059e+01 -4.657629e+00
    endloop
  endfacet
  facet normal -8.370688e-16 -2.820413e-16 1.000000e+00
    outer loop
      vertex   -3.813754e+00 -1.676059e+01 -4.657629e+00
      vertex   -1.815151e+00 -1.639402e+01 -4.657629e+00
      vertex   -1.953241e+00 -1.598419e+01 -4.657629e+00
    endloop
  endfacet
  facet normal -8.693376e-16 -2.047154e-16 1.000000e+00
    outer loop
      vertex   -3.813754e+00 -1.676059e+01 -4.657629e+00
      vertex   -1.953241e+00 -1.598419e+01 -4.657629e+00
      vertex   -3.951312e+00 -1.617645e+01 -4.657629e+00
    endloop
  endfacet
  facet normal -8.798287e-16 -9.568714e-17 1.000000e+00
    outer loop
      vertex   -3.951312e+00 -1.617645e+01 -4.657629e+00
      vertex   -1.953241e+00 -1.598419e+01 -4.657629e+00
      vertex   -2.000000e+00 -1.555424e+01 -4.657629e+00
    endloop
  endfacet
  facet normal 7.071068e-01 7.071068e-01 -0.000000e+00
    outer loop
      vertex   1.055000e+01 1.157011e+01 3.983792e+00
      vertex   1.055000e+01 1.157011e+01 4.342371e+00
      vertex   1.122715e+01 1.089296e+01 3.306643e+00
    endloop
  endfacet
  facet normal 7.071068e-01 7.071068e-01 -1.243841e-15
    outer loop
      vertex   1.122715e+01 1.089296e+01 3.306643e+00
      vertex   1.055000e+01 1.157011e+01 4.342371e+00
      vertex   1.250000e+01 9.620112e+00 4.342371e+00
    endloop
  endfacet
  facet normal 7.071068e-01 7.071068e-01 2.319956e-15
    outer loop
      vertex   1.122715e+01 1.089296e+01 3.306643e+00
      vertex   1.250000e+01 9.620112e+00 4.342371e+00
      vertex   1.122715e+01 1.089296e+01 2.765221e+00
    endloop
  endfacet
  facet normal 7.071068e-01 7.071068e-01 -1.330272e-16
    outer loop
      vertex   1.122715e+01 1.089296e+01 2.765221e+00
      vertex   1.250000e+01 9.620112e+00 4.342371e+00
      vertex   1.250000e+01 9.620112e+00 -5.857629e+00
    endloop
  endfacet
  facet normal 7.071068e-01 7.071068e-01 -5.462553e-17
    outer loop
      vertex   1.122715e+01 1.089296e+01 2.765221e+00
      vertex   1.250000e+01 9.620112e+00 -5.857629e+00
      vertex   1.050000e+01 1.162011e+01 -5.857629e+00
    endloop
  endfacet
  facet normal 7.071068e-01 7.071068e-01 -0.000000e+00
    outer loop
      vertex   1.050000e+01 1.162011e+01 -5.857629e+00
      vertex   1.050000e+01 1.162011e+01 2.765221e+00
      vertex   1.122715e+01 1.089296e+01 2.765221e+00
    endloop
  endfacet
  facet normal 0.000000e+00 0.000000e+00 1.000000e+00
    outer loop
      vertex   -1.055000e+01 1.157011e+01 4.342371e+00
      vertex   -1.250000e+01 9.620112e+00 4.342371e+00
      vertex   -1.055000e+01 -5.433489e+01 4.342371e+00
    endloop
  endfacet
  facet normal 0.000000e+00 0.000000e+00 1.000000e+00
    outer loop
      vertex   -1.055000e+01 -5.433489e+01 4.342371e+00
      vertex   -1.250000e+01 9.620112e+00 4.342371e+00
      vertex   -1.250000e+01 -5.633489e+01 4.342371e+00
    endloop
  endfacet
  facet normal 0.000000e+00 0.000000e+00 1.000000e+00
    outer loop
      vertex   -1.055000e+01 -5.433489e+01 4.342371e+00
      vertex   -1.250000e+01 -5.633489e+01 4.342371e+00
      vertex   -1.050000e+01 -5.833489e+01 4.342371e+00
    endloop
  endfacet
  facet normal 0.000000e+00 0.000000e+00 1.000000e+00
    outer loop
      vertex   1.050000e+01 -5.833489e+01 4.342371e+00
      vertex   -8.500000e+00 -5.633489e+01 4.342371e+00
      vertex   -1.050000e+01 -5.833489e+01 4.342371e+00
    endloop
  endfacet
  facet normal 0.000000e+00 -0.000000e+00 1.000000e+00
    outer loop
      vertex   -1.050000e+01 -5.833489e+01 4.342371e+00
      vertex   -8.500000e+00 -5.633489e+01 4.342371e+00
      vertex   -1.050000e+01 -5.433489e+01 4.342371e+00
    endloop
  endfacet
  facet normal 0.000000e+00 0.000000e+00 1.000000e+00
    outer loop
      vertex   -1.050000e+01 -5.833489e+01 4.342371e+00
      vertex   -1.050000e+01 -5.433489e+01 4.342371e+00
      vertex   -1.055000e+01 -5.433489e+01 4.342371e+00
    endloop
  endfacet
  facet normal 0.000000e+00 0.000000e+00 1.000000e+00
    outer loop
      vertex   1.250000e+01 -5.633489e+01 4.342371e+00
      vertex   1.055000e+01 -5.433489e+01 4.342371e+00
      vertex   1.050000e+01 -5.833489e+01 4.342371e+00
    endloop
  endfacet
  facet normal 0.000000e+00 0.000000e+00 1.000000e+00
    outer loop
      vertex   1.050000e+01 -5.833489e+01 4.342371e+00
      vertex   1.055000e+01 -5.433489e+01 4.342371e+00
      vertex   1.050000e+01 -5.433489e+01 4.342371e+00
    endloop
  endfacet
  facet normal 0.000000e+00 -0.000000e+00 1.000000e+00
    outer loop
      vertex   1.050000e+01 -5.833489e+01 4.342371e+00
      vertex   1.050000e+01 -5.433489e+01 4.342371e+00
      vertex   8.500000e+00 -5.633489e+01 4.342371e+00
    endloop
  endfacet
  facet normal 0.000000e+00 -0.000000e+00 1.000000e+00
    outer loop
      vertex   1.250000e+01 -5.633489e+01 4.342371e+00
      vertex   1.250000e+01 9.620112e+00 4.342371e+00
      vertex   1.055000e+01 -5.433489e+01 4.342371e+00
    endloop
  endfacet
  facet normal 0.000000e+00 0.000000e+00 1.000000e+00
    outer loop
      vertex   1.055000e+01 -5.433489e+01 4.342371e+00
      vertex   1.250000e+01 9.620112e+00 4.342371e+00
      vertex   1.055000e+01 1.157011e+01 4.342371e+00
    endloop
  endfacet
  facet normal 0.000000e+00 0.000000e+00 1.000000e+00
    outer loop
      vertex   8.500000e+00 -5.633489e+01 4.342371e+00
      vertex   -8.500000e+00 -5.633489e+01 4.342371e+00
      vertex   1.050000e+01 -5.833489e+01 4.342371e+00
    endloop
  endfacet
  facet normal 7.071068e-01 -7.071068e-01 0.000000e+00
    outer loop
      vertex   1.250000e+01 -5.633489e+01 -5.857629e+00
      vertex   1.250000e+01 -5.633489e+01 4.342371e+00
      vertex   1.050000e+01 -5.833489e+01 -5.857629e+00
    endloop
  endfacet
  facet normal 7.071068e-01 -7.071068e-01 0.000000e+00
    outer loop
      vertex   1.050000e+01 -5.833489e+01 -5.857629e+00
      vertex   1.250000e+01 -5.633489e+01 4.342371e+00
      vertex   1.050000e+01 -5.833489e+01 4.342371e+00
    endloop
  endfacet
  facet normal -7.071068e-01 7.071068e-01 -2.341293e-14
    outer loop
      vertex   1.050000e+01 -5.433489e+01 -5.657629e+00
      vertex   8.500000e+00 -5.633489e+01 -5.657629e+00
      vertex   1.050000e+01 -5.433489e+01 2.765221e+00
    endloop
  endfacet
  facet normal -7.071068e-01 7.071068e-01 0.000000e+00
    outer loop
      vertex   1.050000e+01 -5.433489e+01 2.765221e+00
      vertex   8.500000e+00 -5.633489e+01 -5.657629e+00
      vertex   8.500000e+00 -5.633489e+01 4.342371e+00
    endloop
  endfacet
  facet normal -7.071068e-01 7.071068e-01 1.242416e-13
    outer loop
      vertex   1.050000e+01 -5.433489e+01 2.765221e+00
      vertex   8.500000e+00 -5.633489e+01 4.342371e+00
      vertex   1.050000e+01 -5.433489e+01 4.342371e+00
    endloop
  endfacet
  facet normal 7.071068e-01 7.071068e-01 -2.311468e-14
    outer loop
      vertex   -1.050000e+01 -5.433489e+01 -5.657629e+00
      vertex   -1.050000e+01 -5.433489e+01 2.765221e+00
      vertex   -8.500000e+00 -5.633489e+01 -5.657629e+00
    endloop
  endfacet
  facet normal 7.071068e-01 7.071068e-01 -0.000000e+00
    outer loop
      vertex   -8.500000e+00 -5.633489e+01 -5.657629e+00
      vertex   -1.050000e+01 -5.433489e+01 2.765221e+00
      vertex   -8.500000e+00 -5.633489e+01 4.342371e+00
    endloop
  endfacet
  facet normal 7.071068e-01 7.071068e-01 1.242416e-13
    outer loop
      vertex   -8.500000e+00 -5.633489e+01 4.342371e+00
      vertex   -1.050000e+01 -5.433489e+01 2.765221e+00
      vertex   -1.050000e+01 -5.433489e+01 4.342371e+00
    endloop
  endfacet
  facet normal 0.000000e+00 1.000000e+00 -0.000000e+00
    outer loop
      vertex   8.500000e+00 -5.633489e+01 -5.657629e+00
      vertex   -8.500000e+00 -5.633489e+01 -5.657629e+00
      vertex   8.500000e+00 -5.633489e+01 4.342371e+00
    endloop
  endfacet
  facet normal 0.000000e+00 1.000000e+00 0.000000e+00
    outer loop
      vertex   8.500000e+00 -5.633489e+01 4.342371e+00
      vertex   -8.500000e+00 -5.633489e+01 -5.657629e+00
      vertex   -8.500000e+00 -5.633489e+01 4.342371e+00
    endloop
  endfacet
  facet normal 1.000000e+00 0.000000e+00 0.000000e+00
    outer loop
      vertex   1.250000e+01 -5.633489e+01 -5.857629e+00
      vertex   1.250000e+01 9.620112e+00 -5.857629e+00
      vertex   1.250000e+01 -5.633489e+01 4.342371e+00
    endloop
  endfacet
  facet normal 1.000000e+00 -0.000000e+00 0.000000e+00
    outer loop
      vertex   1.250000e+01 -5.633489e+01 4.342371e+00
      vertex   1.250000e+01 9.620112e+00 -5.857629e+00
      vertex   1.250000e+01 9.620112e+00 4.342371e+00
    endloop
  endfacet
endsolid
